編號,名稱,種族,體力,力量,防禦,速度,魔法,技格,總檔,屬性,技能,卡片,封印,騎乘,出沒,一級出沒,入手方法,入手類型,image,來源
001,虎人,野獸系,22,26,17,19,16,8,100,地3風7,攻擊LV1、防禦LV1,2級普卡,○,○,謎之謎宮、里歐波多洞窟、動物研究室、白之練兵場(藍),動物研究室全域；請參考「暗殺犯追跡(六等勳章)」任務,謎之謎宮、里歐波多洞窟、動物研究室、白之練兵場(藍)；動物研究室全域；請參考「暗殺犯追跡(六等勳章)」任務,捕捉,/img/原生寵物/虎人.gif,[蔚藍幻境](https://cg.skyey.tw/pet/petbook.html) #001
002,貓妖,野獸系,19,24,17,28,17,9,105,水7火3,攻擊LV1、防禦LV1,2級普卡,○,○,謎之謎宮、動物研究室、白之練兵場(藍),動物研究室全域；請參考「暗殺犯追跡(六等勳章)」任務,謎之謎宮、動物研究室、白之練兵場(藍)；動物研究室全域；請參考「暗殺犯追跡(六等勳章)」任務,捕捉,/img/原生寵物/貓妖.gif,[蔚藍幻境](https://cg.skyey.tw/pet/petbook.html) #002
003,羅剎,野獸系,24,25,14,25,20,9,108,水3火7,攻擊LV1、防禦LV1、強火LV1,3級銀卡,○,○,炎之洞窟(頂樓)、詛咒的迷宮地下十一至二十樓、白之練兵場(藍),"詛咒的迷宮地下13樓(25,5)；請參考「戰鬥系階級提昇Ⅲ」任務","炎之洞窟(頂樓)、詛咒的迷宮地下十一至二十樓、白之練兵場(藍)；詛咒的迷宮地下13樓(25,5)；請參考「戰鬥系階級提昇Ⅲ」任務",捕捉,/img/原生寵物/羅剎.gif,[蔚藍幻境](https://cg.skyey.tw/pet/petbook.html) #003
004,貓人,野獸系,23,27,15,26,14,9,105,地5風5,攻擊LV1、防禦LV1、陽炎LV1,3級銀卡,○,○,莎蓮娜東邊洞窟、白之練兵場(藍),莎蓮娜東邊洞窟地下二樓(12.16),莎蓮娜東邊洞窟、白之練兵場(藍)；莎蓮娜東邊洞窟地下二樓(12.16),捕捉,/img/原生寵物/貓人.gif,[蔚藍幻境](https://cg.skyey.tw/pet/petbook.html) #004
005,惡魔貓,野獸系,21,23,12,27,22,9,105,地7風3,攻擊LV1、防禦LV1、強隕LV1,3級銀卡,○,○,莎蓮娜西邊洞窟、白之練兵場(藍),莎蓮娜西邊洞窟傑諾瓦側1樓(15.15)、(14.18),莎蓮娜西邊洞窟、白之練兵場(藍)；莎蓮娜西邊洞窟傑諾瓦側1樓(15.15)、(14.18),捕捉,/img/原生寵物/惡魔貓.gif,[蔚藍幻境](https://cg.skyey.tw/pet/petbook.html) #005
006,妖狐,野獸系,18,30,11,25,26,8,110,水5火5,攻擊LV1、防禦LV1、吸血攻擊LV1,4級銀卡,○,○,佛利波羅島冰之洞窟、白之練兵場(藍),"冰之洞窟二樓(16,24)、(16,23)；請參考「冰雪的牢城」任務","佛利波羅島冰之洞窟、白之練兵場(藍)；冰之洞窟二樓(16,24)、(16,23)；請參考「冰雪的牢城」任務",捕捉,/img/原生寵物/妖狐.gif,[蔚藍幻境](https://cg.skyey.tw/pet/petbook.html) #006
007,穴熊,野獸系,34,34,19,19,14,6,120,地8水2,攻擊LV1、防禦LV1、崩擊LV1,3級普卡,○,○,芙蕾雅島維諾亞洞窟,維諾亞洞窟全域(生產系專用通道無),芙蕾雅島維諾亞洞窟；維諾亞洞窟全域(生產系專用通道無),捕捉,/img/原生寵物/穴熊.gif,[蔚藍幻境](https://cg.skyey.tw/pet/petbook.html) #007
008,赤熊,野獸系,35,36,15,20,14,6,120,火8風2,攻擊LV1、防禦LV1,5級普卡,○,○,尼維爾海村周圍,德威特島尼維爾海村附近(515.469)，需要從法蘭城中央的傳送石到亞諾曼城,尼維爾海村周圍；德威特島尼維爾海村附近(515.469)，需要從法蘭城中央的傳送石到亞諾曼城,捕捉,/img/原生寵物/赤熊.gif,[蔚藍幻境](https://cg.skyey.tw/pet/petbook.html) #008
009,北極熊,野獸系,36,33,22,18,11,6,120,地2水8,攻擊LV1、防禦LV1、乾坤一擲LV1,5級普卡,○,○,莎蓮娜島阿巴尼斯村周邊,阿巴尼斯村外圍(255.182)、(256.191),莎蓮娜島阿巴尼斯村周邊；阿巴尼斯村外圍(255.182)、(256.191),捕捉,/img/原生寵物/北極熊.gif,[蔚藍幻境](https://cg.skyey.tw/pet/petbook.html) #009
010,赤目黑熊,野獸系,33,35,14,22,16,6,120,火2風8,攻擊LV1、防禦LV1、諸刃LV1,6級銀卡,○,○,莎蓮娜島阿斯提亞參道、森之迷宮、白迷宮,"白迷宮3樓(63,150)；請參考「誓言之花」任務、活動「紅利兌換」","莎蓮娜島阿斯提亞參道、森之迷宮、白迷宮；白迷宮3樓(63,150)；請參考「誓言之花」任務、活動「紅利兌換」",捕捉,/img/原生寵物/赤目黑熊.gif,[蔚藍幻境](https://cg.skyey.tw/pet/petbook.html) #010
011,貓熊,野獸系,32,40,18,17,18,7,125,水5火5,攻擊LV1、防禦LV1,7級金卡,○,○,,完成「法蘭樂透彩券」任務隨機取得,完成「法蘭樂透彩券」任務隨機取得,捕捉,/img/原生寵物/貓熊.gif,[蔚藍幻境](https://cg.skyey.tw/pet/petbook.html) #011
012,大地鼠,野獸系,6,13,20,26,35,10,100,地10,攻擊LV1、單隕LV1,1級普卡,○,○,芙蕾雅島聖拉魯卡域、流星山丘山道、大地鼠農場,"芙蕾雅島聖拉魯卡村外(235,203)、(149,219)、(156,197)；請參考「一級點傳送卷」傳送情報","芙蕾雅島聖拉魯卡域、流星山丘山道、大地鼠農場；芙蕾雅島聖拉魯卡村外(235,203)、(149,219)、(156,197)；請參考「一級點傳送卷」傳送情報",捕捉,/img/原生寵物/大地鼠.gif,[蔚藍幻境](https://cg.skyey.tw/pet/petbook.html) #012
013,惡夢鼠,野獸系,4,8,18,33,37,10,100,水10,攻擊LV1、防禦LV1、單冰LV1,2級銀卡,○,○,魔法大學青龍的洞穴、王族用逃脫暗道,"王族用逃脫暗道東方(33,40)；請參考「一級點傳送卷」傳送情報","魔法大學青龍的洞穴、王族用逃脫暗道；王族用逃脫暗道東方(33,40)；請參考「一級點傳送卷」傳送情報",捕捉,/img/原生寵物/惡夢鼠.gif,[蔚藍幻境](https://cg.skyey.tw/pet/petbook.html) #013
014,火焰鼠,野獸系,7,12,15,34,32,10,100,火10,攻擊LV1、防禦LV1、單火LV1,1級普卡,○,○,索奇亞島奇利域、流星山丘山道、尼維爾海村域、炎之洞窟,"晚上時索奇亞島，奇利村近郊(235,326)；請參考「一級點傳送卷」傳送情報","索奇亞島奇利域、流星山丘山道、尼維爾海村域、炎之洞窟；晚上時索奇亞島，奇利村近郊(235,326)；請參考「一級點傳送卷」傳送情報",捕捉,/img/原生寵物/火焰鼠.gif,[蔚藍幻境](https://cg.skyey.tw/pet/petbook.html) #014
015,寶石鼠,野獸系,7,7,22,27,37,10,100,風10,攻擊LV1、防禦LV1、強風LV1,2級銀卡,○,○,法蘭城鏡中的豪宅,"法蘭城鏡中的豪宅一樓(24,6)；請參考「一級點傳送卷」傳送情報","法蘭城鏡中的豪宅；法蘭城鏡中的豪宅一樓(24,6)；請參考「一級點傳送卷」傳送情報",捕捉,/img/原生寵物/寶石鼠.gif,[蔚藍幻境](https://cg.skyey.tw/pet/petbook.html) #015
016,水藍鼠,野獸系,11,15,28,28,33,10,115,地5水5,攻擊LV1、防禦LV1,6級金卡,○,○,巴別塔盡頭,"完成「法蘭樂透彩券」任務隨機取得、巴別塔盡頭(54,21)(55,19)；請參考「一級點傳送卷」傳送情報","巴別塔盡頭；完成「法蘭樂透彩券」任務隨機取得、巴別塔盡頭(54,21)(55,19)；請參考「一級點傳送卷」傳送情報",捕捉,/img/原生寵物/水藍鼠.gif,[蔚藍幻境](https://cg.skyey.tw/pet/petbook.html) #016
017,鼠王,野獸系,15,7,19,32,42,10,115,火5風5,攻擊LV1、防禦LV1,7級金卡,○,○,,鼠王驚奇蛋一等獎、活動「紅利兌換」,鼠王驚奇蛋一等獎、活動「紅利兌換」,捕捉,/img/原生寵物/鼠王.gif,[蔚藍幻境](https://cg.skyey.tw/pet/petbook.html) #017
018,地獄看門犬,野獸系,26,36,12,23,18,7,115,水6火4,攻擊LV1、防禦LV1、連擊LV1,4級普卡,○,○,奇怪的洞窟、里歐波多洞窟、庫魯克斯島魯米那斯村附近,"將LV20以上的地獄看門犬拿到亞留特村(48,37)換取LV1","奇怪的洞窟、里歐波多洞窟、庫魯克斯島魯米那斯村附近；將LV20以上的地獄看門犬拿到亞留特村(48,37)換取LV1",捕捉,/img/原生寵物/地獄看門犬.gif,[蔚藍幻境](https://cg.skyey.tw/pet/petbook.html) #018
019,巨狼,野獸系,22,37,11,25,20,7,115,地6水4,攻擊LV1、防禦LV1,4級普卡,○,○,索奇亞島加納村後面的岬之洞窟、火炎之谷、司雲崖頂的司雲崖、司雲崖洞窟1000M~100M、司雲崖底,"雪拉威森塔77F(84,28)、(87,24)","索奇亞島加納村後面的岬之洞窟、火炎之谷、司雲崖頂的司雲崖、司雲崖洞窟1000M~100M、司雲崖底；雪拉威森塔77F(84,28)、(87,24)",捕捉,/img/原生寵物/巨狼.gif,[蔚藍幻境](https://cg.skyey.tw/pet/petbook.html) #019
020,地獄獵犬,野獸系,24,35,19,22,15,7,115,火6風4,攻擊LV1、防禦LV1,5級銀卡,○,○,詛咒的迷宮地下1~10樓、炎之洞窟、庫魯克斯島,"詛咒的迷宮地下4樓(13,11)；請參考「戰鬥系階級提昇Ⅲ」任務","詛咒的迷宮地下1~10樓、炎之洞窟、庫魯克斯島；詛咒的迷宮地下4樓(13,11)；請參考「戰鬥系階級提昇Ⅲ」任務",捕捉,/img/原生寵物/地獄獵犬.gif,[蔚藍幻境](https://cg.skyey.tw/pet/petbook.html) #020
021,地獄妖犬,野獸系,23,40,13,21,18,7,115,地4風6,攻擊LV1、防禦LV1、諸刃LV1,5級銀卡,○,○,積雪的山道、傑諾瓦鎮域、阿巴尼斯村附域,"莎蓮娜島，傑諾瓦鎮域(119,320)","積雪的山道、傑諾瓦鎮域、阿巴尼斯村附域；莎蓮娜島，傑諾瓦鎮域(119,320)",捕捉,/img/原生寵物/地獄妖犬.gif,[蔚藍幻境](https://cg.skyey.tw/pet/petbook.html) #021
022,殭屍,不死系,37,32,12,12,12,9,105,地4風6,攻擊LV1、諸刃LV1,2級普卡,○,○,黑暗醫生躲藏的家、曖爐之底地下、奇怪的洞窟、阿魯巴斯洞窟、翠格墓園,奇利村域阿魯巴斯洞窟最上層(阿魯巴斯與改牛前的樓梯上去後全區域出現)；請參考「誘拐事件」任務、左鍵雙擊「引魂香」隨機取得；「魔力寶貝點數購」商品,黑暗醫生躲藏的家、曖爐之底地下、奇怪的洞窟、阿魯巴斯洞窟、翠格墓園；奇利村域阿魯巴斯洞窟最上層(阿魯巴斯與改牛前的樓梯上去後全區域出現)；請參考「誘拐事件」任務、左鍵雙擊「引魂香」隨機取得；「魔力寶貝點數購」商品,捕捉,/img/原生寵物/殭屍.gif,[蔚藍幻境](https://cg.skyey.tw/pet/petbook.html) #022
023,喪屍,不死系,34,34,7,15,14,9,104,水6火4,攻擊LV1、防禦LV1,3級銀卡,○,○,阿巴尼斯村域的積雪的山道,"積雪的山道山頂(21,16)；請參考「積雪的山路」任務、左鍵雙擊「引魂香」隨機取得；「魔力寶貝點數購」商品","阿巴尼斯村域的積雪的山道；積雪的山道山頂(21,16)；請參考「積雪的山路」任務、左鍵雙擊「引魂香」隨機取得；「魔力寶貝點數購」商品",捕捉,/img/原生寵物/喪屍.gif,[蔚藍幻境](https://cg.skyey.tw/pet/petbook.html) #023
024,食屍鬼,不死系,32,32,17,7,17,9,105,火6風4,攻擊LV1、防禦LV1、戰慄襲心LV1,2級普卡,○,○,阿魯巴斯洞窟,奇利村域阿魯巴斯洞窟最上層(阿魯巴斯與改牛前的樓梯上去後全區域出現)；請參考「誘拐事件」任務、左鍵雙擊「引魂香」隨機取得；「魔力寶貝點數購」商品,阿魯巴斯洞窟；奇利村域阿魯巴斯洞窟最上層(阿魯巴斯與改牛前的樓梯上去後全區域出現)；請參考「誘拐事件」任務、左鍵雙擊「引魂香」隨機取得；「魔力寶貝點數購」商品,捕捉,/img/原生寵物/食屍鬼.gif,[蔚藍幻境](https://cg.skyey.tw/pet/petbook.html) #024
025,腐屍,不死系,42,37,12,7,7,9,105,地6水4,攻擊LV1、防禦LV1、酒醉攻擊LV1,2級普卡,○,○,黑暗醫生躲藏的家、奇怪的洞窟、阿魯巴斯洞窟,奇利村域阿魯巴斯洞窟最上層(阿魯巴斯與改牛前的樓梯上去後全區域出現)；請參考「誘拐事件」任務、左鍵雙擊「引魂香」隨機取得；「魔力寶貝點數購」商品,黑暗醫生躲藏的家、奇怪的洞窟、阿魯巴斯洞窟；奇利村域阿魯巴斯洞窟最上層(阿魯巴斯與改牛前的樓梯上去後全區域出現)；請參考「誘拐事件」任務、左鍵雙擊「引魂香」隨機取得；「魔力寶貝點數購」商品,捕捉,/img/原生寵物/腐屍.gif,[蔚藍幻境](https://cg.skyey.tw/pet/petbook.html) #025
026,木乃伊,不死系,39,32,14,8,17,8,110,火5風5,攻擊LV1、防禦LV1、酒醉攻擊LV1,4級銀卡,○,○,索奇亞大沙漠的沙漠之祠、魔族通道,"沙漠之祠底層天空看守者前面(13,25)；請參考「砂漠之祠」任務、左鍵雙擊「引魂香」隨機取得；「魔力寶貝點數購」商品","索奇亞大沙漠的沙漠之祠、魔族通道；沙漠之祠底層天空看守者前面(13,25)；請參考「砂漠之祠」任務、左鍵雙擊「引魂香」隨機取得；「魔力寶貝點數購」商品",捕捉,/img/原生寵物/木乃伊.gif,[蔚藍幻境](https://cg.skyey.tw/pet/petbook.html) #026
027,骷髏戰士,不死系,12,27,42,12,17,8,110,地3風7,攻擊LV1、防禦LV1,3級普卡,○,○,羅連斯研究塔、青龍洞窟、翠格墓園、火炎弗利德島,完成「弦音語(將軍塚II)」任務隨機取得、左鍵雙擊「引魂香」隨機取得；「魔力寶貝點數購」商品,羅連斯研究塔、青龍洞窟、翠格墓園、火炎弗利德島；完成「弦音語(將軍塚II)」任務隨機取得、左鍵雙擊「引魂香」隨機取得；「魔力寶貝點數購」商品,捕捉,/img/原生寵物/骷髏戰士.gif,[蔚藍幻境](https://cg.skyey.tw/pet/petbook.html) #027
028,血骷髏,不死系,13,24,41,10,22,8,110,火7風3,攻擊LV1、防禦LV1、戰慄襲心LV1,4級銀卡,○,○,莎蓮娜島蒂娜村海賊海灣,"海賊海灣(16,32)、左鍵雙擊「引魂香」隨機取得；「魔力寶貝點數購」商品","莎蓮娜島蒂娜村海賊海灣；海賊海灣(16,32)、左鍵雙擊「引魂香」隨機取得；「魔力寶貝點數購」商品",捕捉,/img/原生寵物/血骷髏.gif,[蔚藍幻境](https://cg.skyey.tw/pet/petbook.html) #028
029,地獄骷髏,不死系,14,30,40,11,15,8,110,水7火3,攻擊LV1、防禦LV1、乾坤一擲LV1,3級普卡,○,○,索奇亞島沙塵的洞窟、將軍塚,完成「弦音語(將軍塚II)」任務隨機取得、左鍵雙擊「引魂香」隨機取得；「魔力寶貝點數購」商品,索奇亞島沙塵的洞窟、將軍塚；完成「弦音語(將軍塚II)」任務隨機取得、左鍵雙擊「引魂香」隨機取得；「魔力寶貝點數購」商品,捕捉,/img/原生寵物/地獄骷髏.gif,[蔚藍幻境](https://cg.skyey.tw/pet/petbook.html) #029
030,武裝骷髏,不死系,9,26,47,8,20,8,110,地7風3,攻擊LV1、防禦LV1,4級銀卡,○,○,阿斯提亞神殿．齋戒、魔族通道、將軍塚,"齋戒男角色地圖二(63,5)；請參考「開啟者」任務、左鍵雙擊「引魂香」隨機取得；「魔力寶貝點數購」商品","阿斯提亞神殿．齋戒、魔族通道、將軍塚；齋戒男角色地圖二(63,5)；請參考「開啟者」任務、左鍵雙擊「引魂香」隨機取得；「魔力寶貝點數購」商品",捕捉,/img/原生寵物/武裝骷髏.gif,[蔚藍幻境](https://cg.skyey.tw/pet/petbook.html) #030
031,骷髏海盜,不死系,12,29,45,13,16,8,115,地5水5,攻擊LV1、防禦LV1,4級銀卡,○,○,伊姆爾森林後兩層、森之迷宮、魔族通道、魯多特盆地 中部、將軍塚,"魯多特盆地 南部(182,102)、(184,108)、(248,134)(以二連戰方式登場)、活動「紅利兌換」、左鍵雙擊「引魂香」隨機取得；「魔力寶貝點數購」商品","伊姆爾森林後兩層、森之迷宮、魔族通道、魯多特盆地 中部、將軍塚；魯多特盆地 南部(182,102)、(184,108)、(248,134)(以二連戰方式登場)、活動「紅利兌換」、左鍵雙擊「引魂香」隨機取得；「魔力寶貝點數購」商品",捕捉,/img/原生寵物/骷髏海盜.gif,[蔚藍幻境](https://cg.skyey.tw/pet/petbook.html) #031
032,幽靈,不死系,19,18,31,20,27,7,115,地2水8,攻擊LV1、防禦LV1、崩擊LV1,3級普卡,○,○,法蘭城地下靈堂、曖爐地底下、翠格墓園、詛咒的迷宮地下41~49樓、白之練兵場(藍),"詛咒的迷宮地下41樓(7,6)、(8,5)、(7,8)；請參考「戰鬥系階級提昇Ⅲ」任務、完成「(將軍塚I)」任務隨機取得、左鍵雙擊「引魂香」隨機取得；「魔力寶貝點數購」商品","法蘭城地下靈堂、曖爐地底下、翠格墓園、詛咒的迷宮地下41~49樓、白之練兵場(藍)；詛咒的迷宮地下41樓(7,6)、(8,5)、(7,8)；請參考「戰鬥系階級提昇Ⅲ」任務、完成「(將軍塚I)」任務隨機取得、左鍵雙擊「引魂香」隨機取得；「魔力寶貝點數購」商品",捕捉,/img/原生寵物/幽靈.gif,[蔚藍幻境](https://cg.skyey.tw/pet/petbook.html) #032
033,鬼靈,不死系,9,21,27,25,33,7,115,火8風2,攻擊LV1、防禦LV1,5級銀卡,○,○,南恰拉山第一通道、黑色祈禱、峽之洞窟、白之練兵場(藍),"峽之洞窟最下面(74,4)需要做牛鬼的逆襲任務擊倒羅連斯後；請參考「牛鬼的逆襲」任務、左鍵雙擊「引魂香」隨機取得；「魔力寶貝點數購」商品","南恰拉山第一通道、黑色祈禱、峽之洞窟、白之練兵場(藍)；峽之洞窟最下面(74,4)需要做牛鬼的逆襲任務擊倒羅連斯後；請參考「牛鬼的逆襲」任務、左鍵雙擊「引魂香」隨機取得；「魔力寶貝點數購」商品",捕捉,/img/原生寵物/鬼靈.gif,[蔚藍幻境](https://cg.skyey.tw/pet/petbook.html) #033
034,亡靈,不死系,14,27,30,15,29,7,115,火2風8,攻擊LV1、防禦LV1、強風LV1,5級銀卡,○,○,阿斯提亞神殿．齋戒、白之練兵場(藍),"齋戒女角色地圖二(77,88)；請參考「開啟者」任務、左鍵雙擊「引魂香」隨機取得；「魔力寶貝點數購」商品","阿斯提亞神殿．齋戒、白之練兵場(藍)；齋戒女角色地圖二(77,88)；請參考「開啟者」任務、左鍵雙擊「引魂香」隨機取得；「魔力寶貝點數購」商品",捕捉,/img/原生寵物/亡靈.gif,[蔚藍幻境](https://cg.skyey.tw/pet/petbook.html) #034
035,死靈,不死系,10,28,32,17,28,7,115,地8水2,攻擊LV1、防禦LV1、強石LV1,4級普卡,○,○,夜之蒂娜村、閣樓迷宮、白之練兵場(藍),"夜之蒂娜村(32,27)、(20,64)、左鍵雙擊「引魂香」隨機取得；「魔力寶貝點數購」商品","夜之蒂娜村、閣樓迷宮、白之練兵場(藍)；夜之蒂娜村(32,27)、(20,64)、左鍵雙擊「引魂香」隨機取得；「魔力寶貝點數購」商品",捕捉,/img/原生寵物/死靈.gif,[蔚藍幻境](https://cg.skyey.tw/pet/petbook.html) #035
036,小石像怪,飛行系,16,21,11,31,26,9,105,地5水5,攻擊LV1、防禦LV1,1級普卡,○,○,法蘭城里謝里雅堡地下靈堂、米諾基亞村域,靈堂全域,法蘭城里謝里雅堡地下靈堂、米諾基亞村域；靈堂全域,捕捉,/img/原生寵物/小石像怪.gif,[蔚藍幻境](https://cg.skyey.tw/pet/petbook.html) #036
037,使魔,飛行系,21,20,15,27,27,9,110,火7風3,攻擊LV1、防禦LV1,2級普卡,○,○,絕望的古井,完成「死者的戒指」任務隨機取得,絕望的古井；完成「死者的戒指」任務隨機取得,捕捉,/img/原生寵物/使魔.gif,[蔚藍幻境](https://cg.skyey.tw/pet/petbook.html) #037
038,水藍鳥魔,飛行系,22,23,10,25,25,9,105,地3水7,攻擊LV1、防禦LV1、戰慄襲心LV1,3級銀卡,○,○,法蘭城鏡中的豪宅、庫魯克斯島、水曜之域的通道(305.366),"鏡中豪宅2樓(40,25)；請參考「一級點傳送卷」傳送情報","法蘭城鏡中的豪宅、庫魯克斯島、水曜之域的通道(305.366)；鏡中豪宅2樓(40,25)；請參考「一級點傳送卷」傳送情報",捕捉,/img/原生寵物/水藍鳥魔.gif,[蔚藍幻境](https://cg.skyey.tw/pet/petbook.html) #038
039,小惡魔,飛行系,21,20,9,25,30,9,105,地7風3,攻擊LV1、防禦LV1、遺忘攻擊LV1,2級普卡,○,○,索奇亞島奇利村附近、亞諾曼城周邊,"奇利村附近(280,400)","索奇亞島奇利村附近、亞諾曼城周邊；奇利村附近(280,400)",捕捉,/img/原生寵物/小惡魔.gif,[蔚藍幻境](https://cg.skyey.tw/pet/petbook.html) #039
040,迷你石像怪,飛行系,23,19,10,24,29,9,105,火3風7,攻擊LV1、魔法防禦LV1,3級銀卡,○,○,詛咒的迷宮地下31~39樓，51~59樓；阿凱魯法村周邊,"詛咒的迷宮地下35樓(18,5)、(18,8)；請參考「戰鬥系階級提昇Ⅲ」任務","詛咒的迷宮地下31~39樓，51~59樓；阿凱魯法村周邊；詛咒的迷宮地下35樓(18,5)、(18,8)；請參考「戰鬥系階級提昇Ⅲ」任務",捕捉,/img/原生寵物/迷你石像怪.gif,[蔚藍幻境](https://cg.skyey.tw/pet/petbook.html) #040
041,丘比特,飛行系,12,22,7,37,37,9,115,火5風5,攻擊LV1、防禦LV1,7級金卡,○,○,,完成「法蘭樂透彩券」任務隨機取得,完成「法蘭樂透彩券」任務隨機取得,捕捉,/img/原生寵物/丘比特.gif,[蔚藍幻境](https://cg.skyey.tw/pet/petbook.html) #041
042,石像怪,飛行系,14,30,32,22,22,6,120,地9風1,攻擊LV1、防禦LV1,6級銀卡,○,○,光明與黑暗的祭壇、黑白龍城,,光明與黑暗的祭壇、黑白龍城,捕捉,/img/原生寵物/石像怪.gif,[蔚藍幻境](https://cg.skyey.tw/pet/petbook.html) #042
043,血魔,飛行系,13,31,26,25,25,6,120,水1火9,攻擊LV1、防禦LV1,5級普卡,○,○,光明與黑暗的祭壇、黑白龍城,,光明與黑暗的祭壇、黑白龍城,捕捉,/img/原生寵物/血魔.gif,[蔚藍幻境](https://cg.skyey.tw/pet/petbook.html) #043
044,墮天使,飛行系,11,28,28,27,26,6,120,地1水9,攻擊LV1、防禦LV1,6級銀卡,○,○,光明與黑暗的祭壇、黑白龍城、冰雪的牢城,完成「弦音語(將軍塚II)」任務隨機取得,光明與黑暗的祭壇、黑白龍城、冰雪的牢城；完成「弦音語(將軍塚II)」任務隨機取得,捕捉,/img/原生寵物/墮天使.gif,[蔚藍幻境](https://cg.skyey.tw/pet/petbook.html) #044
045,惡魔,飛行系,10,27,26,26,31,6,120,火1風9,攻擊LV1、防禦LV1,5級普卡,○,○,光明與黑暗的祭壇、黑白龍城、冰雪的牢城,完成「弦音語(將軍塚II)」任務隨機取得,光明與黑暗的祭壇、黑白龍城、冰雪的牢城；完成「弦音語(將軍塚II)」任務隨機取得,捕捉,/img/原生寵物/惡魔.gif,[蔚藍幻境](https://cg.skyey.tw/pet/petbook.html) #045
046,小蝙蝠,飛行系,11,26,16,31,21,10,105,地6水4,攻擊LV1、防禦LV1,1級普卡,○,○,亞諾曼城周邊,完成「死者的戒指」任務隨機取得,亞諾曼城周邊；完成「死者的戒指」任務隨機取得,捕捉,/img/原生寵物/小蝙蝠.gif,[蔚藍幻境](https://cg.skyey.tw/pet/petbook.html) #046
047,掃把蝙蝠,飛行系,13,28,12,29,18,10,100,水6火4,攻擊LV1、防禦LV1、戰慄襲心LV1,2級銀卡,○,○,莎蓮娜東邊洞窟地下、司雲崖100M~1000M(31.24)、司雲崖頂(6.28),"莎蓮娜東邊洞窟地下第二個二樓(18,24)；請參考「冰雪的牢城」任務","莎蓮娜東邊洞窟地下、司雲崖100M~1000M(31.24)、司雲崖頂(6.28)；莎蓮娜東邊洞窟地下第二個二樓(18,24)；請參考「冰雪的牢城」任務",捕捉,/img/原生寵物/掃把蝙蝠.gif,[蔚藍幻境](https://cg.skyey.tw/pet/petbook.html) #047
048,迷你蝙蝠,飛行系,11,26,20,27,16,10,100,火6風4,攻擊LV1、防禦LV1,1級普卡,○,○,法蘭城周邊、競技場迷宮、炎之洞窟,法蘭城東門外全域,法蘭城周邊、競技場迷宮、炎之洞窟；法蘭城東門外全域,捕捉,/img/原生寵物/迷你蝙蝠.gif,[蔚藍幻境](https://cg.skyey.tw/pet/petbook.html) #048
049,水果蝙蝠,飛行系,17,25,15,26,17,10,100,地4風6,攻擊LV1、防禦LV1,2級銀卡,○,○,霞之洞窟、里歐波多洞窟、詛咒的迷宮、魯米那斯附近、白迷宮,"白迷宮4樓(43,106)；請參考「誓言之花」任務","霞之洞窟、里歐波多洞窟、詛咒的迷宮、魯米那斯附近、白迷宮；白迷宮4樓(43,106)；請參考「誓言之花」任務",捕捉,/img/原生寵物/水果蝙蝠.gif,[蔚藍幻境](https://cg.skyey.tw/pet/petbook.html) #049
050,惡魔蝙蝠,飛行系,13,34,10,29,24,10,110,水8火2,攻擊LV1、防禦LV1,7級金卡,○,○,,完成「黑白龍城」任務隨機取得,完成「黑白龍城」任務隨機取得,捕捉,/img/原生寵物/惡魔蝙蝠.gif,[蔚藍幻境](https://cg.skyey.tw/pet/petbook.html) #050
051,天使蝙蝠,飛行系,9,22,12,37,30,10,110,地2風8,攻擊LV1、防禦LV1,7級金卡,○,○,萬縷相思結晶路藏愛,完成「黑白龍城」任務隨機取得,萬縷相思結晶路藏愛；完成「黑白龍城」任務隨機取得,捕捉,/img/原生寵物/天使蝙蝠.gif,[蔚藍幻境](https://cg.skyey.tw/pet/petbook.html) #051
052,大蝙蝠,飛行系,23,28,23,28,13,7,115,地7水3,攻擊LV1、吸血攻擊LV1,2級普卡,○,○,暗黑醫生躲藏的家、試練的洞窟、競技場迷宮、白之練兵場(黃),試練的洞窟1~3F全區域出現,暗黑醫生躲藏的家、試練的洞窟、競技場迷宮、白之練兵場(黃)；試練的洞窟1~3F全區域出現,捕捉,/img/原生寵物/大蝙蝠.gif,[蔚藍幻境](https://cg.skyey.tw/pet/petbook.html) #052
053,巨蝙蝠,飛行系,27,30,22,24,12,7,115,火3風7,攻擊LV1、防禦LV1、強風LV1,4級普卡,○,○,佈滿青苔的洞窟、青龍的洞窟、庫德洞窟、白之練兵場(黃)、通往湖心的洞窟、水曜之域,"青龍的洞窟4樓(72,66)；請參考「生產系階級提昇Ⅲ」任務","佈滿青苔的洞窟、青龍的洞窟、庫德洞窟、白之練兵場(黃)、通往湖心的洞窟、水曜之域；青龍的洞窟4樓(72,66)；請參考「生產系階級提昇Ⅲ」任務",捕捉,/img/原生寵物/巨蝙蝠.gif,[蔚藍幻境](https://cg.skyey.tw/pet/petbook.html) #053
054,海蝙蝠,飛行系,18,29,27,30,11,7,115,地3水7,攻擊LV1、防禦LV1、陽炎LV1,4級普卡,○,○,海賊的洞窟、青龍的洞窟之地底湖、白之練兵場(黃)、將軍塚－墓室、司雲崖頂的司雲崖、司雲崖洞窟1000M~100M、司雲崖底,"地底湖地下2樓(42,60)、(44,60)；請參考「生產系階級提昇Ⅲ」任務","海賊的洞窟、青龍的洞窟之地底湖、白之練兵場(黃)、將軍塚－墓室、司雲崖頂的司雲崖、司雲崖洞窟1000M~100M、司雲崖底；地底湖地下2樓(42,60)、(44,60)；請參考「生產系階級提昇Ⅲ」任務",捕捉,/img/原生寵物/海蝙蝠.gif,[蔚藍幻境](https://cg.skyey.tw/pet/petbook.html) #054
055,胖蝙蝠,飛行系,25,24,20,26,20,7,115,火7風3,攻擊LV1、防禦LV1、混亂攻擊LV1,5級銀卡,○,○,通往阿巴尼斯的地下道、庫德洞窟、白之練兵場(黃),"通往阿巴尼斯的地下道(30,46)、(29,44)","通往阿巴尼斯的地下道、庫德洞窟、白之練兵場(黃)；通往阿巴尼斯的地下道(30,46)、(29,44)",捕捉,/img/原生寵物/胖蝙蝠.gif,[蔚藍幻境](https://cg.skyey.tw/pet/petbook.html) #055
056,兔耳蝙蝠,飛行系,21,26,18,31,14,8,110,水5火5,攻擊LV1、防禦LV1,4級銀卡,○,○,莎蓮娜島蒂娜村周邊、封印之塔、白之練兵場(黃),"蒂娜村附近(481,255)","莎蓮娜島蒂娜村周邊、封印之塔、白之練兵場(黃)；蒂娜村附近(481,255)",捕捉,/img/原生寵物/兔耳蝙蝠.gif,[蔚藍幻境](https://cg.skyey.tw/pet/petbook.html) #056
057,藍蠍,昆蟲系,20,27,47,13,8,7,115,水9火1,攻擊LV1、防禦LV1、昏睡攻擊LV1,5級銀卡,○,○,索奇亞島大沙漠,"索奇亞大沙漠加納村域(582,327)(562,367)、左鍵雙擊「水無月之袋」，隨機取得「神秘的蟲卵」購買「浪人の戀」產品包","索奇亞島大沙漠；索奇亞大沙漠加納村域(582,327)(562,367)、左鍵雙擊「水無月之袋」，隨機取得「神秘的蟲卵」購買「浪人の戀」產品包",捕捉,/img/原生寵物/藍蠍.gif,[蔚藍幻境](https://cg.skyey.tw/pet/petbook.html) #057
058,紅蠍,昆蟲系,19,28,42,19,7,7,115,火9風1,攻擊LV1、防禦LV1、昏睡攻擊LV1,4級普卡,○,○,索奇亞島鯰魚洞窟、司雲崖(78.5)、司雲崖100M~1000M(31.24),"鯰魚洞窟地下三樓(26,17)；請參考「鯰魚洞窟」任務、左鍵雙擊「水無月之袋」，隨機取得「神秘的蟲卵」購買「浪人の戀」產品包","索奇亞島鯰魚洞窟、司雲崖(78.5)、司雲崖100M~1000M(31.24)；鯰魚洞窟地下三樓(26,17)；請參考「鯰魚洞窟」任務、左鍵雙擊「水無月之袋」，隨機取得「神秘的蟲卵」購買「浪人の戀」產品包",捕捉,/img/原生寵物/紅蠍.gif,[蔚藍幻境](https://cg.skyey.tw/pet/petbook.html) #058
059,黃蠍,昆蟲系,20,30,43,12,10,7,115,地1風9,攻擊LV1、防禦LV1、石化攻擊LV1,5級銀卡,○,○,索奇亞島大沙漠、將軍塚－墓室,"索奇亞加納村域大沙漠裡(547,349)、左鍵雙擊「水無月之袋」，隨機取得「神秘的蟲卵」購買「浪人の戀」產品包","索奇亞島大沙漠、將軍塚－墓室；索奇亞加納村域大沙漠裡(547,349)、左鍵雙擊「水無月之袋」，隨機取得「神秘的蟲卵」購買「浪人の戀」產品包",捕捉,/img/原生寵物/黃蠍.gif,[蔚藍幻境](https://cg.skyey.tw/pet/petbook.html) #059
060,殺手蠍,昆蟲系,30,29,38,11,7,7,115,地9水1,攻擊LV1、防禦LV1、中毒攻擊LV1,4級普卡,○,○,索奇亞大沙漠的沙漠之祠,"沙漠之祠8樓小廟守護神前面(17,11)、(16,07)；請參考「砂漠之祠」任務、左鍵雙擊「水無月之袋」，隨機取得「神秘的蟲卵」購買「浪人の戀」產品包","索奇亞大沙漠的沙漠之祠；沙漠之祠8樓小廟守護神前面(17,11)、(16,07)；請參考「砂漠之祠」任務、左鍵雙擊「水無月之袋」，隨機取得「神秘的蟲卵」購買「浪人の戀」產品包",捕捉,/img/原生寵物/殺手蠍.gif,[蔚藍幻境](https://cg.skyey.tw/pet/petbook.html) #060
061,殺人蜂,昆蟲系,12,37,12,37,12,8,110,地5風5,攻擊LV1、防禦LV1、吸血攻擊LV1,4級銀卡,○,○,米內葛爾島中部、花之山谷、海邊的山谷,"米內葛爾島的路霸阿德基姆身後(447,356)、左鍵雙擊「水無月之袋」，隨機取得「神秘的蟲卵」購買「浪人の戀」產品包","米內葛爾島中部、花之山谷、海邊的山谷；米內葛爾島的路霸阿德基姆身後(447,356)、左鍵雙擊「水無月之袋」，隨機取得「神秘的蟲卵」購買「浪人の戀」產品包",捕捉,/img/原生寵物/殺人蜂.gif,[蔚藍幻境](https://cg.skyey.tw/pet/petbook.html) #061
062,異型蜂,昆蟲系,14,33,11,35,17,8,110,火5風5,攻擊LV1、防禦LV1、戰慄襲心LV1,3級普卡,○,○,芙蕾雅島維諾亞鎮域、坎那貝拉村周圍、摩頓村西方的出口、種苗培育所、青蓮之路、蓮華之頂,"維諾亞鎮外(428,400)(471,395)(514,382)、左鍵雙擊「水無月之袋」，隨機取得「神秘的蟲卵」購買「浪人の戀」產品包","芙蕾雅島維諾亞鎮域、坎那貝拉村周圍、摩頓村西方的出口、種苗培育所、青蓮之路、蓮華之頂；維諾亞鎮外(428,400)(471,395)(514,382)、左鍵雙擊「水無月之袋」，隨機取得「神秘的蟲卵」購買「浪人の戀」產品包",捕捉,/img/原生寵物/異型蜂.gif,[蔚藍幻境](https://cg.skyey.tw/pet/petbook.html) #062
063,虎頭蜂,昆蟲系,13,40,8,38,11,8,110,地7風3,攻擊LV1、中毒攻擊LV1,4級銀卡,○,○,往烏克蘭的山路入口處、羽音洞窟、星詠的宮殿,"星詠的宮殿地下1F(77,137)；請參考「星詠的宮殿」任務、左鍵雙擊「水無月之袋」，隨機取得「神秘的蟲卵」購買「浪人の戀」產品包、水曜之域；出河底隧道前往翠湖村路上(84.160)附近","往烏克蘭的山路入口處、羽音洞窟、星詠的宮殿；星詠的宮殿地下1F(77,137)；請參考「星詠的宮殿」任務、左鍵雙擊「水無月之袋」，隨機取得「神秘的蟲卵」購買「浪人の戀」產品包、水曜之域；出河底隧道前往翠湖村路上(84.160)附近",捕捉,/img/原生寵物/虎頭蜂.gif,[蔚藍幻境](https://cg.skyey.tw/pet/petbook.html) #063
064,黃蜂,昆蟲系,10,38,13,43,6,8,110,火7風3,攻擊LV1、防禦LV1、混亂攻擊LV1,2級普卡,○,○,芙蕾雅島伊爾村近郊、風之洞窟、砂之弗利德島、絲米蕃茄園,"伊爾村近郊(649,265)、(668,310)、(690,286)、左鍵雙擊「水無月之袋」，隨機取得「神秘的蟲卵」購買「浪人の戀」產品包","芙蕾雅島伊爾村近郊、風之洞窟、砂之弗利德島、絲米蕃茄園；伊爾村近郊(649,265)、(668,310)、(690,286)、左鍵雙擊「水無月之袋」，隨機取得「神秘的蟲卵」購買「浪人の戀」產品包",捕捉,/img/原生寵物/黃蜂.gif,[蔚藍幻境](https://cg.skyey.tw/pet/petbook.html) #064
065,死亡蜂,昆蟲系,7,39,15,41,8,8,110,水7火3,攻擊LV1、中毒攻擊LV1,4級銀卡,○,○,莎蓮娜島傑諾瓦鎮外、德特威島東北,"傑諾瓦鎮後門出村往東過橋左轉(284,372)、左鍵雙擊「水無月之袋」，隨機取得「神秘的蟲卵」購買「浪人の戀」產品包","莎蓮娜島傑諾瓦鎮外、德特威島東北；傑諾瓦鎮後門出村往東過橋左轉(284,372)、左鍵雙擊「水無月之袋」，隨機取得「神秘的蟲卵」購買「浪人の戀」產品包",捕捉,/img/原生寵物/死亡蜂.gif,[蔚藍幻境](https://cg.skyey.tw/pet/petbook.html) #065
066,螳螂,昆蟲系,16,44,22,27,11,6,120,地6風4,攻擊LV1、防禦LV1、連擊LV1,5級普卡,○,○,索奇亞島奇利村外巫師馮奴的家附近、橘園,"索奇亞島馮奴的家附近(292,214)；請參考「一級點傳送卷」傳送情報、左鍵雙擊「水無月之袋」，隨機取得「神秘的蟲卵」購買「浪人の戀」產品包","索奇亞島奇利村外巫師馮奴的家附近、橘園；索奇亞島馮奴的家附近(292,214)；請參考「一級點傳送卷」傳送情報、左鍵雙擊「水無月之袋」，隨機取得「神秘的蟲卵」購買「浪人の戀」產品包",捕捉,/img/原生寵物/螳螂.gif,[蔚藍幻境](https://cg.skyey.tw/pet/petbook.html) #066
067,殺人螳螂,昆蟲系,12,45,20,26,17,6,120,水4火6,攻擊LV1、防禦LV1、諸刃LV1,6級銀卡,○,○,亞諾曼城東北、米內葛爾島布朗山、魯多特盆地,"亞諾曼城東北(297,243)；請參考「一級點傳送卷」傳送情報、魯多特盆地(248,134)、左鍵雙擊「水無月之袋」，隨機取得「神秘的蟲卵」購買「浪人の戀」產品包","亞諾曼城東北、米內葛爾島布朗山、魯多特盆地；亞諾曼城東北(297,243)；請參考「一級點傳送卷」傳送情報、魯多特盆地(248,134)、左鍵雙擊「水無月之袋」，隨機取得「神秘的蟲卵」購買「浪人の戀」產品包",捕捉,/img/原生寵物/殺人螳螂.gif,[蔚藍幻境](https://cg.skyey.tw/pet/petbook.html) #067
068,赤目螳螂,昆蟲系,14,44,19,29,14,6,120,火4風6,攻擊LV1、陽炎LV1、戰慄襲心LV1,6級銀卡,○,○,索奇亞島角笛大風穴、亞諾曼城南門外、庫魯克斯島米諾基亞村至火山路上、艾爾卡斯之家、番茄溫室,"角笛大風穴加納側出口樓梯附近(126,33)(131,29)；請參考「一級點傳送卷」傳送情報、左鍵雙擊「水無月之袋」，隨機取得「神秘的蟲卵」購買「浪人の戀」產品包","索奇亞島角笛大風穴、亞諾曼城南門外、庫魯克斯島米諾基亞村至火山路上、艾爾卡斯之家、番茄溫室；角笛大風穴加納側出口樓梯附近(126,33)(131,29)；請參考「一級點傳送卷」傳送情報、左鍵雙擊「水無月之袋」，隨機取得「神秘的蟲卵」購買「浪人の戀」產品包",捕捉,/img/原生寵物/赤目螳螂.gif,[蔚藍幻境](https://cg.skyey.tw/pet/petbook.html) #068
069,死灰螳螂,昆蟲系,15,40,17,33,15,6,120,水5火5,攻擊LV1、防禦LV1、反擊LV1,6級銀卡,○,○,莎蓮娜島蒂娜村域,"蒂娜村外(454,328)、(457,329)；請參考「一級點傳送卷」傳送情報、左鍵雙擊「水無月之袋」，隨機取得「神秘的蟲卵」購買「浪人の戀」產品包","莎蓮娜島蒂娜村域；蒂娜村外(454,328)、(457,329)；請參考「一級點傳送卷」傳送情報、左鍵雙擊「水無月之袋」，隨機取得「神秘的蟲卵」購買「浪人の戀」產品包",捕捉,/img/原生寵物/死灰螳螂.gif,[蔚藍幻境](https://cg.skyey.tw/pet/petbook.html) #069
070,致命螳螂,昆蟲系,20,43,18,27,12,6,120,地4水6,攻擊LV1、防禦LV1、吸血攻擊LV1,5級普卡,○,○,芙蕾雅島烏克蘭井底之道,"烏克蘭井底通路上層(44,4)；請參考「一級點傳送卷」傳送情報、左鍵雙擊「水無月之袋」，隨機取得「神秘的蟲卵」購買「浪人の戀」產品包","芙蕾雅島烏克蘭井底之道；烏克蘭井底通路上層(44,4)；請參考「一級點傳送卷」傳送情報、左鍵雙擊「水無月之袋」，隨機取得「神秘的蟲卵」購買「浪人の戀」產品包",捕捉,/img/原生寵物/致命螳螂.gif,[蔚藍幻境](https://cg.skyey.tw/pet/petbook.html) #070
071,土蜘蛛,昆蟲系,26,15,18,23,23,9,105,地10,攻擊LV1、防禦LV1,2級普卡,○,○,芙蕾雅島聖拉魯卡村倉庫、牛鬼的洞窟、索奇亞島流星山丘、艾莉的家,牛鬼洞窟頂層打完鬼犬後隨機出現；請參考「牛鬼討伐」任務、左鍵雙擊「水無月之袋」，隨機取得「神秘的蟲卵」購買「浪人の戀」產品包,芙蕾雅島聖拉魯卡村倉庫、牛鬼的洞窟、索奇亞島流星山丘、艾莉的家；牛鬼洞窟頂層打完鬼犬後隨機出現；請參考「牛鬼討伐」任務、左鍵雙擊「水無月之袋」，隨機取得「神秘的蟲卵」購買「浪人の戀」產品包,捕捉,/img/原生寵物/土蜘蛛.gif,[蔚藍幻境](https://cg.skyey.tw/pet/petbook.html) #071
072,水蜘蛛,昆蟲系,24,16,17,20,28,9,105,水10,攻擊LV1、防禦LV1、單冰LV1,3級銀卡,○,○,索奇亞島角笛大風穴,"角笛大風穴(9,31)、左鍵雙擊「水無月之袋」，隨機取得「神秘的蟲卵」購買「浪人の戀」產品包","索奇亞島角笛大風穴；角笛大風穴(9,31)、左鍵雙擊「水無月之袋」，隨機取得「神秘的蟲卵」購買「浪人の戀」產品包",捕捉,/img/原生寵物/水蜘蛛.gif,[蔚藍幻境](https://cg.skyey.tw/pet/petbook.html) #072
073,火蜘蛛,昆蟲系,22,22,16,25,20,9,105,火10,攻擊LV1、防禦LV1、昏睡攻擊LV1,2級普卡,○,○,黑暗醫生躲藏的家、哈巴魯東邊洞窟、試練之洞、流星山丘、將軍塚－墓室,試煉之洞窟3-5F全域、左鍵雙擊「水無月之袋」，隨機取得「神秘的蟲卵」購買「浪人の戀」產品包,黑暗醫生躲藏的家、哈巴魯東邊洞窟、試練之洞、流星山丘、將軍塚－墓室；試煉之洞窟3-5F全域、左鍵雙擊「水無月之袋」，隨機取得「神秘的蟲卵」購買「浪人の戀」產品包,捕捉,/img/原生寵物/火蜘蛛.gif,[蔚藍幻境](https://cg.skyey.tw/pet/petbook.html) #073
074,風蜘蛛,昆蟲系,25,28,15,19,18,9,105,風10,攻擊LV1、中毒攻擊LV1,3級銀卡,○,○,索奇亞島沙塵之洞、風之洞窟、芙蕾雅島迷路之穴、雪拉威森塔、哈那可半島、種苗培育所,"雪拉威森塔65F(72,111)、哈那可半島(55,197)、左鍵雙擊「水無月之袋」，隨機取得「神秘的蟲卵」購買「浪人の戀」產品包","索奇亞島沙塵之洞、風之洞窟、芙蕾雅島迷路之穴、雪拉威森塔、哈那可半島、種苗培育所；雪拉威森塔65F(72,111)、哈那可半島(55,197)、左鍵雙擊「水無月之袋」，隨機取得「神秘的蟲卵」購買「浪人の戀」產品包",捕捉,/img/原生寵物/風蜘蛛.gif,[蔚藍幻境](https://cg.skyey.tw/pet/petbook.html) #074
075,樹精,植物系,32,17,32,12,17,8,110,水4火6,攻擊LV1、防禦LV1,2級普卡,○,○,法蘭城往伊爾村的橋附近、米內葛爾島坎那貝拉村域、德威特島南門外、殷紅的山谷、彩葉原,"法蘭城通往伊爾村的路上(561,211)、完成「夜空飛行」任務隨機取得、完成「水晶花(巨花物語3)」任務隨機取得、左鍵雙擊「水無月之袋」，隨機取得「神奇小花苗」；購買「浪人の戀」產品包","法蘭城往伊爾村的橋附近、米內葛爾島坎那貝拉村域、德威特島南門外、殷紅的山谷、彩葉原；法蘭城通往伊爾村的路上(561,211)、完成「夜空飛行」任務隨機取得、完成「水晶花(巨花物語3)」任務隨機取得、左鍵雙擊「水無月之袋」，隨機取得「神奇小花苗」；購買「浪人の戀」產品包",捕捉,/img/原生寵物/樹精.gif,[蔚藍幻境](https://cg.skyey.tw/pet/petbook.html) #075
076,死亡樹精,植物系,28,20,37,9,16,8,110,地6水4,攻擊LV1、防禦LV1,4級銀卡,○,○,莎蓮娜島傑諾瓦鎮東門出去往蒂娜村路上、火炎弗利德島、日曜之城、朝日山,"傑諾瓦鎮東門出去往蒂娜村路上(361,339)、完成「夜空飛行」任務隨機取得、完成「水晶花(巨花物語3)」任務隨機取得、左鍵雙擊「水無月之袋」，隨機取得「神奇小花苗」；購買「浪人の戀」產品包","莎蓮娜島傑諾瓦鎮東門出去往蒂娜村路上、火炎弗利德島、日曜之城、朝日山；傑諾瓦鎮東門出去往蒂娜村路上(361,339)、完成「夜空飛行」任務隨機取得、完成「水晶花(巨花物語3)」任務隨機取得、左鍵雙擊「水無月之袋」，隨機取得「神奇小花苗」；購買「浪人の戀」產品包",捕捉,/img/原生寵物/死亡樹精.gif,[蔚藍幻境](https://cg.skyey.tw/pet/petbook.html) #076
077,黃金樹精,植物系,38,22,28,10,17,8,115,地4風6,攻擊LV1、防禦LV1,7級金卡,○,○,蓮華之頂、紅蓮之路,"以LV20(含以上)快枯死的樹精到索奇亞島""飼養師寄宿所""換取、完成「夜空飛行」任務隨機取得、完成「水晶花(巨花物語3)」任務隨機取得、左鍵雙擊「水無月之袋」，隨機取得「神奇小花苗」；購買「浪人の戀」產品包","蓮華之頂、紅蓮之路；以LV20(含以上)快枯死的樹精到索奇亞島""飼養師寄宿所""換取、完成「夜空飛行」任務隨機取得、完成「水晶花(巨花物語3)」任務隨機取得、左鍵雙擊「水無月之袋」，隨機取得「神奇小花苗」；購買「浪人の戀」產品包",捕捉,/img/原生寵物/黃金樹精.gif,[蔚藍幻境](https://cg.skyey.tw/pet/petbook.html) #077
078,慘白樹精,植物系,29,16,28,17,20,8,110,火3風7,攻擊LV1、防禦LV1,4級銀卡,○,○,莎蓮娜島傑諾瓦鎮至蒂娜村域、戴克斯特山脈、弗利德島,"蒂娜村外(559,246)、完成「夜空飛行」任務隨機取得、完成「水晶花(巨花物語3)」任務隨機取得、左鍵雙擊「水無月之袋」，隨機取得「神奇小花苗」；購買「浪人の戀」產品包","莎蓮娜島傑諾瓦鎮至蒂娜村域、戴克斯特山脈、弗利德島；蒂娜村外(559,246)、完成「夜空飛行」任務隨機取得、完成「水晶花(巨花物語3)」任務隨機取得、左鍵雙擊「水無月之袋」，隨機取得「神奇小花苗」；購買「浪人の戀」產品包",捕捉,/img/原生寵物/慘白樹精.gif,[蔚藍幻境](https://cg.skyey.tw/pet/petbook.html) #078
079,冰冷樹精,植物系,30,15,27,16,22,8,110,水7火3,攻擊LV1、防禦LV1,3級普卡,○,○,芙蕾雅島亞留特村域、奴克冰原、史萊姆的臨時住所、魔法大學,亞留特村周邊到處可以遇到、完成「夜空飛行」任務隨機取得、完成「水晶花(巨花物語3)」任務隨機取得、左鍵雙擊「水無月之袋」，隨機取得「神奇小花苗」；購買「浪人の戀」產品包,芙蕾雅島亞留特村域、奴克冰原、史萊姆的臨時住所、魔法大學；亞留特村周邊到處可以遇到、完成「夜空飛行」任務隨機取得、完成「水晶花(巨花物語3)」任務隨機取得、左鍵雙擊「水無月之袋」，隨機取得「神奇小花苗」；購買「浪人の戀」產品包,捕捉,/img/原生寵物/冰冷樹精.gif,[蔚藍幻境](https://cg.skyey.tw/pet/petbook.html) #079
080,沼澤樹精,植物系,31,14,29,15,21,8,110,地7水3,攻擊LV1、防禦LV1,4級銀卡,○,○,米內葛爾島阿凱魯法村域、雲霧之湖,"米內葛爾島(171,385)、完成「夜空飛行」任務隨機取得、完成「水晶花(巨花物語3)」任務隨機取得、左鍵雙擊「水無月之袋」，隨機取得「神奇小花苗」；購買「浪人の戀」產品包","米內葛爾島阿凱魯法村域、雲霧之湖；米內葛爾島(171,385)、完成「夜空飛行」任務隨機取得、完成「水晶花(巨花物語3)」任務隨機取得、左鍵雙擊「水無月之袋」，隨機取得「神奇小花苗」；購買「浪人の戀」產品包",捕捉,/img/原生寵物/沼澤樹精.gif,[蔚藍幻境](https://cg.skyey.tw/pet/petbook.html) #080
081,妖草,植物系,26,11,16,16,36,9,105,地8水2,攻擊LV1、防禦LV1,2級普卡,○,○,芙蕾雅島維諾亞鎮域、土之洞窟、米內葛爾島中部,"維諾亞鎮附近(471,395)、(422,357)、(490,392)、左鍵雙擊「水無月之袋」，隨機取得「神奇小花苗」；購買「浪人の戀」產品包","芙蕾雅島維諾亞鎮域、土之洞窟、米內葛爾島中部；維諾亞鎮附近(471,395)、(422,357)、(490,392)、左鍵雙擊「水無月之袋」，隨機取得「神奇小花苗」；購買「浪人の戀」產品包",捕捉,/img/原生寵物/妖草.gif,[蔚藍幻境](https://cg.skyey.tw/pet/petbook.html) #081
082,蔓陀羅草,植物系,25,13,14,15,38,9,105,地5風5,攻擊LV1、防禦LV1,3級銀卡,○,○,莎蓮娜島傑諾瓦鎮域、米內葛爾島布朗山、烏克蘭、將軍塚,"傑諾瓦鎮附近(281,489)、左鍵雙擊「水無月之袋」，隨機取得「神奇小花苗」；購買「浪人の戀」產品包","莎蓮娜島傑諾瓦鎮域、米內葛爾島布朗山、烏克蘭、將軍塚；傑諾瓦鎮附近(281,489)、左鍵雙擊「水無月之袋」，隨機取得「神奇小花苗」；購買「浪人の戀」產品包",捕捉,/img/原生寵物/蔓陀羅草.gif,[蔚藍幻境](https://cg.skyey.tw/pet/petbook.html) #082
083,妖花,植物系,27,12,12,19,35,9,105,火5風5,攻擊LV1、防禦LV1,2級普卡,○,○,砂之弗利德島、將軍塚、種苗培育所,完成「再生花園」任務取得、左鍵雙擊「水無月之袋」，隨機取得「神奇小花苗」；購買「浪人の戀」產品包,砂之弗利德島、將軍塚、種苗培育所；完成「再生花園」任務取得、左鍵雙擊「水無月之袋」，隨機取得「神奇小花苗」；購買「浪人の戀」產品包,捕捉,/img/原生寵物/妖花.gif,[蔚藍幻境](https://cg.skyey.tw/pet/petbook.html) #083
084,人魔草,植物系,22,17,11,14,41,9,105,水8火2,攻擊LV1、防禦LV1,3級銀卡,○,○,傑諾瓦鎮域的阿斯提亞參道、鬼掌密林、白迷宮、將軍塚、大地鼠農場,"完成「彩葉草之戀」任務隨機取得、白迷宮4樓(43,106)、左鍵雙擊「水無月之袋」，隨機取得「神奇小花苗」；購買「浪人の戀」產品包","傑諾瓦鎮域的阿斯提亞參道、鬼掌密林、白迷宮、將軍塚、大地鼠農場；完成「彩葉草之戀」任務隨機取得、白迷宮4樓(43,106)、左鍵雙擊「水無月之袋」，隨機取得「神奇小花苗」；購買「浪人の戀」產品包",捕捉,/img/原生寵物/人魔草.gif,[蔚藍幻境](https://cg.skyey.tw/pet/petbook.html) #084
085,綠色口臭鬼,植物系,38,23,16,15,23,7,115,地9風1,攻擊LV1、防禦LV1,4級普卡,○,○,莎蓮娜海底洞窟、米內葛爾島中部、將軍塚－墓室、雲煙山嶺,"完成「南國巨花(巨花物語1)」任務隨機取得、莎蓮娜海底洞穴聖拉魯卡村側一樓(9,12)、浮空島(131,42)、左鍵雙擊「水無月之袋」，隨機取得「神奇小花苗」；購買「浪人の戀」產品包","莎蓮娜海底洞窟、米內葛爾島中部、將軍塚－墓室、雲煙山嶺；完成「南國巨花(巨花物語1)」任務隨機取得、莎蓮娜海底洞穴聖拉魯卡村側一樓(9,12)、浮空島(131,42)、左鍵雙擊「水無月之袋」，隨機取得「神奇小花苗」；購買「浪人の戀」產品包",捕捉,/img/原生寵物/綠色口臭鬼.gif,[蔚藍幻境](https://cg.skyey.tw/pet/petbook.html) #085
086,黃色口臭鬼,植物系,37,27,18,11,22,7,115,地1風9,攻擊LV1、防禦LV1,4級普卡,○,○,芙蕾雅島維諾亞鎮域、阿凱魯法村附近、將軍塚,"完成「南國巨花(巨花物語1)」任務隨機取得、維諾亞村附近(408,561)、(346,514)、完成「向陽的花谷」任務隨機取得、左鍵雙擊「水無月之袋」，隨機取得「神奇小花苗」；購買「浪人の戀」產品包","芙蕾雅島維諾亞鎮域、阿凱魯法村附近、將軍塚；完成「南國巨花(巨花物語1)」任務隨機取得、維諾亞村附近(408,561)、(346,514)、完成「向陽的花谷」任務隨機取得、左鍵雙擊「水無月之袋」，隨機取得「神奇小花苗」；購買「浪人の戀」產品包",捕捉,/img/原生寵物/黃色口臭鬼.gif,[蔚藍幻境](https://cg.skyey.tw/pet/petbook.html) #086
087,藍色口臭鬼,植物系,35,25,15,18,27,7,120,水9火1,攻擊LV1、防禦LV1,5級銀卡,○,○,索奇亞島加納村域鯰魚大王的身體裡、亞諾曼城周邊、米內葛爾島中部,"完成「南國巨花(巨花物語1)」任務隨機取得、鯰魚大王的胃(59,41)；請參考「鯰魚洞窟」任務、左鍵雙擊「水無月之袋」，隨機取得「神奇小花苗」；購買「浪人の戀」產品包","索奇亞島加納村域鯰魚大王的身體裡、亞諾曼城周邊、米內葛爾島中部；完成「南國巨花(巨花物語1)」任務隨機取得、鯰魚大王的胃(59,41)；請參考「鯰魚洞窟」任務、左鍵雙擊「水無月之袋」，隨機取得「神奇小花苗」；購買「浪人の戀」產品包",捕捉,/img/原生寵物/藍色口臭鬼.gif,[蔚藍幻境](https://cg.skyey.tw/pet/petbook.html) #087
088,紅色口臭鬼,植物系,44,21,14,12,29,7,120,水1火9,攻擊LV1、防禦LV1,5級銀卡,○,○,德威特島尼維爾海村域、大樹、將軍塚,"完成「南國巨花(巨花物語1)」任務隨機取得、尼維爾海村附近(460,350)、左鍵雙擊「水無月之袋」，隨機取得「神奇小花苗」；購買「浪人の戀」產品包","德威特島尼維爾海村域、大樹、將軍塚；完成「南國巨花(巨花物語1)」任務隨機取得、尼維爾海村附近(460,350)、左鍵雙擊「水無月之袋」，隨機取得「神奇小花苗」；購買「浪人の戀」產品包",捕捉,/img/原生寵物/紅色口臭鬼.gif,[蔚藍幻境](https://cg.skyey.tw/pet/petbook.html) #088
089,凶暴仙人掌,植物系,27,29,22,12,20,8,110,地5風5,攻擊LV1、防禦LV1,3級普卡,○,○,莎蓮娜島阿巴尼斯村域詛咒的迷宮41~50樓,"完成「夕豔之花(巨花物語2)」任務隨機取得、詛咒的迷宮地下41樓(10,20)；請參考「戰鬥系階級提昇Ⅲ」任務、左鍵雙擊「水無月之袋」，隨機取得「神奇小花苗」；購買「浪人の戀」產品包","莎蓮娜島阿巴尼斯村域詛咒的迷宮41~50樓；完成「夕豔之花(巨花物語2)」任務隨機取得、詛咒的迷宮地下41樓(10,20)；請參考「戰鬥系階級提昇Ⅲ」任務、左鍵雙擊「水無月之袋」，隨機取得「神奇小花苗」；購買「浪人の戀」產品包",捕捉,/img/原生寵物/凶暴仙人掌.gif,[蔚藍幻境](https://cg.skyey.tw/pet/petbook.html) #089
090,武術仙人掌,植物系,24,32,27,10,17,8,110,地5水5,攻擊LV1、防禦LV1,4級銀卡,○,○,索奇亞島大沙漠,"完成「夕豔之花(巨花物語2)」任務隨機取得、索奇亞島大沙漠(552,400)、(562,367)、左鍵雙擊「水無月之袋」，隨機取得「神奇小花苗」；購買「浪人の戀」產品包","索奇亞島大沙漠；完成「夕豔之花(巨花物語2)」任務隨機取得、索奇亞島大沙漠(552,400)、(562,367)、左鍵雙擊「水無月之袋」，隨機取得「神奇小花苗」；購買「浪人の戀」產品包",捕捉,/img/原生寵物/武術仙人掌.gif,[蔚藍幻境](https://cg.skyey.tw/pet/petbook.html) #090
091,兔耳仙人掌,植物系,28,35,19,14,14,8,110,火5風5,攻擊LV1、防禦LV1,4級銀卡,○,○,索奇亞島大沙漠,"完成「夕豔之花(巨花物語2)」任務隨機取得、索奇亞島大沙漠(627,302)、左鍵雙擊「水無月之袋」，隨機取得「神奇小花苗」；購買「浪人の戀」產品包","索奇亞島大沙漠；完成「夕豔之花(巨花物語2)」任務隨機取得、索奇亞島大沙漠(627,302)、左鍵雙擊「水無月之袋」，隨機取得「神奇小花苗」；購買「浪人の戀」產品包",捕捉,/img/原生寵物/兔耳仙人掌.gif,[蔚藍幻境](https://cg.skyey.tw/pet/petbook.html) #091
092,印地安仙人掌,植物系,26,36,24,9,15,8,110,水5火5,攻擊LV1、防禦LV1,3級普卡,○,○,索奇亞島奇利村東側出口外,"完成「夕豔之花(巨花物語2)」任務隨機取得、索奇亞島奇利村域(343,312)、(306,329)、左鍵雙擊「水無月之袋」，隨機取得「神奇小花苗」；購買「浪人の戀」產品包","索奇亞島奇利村東側出口外；完成「夕豔之花(巨花物語2)」任務隨機取得、索奇亞島奇利村域(343,312)、(306,329)、左鍵雙擊「水無月之袋」，隨機取得「神奇小花苗」；購買「浪人の戀」產品包",捕捉,/img/原生寵物/印地安仙人掌.gif,[蔚藍幻境](https://cg.skyey.tw/pet/petbook.html) #092
093,火焰舞者,植物系,19,38,18,15,25,8,115,水2火8,攻擊LV1、防禦LV1,5級金卡,○,○,,用鯰魚大王的東西和加納村的大鯰魚王研究家換取；請參考「鯰魚洞窟」任務、完成「火焰的記憶」任務隨機取得、完成「夕豔之花(巨花物語2)」任務隨機取得、左鍵雙擊「水無月之袋」，隨機取得「神奇小花苗」；購買「浪人の戀」產品包,用鯰魚大王的東西和加納村的大鯰魚王研究家換取；請參考「鯰魚洞窟」任務、完成「火焰的記憶」任務隨機取得、完成「夕豔之花(巨花物語2)」任務隨機取得、左鍵雙擊「水無月之袋」，隨機取得「神奇小花苗」；購買「浪人の戀」產品包,捕捉,/img/原生寵物/火焰舞者.gif,[蔚藍幻境](https://cg.skyey.tw/pet/petbook.html) #093
094,史萊姆,特殊系,46,26,11,6,16,9,105,地7風3,攻擊LV1、防禦LV1,1級普卡,○,○,法蘭城龜裂的地下道、佈滿青苔的洞窟、哈巴魯東邊洞窟、白之練兵場(黃)、通往湖心的洞窟、環山之頂的？？？(第二層),法蘭城修理工波利的家中，龜裂的地下道全域,法蘭城龜裂的地下道、佈滿青苔的洞窟、哈巴魯東邊洞窟、白之練兵場(黃)、通往湖心的洞窟、環山之頂的？？？(第二層)；法蘭城修理工波利的家中，龜裂的地下道全域,捕捉,/img/原生寵物/史萊姆.gif,[蔚藍幻境](https://cg.skyey.tw/pet/petbook.html) #094
095,液態史萊姆,特殊系,49,24,15,5,12,9,105,地1水9,攻擊LV1、明鏡止水LV1,2級普卡,○,○,法蘭城龜裂的地下道、迷之迷宮、科學家的牢房、白之練兵場(黃)、水曜之域的通道(343.211),法蘭城修理工波利的家中龜裂的地下道 NPC形式出現,法蘭城龜裂的地下道、迷之迷宮、科學家的牢房、白之練兵場(黃)、水曜之域的通道(343.211)；法蘭城修理工波利的家中龜裂的地下道 NPC形式出現,捕捉,/img/原生寵物/液態史萊姆.gif,[蔚藍幻境](https://cg.skyey.tw/pet/petbook.html) #095
096,果凍史萊姆,特殊系,45,31,6,10,13,9,105,水1火9,攻擊LV1、防禦LV1、吸血攻擊LV1,3級銀卡,○,○,莎蓮娜海底洞窟、炎之洞窟、科學家的牢房、奇怪的坑道、白之練兵場(黃)、日曜之城、雲霧之湖、旭日山,"莎蓮娜海底洞窟傑諾瓦鎮側一樓(7,8)","莎蓮娜海底洞窟、炎之洞窟、科學家的牢房、奇怪的坑道、白之練兵場(黃)、日曜之城、雲霧之湖、旭日山；莎蓮娜海底洞窟傑諾瓦鎮側一樓(7,8)",捕捉,/img/原生寵物/果凍史萊姆.gif,[蔚藍幻境](https://cg.skyey.tw/pet/petbook.html) #096
097,布丁史萊姆,特殊系,40,25,12,8,20,9,105,火1風9,攻擊LV1、防禦LV1、混亂攻擊LV1,3級銀卡,○,○,鯰魚大王身體裡、迷之迷宮、科學家的牢房、王族的通道、白之練兵場(黃),"鯰魚大王的胃(97,84)；請參考「鯰魚洞窟」任務","鯰魚大王身體裡、迷之迷宮、科學家的牢房、王族的通道、白之練兵場(黃)；鯰魚大王的胃(97,84)；請參考「鯰魚洞窟」任務",捕捉,/img/原生寵物/布丁史萊姆.gif,[蔚藍幻境](https://cg.skyey.tw/pet/petbook.html) #097
098,火精,特殊系,25,25,25,25,25,9,125,火10,攻擊LV1、防禦LV1、強隕LV1,6級金卡,○,○,,完成「法蘭樂透彩券」任務隨機取得、活動「魔力拉霸」,完成「法蘭樂透彩券」任務隨機取得、活動「魔力拉霸」,捕捉,/img/原生寵物/火精.gif,[蔚藍幻境](https://cg.skyey.tw/pet/petbook.html) #098
099,風精,特殊系,25,25,25,25,25,9,125,風10,攻擊LV1、防禦LV1、強冰LV1,6級金卡,○,○,,完成「法蘭樂透彩券」任務隨機取得、活動「魔力拉霸」,完成「法蘭樂透彩券」任務隨機取得、活動「魔力拉霸」,捕捉,/img/原生寵物/風精.gif,[蔚藍幻境](https://cg.skyey.tw/pet/petbook.html) #099
100,水精,特殊系,25,25,25,25,25,9,125,水10,攻擊LV1、強火LV1,6級金卡,○,○,,完成「法蘭樂透彩券」任務隨機取得、活動「魔力拉霸」,完成「法蘭樂透彩券」任務隨機取得、活動「魔力拉霸」,捕捉,/img/原生寵物/水精.gif,[蔚藍幻境](https://cg.skyey.tw/pet/petbook.html) #100
101,地精,特殊系,25,25,25,25,25,9,125,地10,攻擊LV1、防禦LV1、強風LV1,6級金卡,○,○,蓮華之道,完成「法蘭樂透彩券」任務隨機取得、活動「魔力拉霸」,蓮華之道；完成「法蘭樂透彩券」任務隨機取得、活動「魔力拉霸」,捕捉,/img/原生寵物/地精.gif,[蔚藍幻境](https://cg.skyey.tw/pet/petbook.html) #101
102,頑皮炸彈,特殊系,15,15,15,15,40,10,100,地8水2,攻擊LV1、防禦LV1,1級普卡,○,○,米內葛爾島南恰拉山第一通道、土之洞窟、環山之頂的？？？(第一層),"南恰拉山第一通道(35,5)、(33,5)、完成「鬼之烏克蘭」任務隨機取得","米內葛爾島南恰拉山第一通道、土之洞窟、環山之頂的？？？(第一層)；南恰拉山第一通道(35,5)、(33,5)、完成「鬼之烏克蘭」任務隨機取得",捕捉,/img/原生寵物/頑皮炸彈.gif,[蔚藍幻境](https://cg.skyey.tw/pet/petbook.html) #102
103,寶貝炸彈,特殊系,14,17,11,16,42,10,100,水8火2,攻擊LV1、防禦LV1,2級銀卡,○,○,芙蕾雅島霞之洞窟、里歐波多洞窟、詛咒的迷宮31至40樓,"詛咒的迷宮地下36樓(22,5)；請參考「戰鬥系階級提昇Ⅲ」任務","芙蕾雅島霞之洞窟、里歐波多洞窟、詛咒的迷宮31至40樓；詛咒的迷宮地下36樓(22,5)；請參考「戰鬥系階級提昇Ⅲ」任務",捕捉,/img/原生寵物/寶貝炸彈.gif,[蔚藍幻境](https://cg.skyey.tw/pet/petbook.html) #103
104,大炸彈,特殊系,12,20,14,14,40,10,100,火8風2,攻擊LV1、防禦LV1,2級銀卡,○,○,貝茲雷姆迷宮、貝尼恰斯火山外圍、雪拉威森塔、日曜之城,"雪拉威森塔39F(96,127)、日耀之域(667,174)","貝茲雷姆迷宮、貝尼恰斯火山外圍、雪拉威森塔、日曜之城；雪拉威森塔39F(96,127)、日耀之域(667,174)",捕捉,/img/原生寵物/大炸彈.gif,[蔚藍幻境](https://cg.skyey.tw/pet/petbook.html) #104
105,漂浮炸彈,特殊系,16,14,14,17,39,10,100,地2風8,攻擊LV1、防禦LV1,1級普卡,○,○,法蘭城地下靈堂、風之洞窟、競技場的迷宮、殷紅的山谷、彩葉原、將軍塚－墓室、水曜之域,"競技場的迷宮地圖一(53,43)、彩葉園吊橋守衛之前(47,29)；請參考「彩葉草之戀」任務、完成「弦音語(將軍塚II)」任務隨機取得","法蘭城地下靈堂、風之洞窟、競技場的迷宮、殷紅的山谷、彩葉原、將軍塚－墓室、水曜之域；競技場的迷宮地圖一(53,43)、彩葉園吊橋守衛之前(47,29)；請參考「彩葉草之戀」任務、完成「弦音語(將軍塚II)」任務隨機取得",捕捉,/img/原生寵物/漂浮炸彈.gif,[蔚藍幻境](https://cg.skyey.tw/pet/petbook.html) #105
106,丸子炸彈,特殊系,17,17,7,17,47,10,105,地5風5,攻擊LV1、防禦LV1,7級金卡,○,○,,完成「法蘭樂透彩券」任務隨機取得,完成「法蘭樂透彩券」任務隨機取得,捕捉,/img/原生寵物/丸子炸彈.gif,[蔚藍幻境](https://cg.skyey.tw/pet/petbook.html) #106
111,血腥之刃,金屬系,9,39,34,14,24,6,120,地9水1,攻擊LV1、防禦LV1,6銀卡,○,○,黑色的祈禱、庫德洞窟、詛咒的迷宮第11至20樓,"詛咒的迷宮第18樓(22,12)；請參考「戰鬥系階級提昇Ⅲ」任務、左鍵雙擊「超合金」隨機取得；「魔力寶貝點數購」商品","黑色的祈禱、庫德洞窟、詛咒的迷宮第11至20樓；詛咒的迷宮第18樓(22,12)；請參考「戰鬥系階級提昇Ⅲ」任務、左鍵雙擊「超合金」隨機取得；「魔力寶貝點數購」商品",捕捉,/img/原生寵物/血腥之刃.gif,[蔚藍幻境](https://cg.skyey.tw/pet/petbook.html) #111
112,殺龍之刃,金屬系,17,37,41,11,19,6,125,水9火1,攻擊LV1、防禦LV1,5級普卡,○,○,巴洛斯島六耀之塔內部、庫德洞窟、白迷宮,"白迷宮3樓(63,150)；請參考「誓言之花」任務、完成「永恆之都」任務隨機取得、左鍵雙擊「超合金」隨機取得；「魔力寶貝點數購」商品","巴洛斯島六耀之塔內部、庫德洞窟、白迷宮；白迷宮3樓(63,150)；請參考「誓言之花」任務、完成「永恆之都」任務隨機取得、左鍵雙擊「超合金」隨機取得；「魔力寶貝點數購」商品",捕捉,/img/原生寵物/殺龍之刃.gif,[蔚藍幻境](https://cg.skyey.tw/pet/petbook.html) #112
113,火焰之刃,金屬系,10,39,28,12,31,6,120,火9風1,攻擊LV1、單火LV1,5級普卡,○,○,齋戒男性角色路線,"齋戒地圖三男性路線(17,16)；請參考「開啟者」任務、左鍵雙擊「超合金」隨機取得；「魔力寶貝點數購」商品","齋戒男性角色路線；齋戒地圖三男性路線(17,16)；請參考「開啟者」任務、左鍵雙擊「超合金」隨機取得；「魔力寶貝點數購」商品",捕捉,/img/原生寵物/火焰之刃.gif,[蔚藍幻境](https://cg.skyey.tw/pet/petbook.html) #113
114,烈風之刃,金屬系,12,44,29,13,27,6,125,地1風9,攻擊LV1、防禦LV1、強風LV1,6銀卡,○,○,巴洛斯島六耀之塔內部、閣樓迷宮、星詠的宮殿,"星詠的宮殿地下1F(123,137)；請參考「星詠的宮殿」任務、完成「永恆之都」任務隨機取得、左鍵雙擊「超合金」隨機取得；「魔力寶貝點數購」商品","巴洛斯島六耀之塔內部、閣樓迷宮、星詠的宮殿；星詠的宮殿地下1F(123,137)；請參考「星詠的宮殿」任務、完成「永恆之都」任務隨機取得、左鍵雙擊「超合金」隨機取得；「魔力寶貝點數購」商品",捕捉,/img/原生寵物/烈風之刃.gif,[蔚藍幻境](https://cg.skyey.tw/pet/petbook.html) #114
115,嚇人箱,金屬系,11,26,26,11,31,9,105,火2風8,攻擊LV1、防禦LV1、混亂攻擊LV1,2普卡,○,○,開啟寶箱後隨機出現，目前補捉等級最低只有LV3，芙蕾雅島哥布林之家、霞之洞窟出現,魔力拉霸活動、完成「黃金迷宮」隨機取得、收穫祭迷宮、左鍵雙擊「超合金」隨機取得；「魔力寶貝點數購」商品,開啟寶箱後隨機出現，目前補捉等級最低只有LV3，芙蕾雅島哥布林之家、霞之洞窟出現；魔力拉霸活動、完成「黃金迷宮」隨機取得、收穫祭迷宮、左鍵雙擊「超合金」隨機取得；「魔力寶貝點數購」商品,捕捉,/img/原生寵物/嚇人箱.gif,[蔚藍幻境](https://cg.skyey.tw/pet/petbook.html) #115
116,兔耳嚇人箱,金屬系,9,24,23,16,33,9,105,水2火8,攻擊LV1、防禦LV1、遺忘攻擊LV1,2普卡,○,○,開啟寶箱後隨機出現，目前補捉等級最低只有LV3，芙蕾雅島哥布林之家、霞之洞窟出現,魔力拉霸活動、完成「黃金迷宮」隨機取得、收穫祭迷宮、左鍵雙擊「超合金」隨機取得；「魔力寶貝點數購」商品,開啟寶箱後隨機出現，目前補捉等級最低只有LV3，芙蕾雅島哥布林之家、霞之洞窟出現；魔力拉霸活動、完成「黃金迷宮」隨機取得、收穫祭迷宮、左鍵雙擊「超合金」隨機取得；「魔力寶貝點數購」商品,捕捉,/img/原生寵物/兔耳嚇人箱.gif,[蔚藍幻境](https://cg.skyey.tw/pet/petbook.html) #116
117,紅魔嚇人箱,金屬系,12,32,27,12,27,8,110,水5火5,攻擊LV1、防禦LV1、吸血LV1,3普卡,○,○,開啟寶箱後隨機出現，目前補捉等級最低只有LV4，芙蕾雅島哥布林之家、霞之洞窟出現,魔力拉霸活動、完成「黃金迷宮」隨機取得、收穫祭迷宮、左鍵雙擊「超合金」隨機取得；「魔力寶貝點數購」商品,開啟寶箱後隨機出現，目前補捉等級最低只有LV4，芙蕾雅島哥布林之家、霞之洞窟出現；魔力拉霸活動、完成「黃金迷宮」隨機取得、收穫祭迷宮、左鍵雙擊「超合金」隨機取得；「魔力寶貝點數購」商品,捕捉,/img/原生寵物/紅魔嚇人箱.gif,[蔚藍幻境](https://cg.skyey.tw/pet/petbook.html) #117
118,藍魔嚇人箱,金屬系,15,37,28,8,22,8,110,地2水8,攻擊LV1、防禦LV1、陽炎LV1,3普卡,○,○,開啟寶箱後隨機出現，目前補捉等級最低只有LV5，芙蕾雅島哥布林之家、霞之洞窟出現,魔力拉霸活動、完成「黃金迷宮」隨機取得、收穫祭迷宮、左鍵雙擊「超合金」隨機取得；「魔力寶貝點數購」商品,開啟寶箱後隨機出現，目前補捉等級最低只有LV5，芙蕾雅島哥布林之家、霞之洞窟出現；魔力拉霸活動、完成「黃金迷宮」隨機取得、收穫祭迷宮、左鍵雙擊「超合金」隨機取得；「魔力寶貝點數購」商品,捕捉,/img/原生寵物/藍魔嚇人箱.gif,[蔚藍幻境](https://cg.skyey.tw/pet/petbook.html) #118
119,綠蛙嚇人箱,金屬系,13,35,29,10,23,8,110,地8風2,攻擊LV1、防禦LV1、反擊LV1,3級普卡,○,○,開啟寶箱後隨機出現，目前補捉等級最低只有LV6，芙蕾雅島哥布林之家、霞之洞窟出現,魔力拉霸活動、完成「黃金迷宮」隨機取得、收穫祭迷宮、左鍵雙擊「超合金」隨機取得；「魔力寶貝點數購」商品,開啟寶箱後隨機出現，目前補捉等級最低只有LV6，芙蕾雅島哥布林之家、霞之洞窟出現；魔力拉霸活動、完成「黃金迷宮」隨機取得、收穫祭迷宮、左鍵雙擊「超合金」隨機取得；「魔力寶貝點數購」商品,捕捉,/img/原生寵物/綠蛙嚇人箱.gif,[蔚藍幻境](https://cg.skyey.tw/pet/petbook.html) #119
120,純白嚇人箱,金屬系,9,24,29,11,37,8,110,地5風5,攻擊LV1、防禦LV1、混亂攻擊LV1、全部抗咒LV1,7級銀卡,○,○,開啟寶箱後隨機出現，目前補捉等級最低只有LV7，芙蕾雅島哥布林之家、霞之洞窟出現,魔力拉霸活動、完成「黃金迷宮」隨機取得、收穫祭迷宮、左鍵雙擊「超合金」隨機取得；「魔力寶貝點數購」商品,開啟寶箱後隨機出現，目前補捉等級最低只有LV7，芙蕾雅島哥布林之家、霞之洞窟出現；魔力拉霸活動、完成「黃金迷宮」隨機取得、收穫祭迷宮、左鍵雙擊「超合金」隨機取得；「魔力寶貝點數購」商品,捕捉,/img/原生寵物/純白嚇人箱.gif,[蔚藍幻境](https://cg.skyey.tw/pet/petbook.html) #120
121,冰怪,金屬系,20,30,46,7,12,7,115,水10,攻擊LV1、防禦LV1,4級普卡,○,○,齋戒女性角色路線,"齋戒女角色地圖三(134,85)；請參考「開啟者」任務、左鍵雙擊「超合金」隨機取得；「魔力寶貝點數購」商品","齋戒女性角色路線；齋戒女角色地圖三(134,85)；請參考「開啟者」任務、左鍵雙擊「超合金」隨機取得；「魔力寶貝點數購」商品",捕捉,/img/原生寵物/冰怪.gif,[蔚藍幻境](https://cg.skyey.tw/pet/petbook.html) #121
122,石怪,金屬系,15,38,43,6,13,7,115,地10,攻擊LV1、防禦LV1,4級普卡,○,○,將軍塚、魔法大學屋頂、火妖山谷,完成「月亮俱樂部」任務取得、左鍵雙擊「超合金」隨機取得；「魔力寶貝點數購」商品,將軍塚、魔法大學屋頂、火妖山谷；完成「月亮俱樂部」任務取得、左鍵雙擊「超合金」隨機取得；「魔力寶貝點數購」商品,捕捉,/img/原生寵物/石怪.gif,[蔚藍幻境](https://cg.skyey.tw/pet/petbook.html) #122
123,銀怪,金屬系,10,32,48,8,17,7,115,火10,攻擊LV1、防禦LV1,5級銀卡,○,○,艾汀之塔、將軍塚、環山之頂的？？？(第一層),完成「古錢交易商」任務取得、左鍵雙擊「超合金」隨機取得；「魔力寶貝點數購」商品,艾汀之塔、將軍塚、環山之頂的？？？(第一層)；完成「古錢交易商」任務取得、左鍵雙擊「超合金」隨機取得；「魔力寶貝點數購」商品,捕捉,/img/原生寵物/銀怪.gif,[蔚藍幻境](https://cg.skyey.tw/pet/petbook.html) #123
124,金怪,金屬系,14,41,40,5,15,7,115,風10,攻擊LV1、防禦LV1,5級銀卡,○,○,將軍塚,完成「古錢交易商」任務取得、左鍵雙擊「超合金」隨機取得；「魔力寶貝點數購」商品,將軍塚；完成「古錢交易商」任務取得、左鍵雙擊「超合金」隨機取得；「魔力寶貝點數購」商品,捕捉,/img/原生寵物/金怪.gif,[蔚藍幻境](https://cg.skyey.tw/pet/petbook.html) #124
125,惡魔螃蟹,金屬系,16,32,35,11,11,9,105,水2火8,攻擊LV1、防禦LV1、連擊LV1,2級普卡,○,○,芙蕾雅島維諾亞洞窟,維諾亞洞窟內只要有敵人出沒的地方、左鍵雙擊「超合金」隨機取得；「魔力寶貝點數購」商品,芙蕾雅島維諾亞洞窟；維諾亞洞窟內只要有敵人出沒的地方、左鍵雙擊「超合金」隨機取得；「魔力寶貝點數購」商品,捕捉,/img/原生寵物/惡魔螃蟹.gif,[蔚藍幻境](https://cg.skyey.tw/pet/petbook.html) #125
126,水晶螃蟹,金屬系,18,31,36,10,10,9,105,水8火2,攻擊LV1、防禦LV1,2級普卡,○,○,莎蓮娜島蒂娜村周邊、芙蕾雅島水之洞窟、將軍塚－墓室、芙蕾雅西邊、水曜之域的地下水路(137.99),"蒂娜村周邊(517,238)、左鍵雙擊「超合金」隨機取得；「魔力寶貝點數購」商品","莎蓮娜島蒂娜村周邊、芙蕾雅島水之洞窟、將軍塚－墓室、芙蕾雅西邊、水曜之域的地下水路(137.99)；蒂娜村周邊(517,238)、左鍵雙擊「超合金」隨機取得；「魔力寶貝點數購」商品",捕捉,/img/原生寵物/水晶螃蟹.gif,[蔚藍幻境](https://cg.skyey.tw/pet/petbook.html) #126
127,鐵剪螃蟹,金屬系,14,34,37,12,8,9,105,地8風2,攻擊LV1、防禦LV1,3級銀卡,○,○,索奇亞島大沙漠、庫魯克斯島貝尼恰斯火山、優紀斷堐亞紀側外,"索奇亞沙漠(462,205)、(501,209)、左鍵雙擊「超合金」隨機取得；「魔力寶貝點數購」商品","索奇亞島大沙漠、庫魯克斯島貝尼恰斯火山、優紀斷堐亞紀側外；索奇亞沙漠(462,205)、(501,209)、左鍵雙擊「超合金」隨機取得；「魔力寶貝點數購」商品",捕捉,/img/原生寵物/鐵剪螃蟹.gif,[蔚藍幻境](https://cg.skyey.tw/pet/petbook.html) #127
128,黃金螃蟹,金屬系,22,30,34,7,12,9,105,地2風8,攻擊LV1、防禦LV1,3級銀卡,○,○,烏克蘭井底之道,"烏克蘭井底之道(22,29)(靠近醫院的那層)；請參考「忍者就職」任務、左鍵雙擊「超合金」隨機取得；「魔力寶貝點數購」商品","烏克蘭井底之道；烏克蘭井底之道(22,29)(靠近醫院的那層)；請參考「忍者就職」任務、左鍵雙擊「超合金」隨機取得；「魔力寶貝點數購」商品",捕捉,/img/原生寵物/黃金螃蟹.gif,[蔚藍幻境](https://cg.skyey.tw/pet/petbook.html) #128
129,蜥蝪戰士,龍　系,22,32,32,12,12,8,110,地7火3,攻擊LV1、防禦LV1,3級普卡,○,╳,索奇亞海洞窟、深淵、咨詢之塔、白之練兵場(灰),"索奇亞海底洞窟地下二樓(8,47)","索奇亞海洞窟、深淵、咨詢之塔、白之練兵場(灰)；索奇亞海底洞窟地下二樓(8,47)",捕捉,/img/原生寵物/蜥蝪戰士.gif,[蔚藍幻境](https://cg.skyey.tw/pet/petbook.html) #129
130,蜥蝪鬥士,龍　系,18,37,37,8,10,8,110,地3水7,攻擊LV1、防禦LV1,4級銀卡,○,╳,羅連斯研究塔、詛咒的迷宮、咨詢之塔、永久凍土、白之練兵場(灰),"詛咒的迷宮地下22樓(17,10)；請參考「戰鬥系階級提昇Ⅲ」任務","羅連斯研究塔、詛咒的迷宮、咨詢之塔、永久凍土、白之練兵場(灰)；詛咒的迷宮地下22樓(17,10)；請參考「戰鬥系階級提昇Ⅲ」任務",捕捉,/img/原生寵物/蜥蝪鬥士.gif,[蔚藍幻境](https://cg.skyey.tw/pet/petbook.html) #130
131,蜥蝪武士,龍　系,20,31,30,15,14,8,110,水3火7,攻擊LV1、防禦LV1,3級普卡,○,╳,時波之祀、永久凍土、白之練兵場(灰)、白迷宮、白色挪亞,"白迷宮2樓(109,171)；請參考「誓言之花」任務、活動「紅利兌換」、完成「弦音語(將軍塚II)」任務隨機取得","時波之祀、永久凍土、白之練兵場(灰)、白迷宮、白色挪亞；白迷宮2樓(109,171)；請參考「誓言之花」任務、活動「紅利兌換」、完成「弦音語(將軍塚II)」任務隨機取得",捕捉,/img/原生寵物/蜥蝪武士.gif,[蔚藍幻境](https://cg.skyey.tw/pet/petbook.html) #131
132,獵豹蜥蝪,龍　系,23,36,28,10,13,8,110,火3風7,攻擊LV1、防禦LV1,4級銀卡,○,╳,詛咒的迷宮、深淵、咨詢之塔、白之練兵場(灰),"詛咒的迷宮地下29樓(12,12)；請參考「戰鬥系階級提昇Ⅲ」任務","詛咒的迷宮、深淵、咨詢之塔、白之練兵場(灰)；詛咒的迷宮地下29樓(12,12)；請參考「戰鬥系階級提昇Ⅲ」任務",捕捉,/img/原生寵物/獵豹蜥蝪.gif,[蔚藍幻境](https://cg.skyey.tw/pet/petbook.html) #132
133,大地翼龍,龍　系,29,28,32,20,11,6,120,地10,攻擊LV1、防禦LV1,6級銀卡,○,○,莎蓮娜島貝茲雷姆迷宮、詛咒的迷宮,"詛咒的迷宮地下7樓(16,20)；請參考「戰鬥系階級提昇Ⅲ」任務、左鍵雙擊「化龍轉生珠」隨機取得","莎蓮娜島貝茲雷姆迷宮、詛咒的迷宮；詛咒的迷宮地下7樓(16,20)；請參考「戰鬥系階級提昇Ⅲ」任務、左鍵雙擊「化龍轉生珠」隨機取得",捕捉,/img/原生寵物/大地翼龍.gif,[蔚藍幻境](https://cg.skyey.tw/pet/petbook.html) #133
134,寒冰翼龍,龍　系,30,30,31,17,12,6,120,水10,攻擊LV1、防禦LV1,5級普卡,○,○,魔法大學青龍的洞窟、將軍塚－墓室,"青龍的洞窟四樓(11,23)；請參考「生產系階級提昇Ⅲ」任務、左鍵雙擊「化龍轉生珠」隨機取得","魔法大學青龍的洞窟、將軍塚－墓室；青龍的洞窟四樓(11,23)；請參考「生產系階級提昇Ⅲ」任務、左鍵雙擊「化龍轉生珠」隨機取得",捕捉,/img/原生寵物/寒冰翼龍.gif,[蔚藍幻境](https://cg.skyey.tw/pet/petbook.html) #134
135,火焰翼龍,龍　系,33,33,25,16,13,6,120,火10,攻擊LV1、防禦LV1,5級普卡,○,○,,完成「異界之神(琥珀之卵6)」任務取得、左鍵雙擊「化龍轉生珠」隨機取得,完成「異界之神(琥珀之卵6)」任務取得、左鍵雙擊「化龍轉生珠」隨機取得,捕捉,/img/原生寵物/火焰翼龍.gif,[蔚藍幻境](https://cg.skyey.tw/pet/petbook.html) #135
136,烈風翼龍,龍　系,32,30,23,20,15,6,120,風10,攻擊LV1、防禦LV1,6級銀卡,○,○,殷紅山路、彩葉原迷宮、星詠的宮殿、日曜之城、朝日山,"星詠的宮殿地下1F(98,91)；請參考「星詠的宮殿」任務、皇后陵寢全域(帶隊者身上不能攜帶彩葉草苗)；請參考「彩葉草之戀」任務、左鍵雙擊「化龍轉生珠」隨機取得","殷紅山路、彩葉原迷宮、星詠的宮殿、日曜之城、朝日山；星詠的宮殿地下1F(98,91)；請參考「星詠的宮殿」任務、皇后陵寢全域(帶隊者身上不能攜帶彩葉草苗)；請參考「彩葉草之戀」任務、左鍵雙擊「化龍轉生珠」隨機取得",捕捉,/img/原生寵物/烈風翼龍.gif,[蔚藍幻境](https://cg.skyey.tw/pet/petbook.html) #136
138,地龍蜥,龍　系,29,34,34,15,8,7,120,地8水2,攻擊LV1、防禦LV1,4級普卡,○,○,鯰魚的洞窟、永久凍土、深淵、咨詢之塔,"鯰魚洞窟地下三樓(20,37)；請參考「鯰魚洞窟」任務、左鍵雙擊「化龍轉生珠」隨機取得","鯰魚的洞窟、永久凍土、深淵、咨詢之塔；鯰魚洞窟地下三樓(20,37)；請參考「鯰魚洞窟」任務、左鍵雙擊「化龍轉生珠」隨機取得",捕捉,/img/原生寵物/地龍蜥.gif,[蔚藍幻境](https://cg.skyey.tw/pet/petbook.html) #138
139,水龍蜥,龍　系,36,38,34,11,6,7,125,水8火2,攻擊LV1、防禦LV1,4級普卡,○,○,索奇亞海底洞窟、維諾亞海底洞窟、永久凍土、咨詢之塔,"索奇亞海底洞窟地下二樓(49,8)、左鍵雙擊「化龍轉生珠」隨機取得","索奇亞海底洞窟、維諾亞海底洞窟、永久凍土、咨詢之塔；索奇亞海底洞窟地下二樓(49,8)、左鍵雙擊「化龍轉生珠」隨機取得",捕捉,/img/原生寵物/水龍蜥.gif,[蔚藍幻境](https://cg.skyey.tw/pet/petbook.html) #139
140,火龍蜥,龍　系,32,37,37,12,7,7,125,火8風2,攻擊LV1、防禦LV1,4級銀卡,○,○,岬之洞窟、深淵、咨詢之塔、將軍塚－墓室,"打完羅連斯後頂樓，逆牛的宮殿後面(765,48)；請參考「牛鬼的逆襲」任務、左鍵雙擊「化龍轉生珠」隨機取得","岬之洞窟、深淵、咨詢之塔、將軍塚－墓室；打完羅連斯後頂樓，逆牛的宮殿後面(765,48)；請參考「牛鬼的逆襲」任務、左鍵雙擊「化龍轉生珠」隨機取得",捕捉,/img/原生寵物/火龍蜥.gif,[蔚藍幻境](https://cg.skyey.tw/pet/petbook.html) #140
141,風龍蜥,龍　系,35,35,31,10,9,7,120,地2風8,攻擊LV1、防禦LV1,5級銀卡,○,○,傑諾瓦鎮周邊、永久凍土、咨詢之塔,"傑諾瓦鎮西門出去(142,522)、左鍵雙擊「化龍轉生珠」隨機取得","傑諾瓦鎮周邊、永久凍土、咨詢之塔；傑諾瓦鎮西門出去(142,522)、左鍵雙擊「化龍轉生珠」隨機取得",捕捉,/img/原生寵物/風龍蜥.gif,[蔚藍幻境](https://cg.skyey.tw/pet/petbook.html) #141
142,哥布林,人形系,27,27,27,17,7,9,105,地7水3,攻擊LV1、防禦LV1,1級普卡,○,○,法蘭城近郊、哥布林之家、尼維爾海村附近,法蘭城近郊或牛鬼的洞窟最上層打倒鬼犬後出現、左鍵雙擊「水無月之袋」，隨機取得「符紙人」購買「浪人の戀」產品包,法蘭城近郊、哥布林之家、尼維爾海村附近；法蘭城近郊或牛鬼的洞窟最上層打倒鬼犬後出現、左鍵雙擊「水無月之袋」，隨機取得「符紙人」購買「浪人の戀」產品包,捕捉,/img/原生寵物/哥布林.gif,[蔚藍幻境](https://cg.skyey.tw/pet/petbook.html) #142
143,紅帽哥布林,人形系,23,30,29,20,5,9,107,水7火3,攻擊LV1、防禦LV1,2級普卡,○,○,法蘭城附近、維諾亞村附近、牛鬼的洞窟、哥布林之家,"牛鬼的洞窟最上層打倒鬼犬後出現或維諾亞村附近(339,493)、左鍵雙擊「水無月之袋」，隨機取得「符紙人」購買「浪人の戀」產品包","法蘭城附近、維諾亞村附近、牛鬼的洞窟、哥布林之家；牛鬼的洞窟最上層打倒鬼犬後出現或維諾亞村附近(339,493)、左鍵雙擊「水無月之袋」，隨機取得「符紙人」購買「浪人の戀」產品包",捕捉,/img/原生寵物/紅帽哥布林.gif,[蔚藍幻境](https://cg.skyey.tw/pet/petbook.html) #143
144,火焰哥布林,人形系,22,28,26,15,14,9,105,火7風3,攻擊LV1、防禦LV1,3級銀卡,○,○,莎蓮娜島傑諾瓦周邊,"傑諾瓦鎮附近(257,593)、左鍵雙擊「水無月之袋」，隨機取得「符紙人」購買「浪人の戀」產品包","莎蓮娜島傑諾瓦周邊；傑諾瓦鎮附近(257,593)、左鍵雙擊「水無月之袋」，隨機取得「符紙人」購買「浪人の戀」產品包",捕捉,/img/原生寵物/火焰哥布林.gif,[蔚藍幻境](https://cg.skyey.tw/pet/petbook.html) #144
145,烈風哥布林,人形系,30,26,24,23,4,9,107,地3風7,攻擊LV1、防禦LV1,3級銀卡,○,○,深淵、奇怪的坑道,"深淵的地下水脈「(44,55)(45,55)此座標以外遇不到」、左鍵雙擊「水無月之袋」，隨機取得「符紙人」購買「浪人の戀」產品包","深淵、奇怪的坑道；深淵的地下水脈「(44,55)(45,55)此座標以外遇不到」、左鍵雙擊「水無月之袋」，隨機取得「符紙人」購買「浪人の戀」產品包",捕捉,/img/原生寵物/烈風哥布林.gif,[蔚藍幻境](https://cg.skyey.tw/pet/petbook.html) #145
146,巨人,人形系,38,35,24,9,14,6,120,地10,攻擊LV1、防禦LV1,5級普卡,○,○,風鳴之塔,"風鳴之塔十樓(14,62)、左鍵雙擊「水無月之袋」，隨機取得「符紙人」購買「浪人の戀」產品包","風鳴之塔；風鳴之塔十樓(14,62)、左鍵雙擊「水無月之袋」，隨機取得「符紙人」購買「浪人の戀」產品包",捕捉,/img/原生寵物/巨人.gif,[蔚藍幻境](https://cg.skyey.tw/pet/petbook.html) #146
147,單眼巨人,人形系,34,34,20,12,20,6,120,水10,攻擊LV1、防禦LV1,6級銀卡,○,╳,弗利德島、環山、環山之頂,"弗利德島(102,87)、到達方法參考任務：彩葉草之戀、左鍵雙擊「水無月之袋」，隨機取得「符紙人」購買「浪人の戀」產品包","弗利德島、環山、環山之頂；弗利德島(102,87)、到達方法參考任務：彩葉草之戀、左鍵雙擊「水無月之袋」，隨機取得「符紙人」購買「浪人の戀」產品包",捕捉,/img/原生寵物/單眼巨人.gif,[蔚藍幻境](https://cg.skyey.tw/pet/petbook.html) #147
148,泰坦巨人,人形系,39,30,28,8,15,6,120,風10,攻擊LV1、防禦LV1,5級普卡,○,○,紳士淑女養成學校,完成「魔物狩獵」任務隨機取得、左鍵雙擊「水無月之袋」，隨機取得「符紙人」購買「浪人の戀」產品包,紳士淑女養成學校；完成「魔物狩獵」任務隨機取得、左鍵雙擊「水無月之袋」，隨機取得「符紙人」購買「浪人の戀」產品包,捕捉,/img/原生寵物/泰坦巨人.gif,[蔚藍幻境](https://cg.skyey.tw/pet/petbook.html) #148
149,亞特拉斯巨神,人形系,37,37,17,17,12,6,120,火10,攻擊LV1、防禦LV1,6級銀卡,○,╳,風鳴之塔、火炎之谷,"風鳴之塔十樓(60,64)、左鍵雙擊「水無月之袋」，隨機取得「符紙人」購買「浪人の戀」產品包","風鳴之塔、火炎之谷；風鳴之塔十樓(60,64)、左鍵雙擊「水無月之袋」，隨機取得「符紙人」購買「浪人の戀」產品包",捕捉,/img/原生寵物/亞特拉斯巨神.gif,[蔚藍幻境](https://cg.skyey.tw/pet/petbook.html) #149
150,盜賊,人形系,23,28,21,31,12,7,115,火5風5,攻擊LV1、防禦LV1,3級普卡,╳,╳,法蘭城附近、伊爾村村附近、奇利村附近、加納村附近、牛鬼的洞窟、海賊的洞窟,法蘭城附近、牛鬼的洞窟最上層、左鍵雙擊「水無月之袋」，隨機取得「符紙人」購買「浪人の戀」產品包,法蘭城附近、伊爾村村附近、奇利村附近、加納村附近、牛鬼的洞窟、海賊的洞窟；法蘭城附近、牛鬼的洞窟最上層、左鍵雙擊「水無月之袋」，隨機取得「符紙人」購買「浪人の戀」產品包,捕捉,/img/原生寵物/盜賊.gif,[蔚藍幻境](https://cg.skyey.tw/pet/petbook.html) #150
151,山賊,人形系,28,27,24,26,10,7,115,地5風5,攻擊LV1、防禦LV1,4級普卡,╳,╳,奇利村附近、加納村附近、睿奇洞窟、地下遺跡,左鍵雙擊「水無月之袋」，隨機取得「符紙人」購買「浪人の戀」產品包,奇利村附近、加納村附近、睿奇洞窟、地下遺跡；左鍵雙擊「水無月之袋」，隨機取得「符紙人」購買「浪人の戀」產品包,捕捉,/img/原生寵物/山賊.gif,[蔚藍幻境](https://cg.skyey.tw/pet/petbook.html) #151
152,海盜,人形系,19,31,23,28,14,7,115,水5火5,攻擊LV1、防禦LV1,4級普卡,╳,○,夜之蒂娜或加納村外(晚上),使用「海盜召喚書」；活動「2006年幸福一刻館」、活動「2007年幸福一刻館」、左鍵雙擊「水無月之袋」，隨機取得「符紙人」購買「浪人の戀」產品包,夜之蒂娜或加納村外(晚上)；使用「海盜召喚書」；活動「2006年幸福一刻館」、活動「2007年幸福一刻館」、左鍵雙擊「水無月之袋」，隨機取得「符紙人」購買「浪人の戀」產品包,捕捉,/img/原生寵物/海盜.gif,[蔚藍幻境](https://cg.skyey.tw/pet/petbook.html) #152
153,破壞狂,人形系,27,26,30,24,8,7,115,地5水5,攻擊LV1、防禦LV1,4級普卡,╳,╳,奇怪的坑道,集齊字卡「魔、力、寶、貝」4字取得；購買「芙蕾雅的祝褔」產品包、左鍵雙擊「水無月之袋」，隨機取得「符紙人」購買「浪人の戀」產品包,奇怪的坑道；集齊字卡「魔、力、寶、貝」4字取得；購買「芙蕾雅的祝褔」產品包、左鍵雙擊「水無月之袋」，隨機取得「符紙人」購買「浪人の戀」產品包,捕捉,/img/原生寵物/破壞狂.gif,[蔚藍幻境](https://cg.skyey.tw/pet/petbook.html) #153
154,鳥人,人形系,17,17,17,37,22,8,110,地9風1,攻擊LV1、防禦LV1,3級普卡,○,○,芙蕾雅島亞留特村附近、白之練兵場(紅),"亞留特村周邊(620,65)、(589,44)、左鍵雙擊「水無月之袋」，隨機取得「符紙人」購買「浪人の戀」產品包","芙蕾雅島亞留特村附近、白之練兵場(紅)；亞留特村周邊(620,65)、(589,44)、左鍵雙擊「水無月之袋」，隨機取得「符紙人」購買「浪人の戀」產品包",捕捉,/img/原生寵物/鳥人.gif,[蔚藍幻境](https://cg.skyey.tw/pet/petbook.html) #154
155,幻歌妖,人形系,15,18,20,38,19,8,110,地1水9,攻擊LV1、防禦LV1,4級銀卡,○,○,傑諾瓦鎮附近、白之練兵場(紅),"傑諾瓦鎮附近(80,346)、左鍵雙擊「水無月之袋」，隨機取得「符紙人」購買「浪人の戀」產品包","傑諾瓦鎮附近、白之練兵場(紅)；傑諾瓦鎮附近(80,346)、左鍵雙擊「水無月之袋」，隨機取得「符紙人」購買「浪人の戀」產品包",捕捉,/img/原生寵物/幻歌妖.gif,[蔚藍幻境](https://cg.skyey.tw/pet/petbook.html) #155
156,狠毒鳥人,人形系,18,19,14,39,20,8,110,水1火9,攻擊LV1、防禦LV1、抗混亂LV1,3級普卡,○,○,加納近附近、亞諾曼城西門外、白之練兵場(紅),"加納沙漠(690,357)、(451,389)、(472,387)、左鍵雙擊「水無月之袋」，隨機取得「符紙人」購買「浪人の戀」產品包","加納近附近、亞諾曼城西門外、白之練兵場(紅)；加納沙漠(690,357)、(451,389)、(472,387)、左鍵雙擊「水無月之袋」，隨機取得「符紙人」購買「浪人の戀」產品包",捕捉,/img/原生寵物/狠毒鳥人.gif,[蔚藍幻境](https://cg.skyey.tw/pet/petbook.html) #156
157,烈風鳥人,人形系,13,20,12,42,23,8,110,火1風9,攻擊LV1、防禦LV1,4級銀卡,○,○,阿巴尼斯村附近、白之練兵場(紅),"阿巴尼斯村附近(56,163)、左鍵雙擊「水無月之袋」，隨機取得「符紙人」購買「浪人の戀」產品包","阿巴尼斯村附近、白之練兵場(紅)；阿巴尼斯村附近(56,163)、左鍵雙擊「水無月之袋」，隨機取得「符紙人」購買「浪人の戀」產品包",捕捉,/img/原生寵物/烈風鳥人.gif,[蔚藍幻境](https://cg.skyey.tw/pet/petbook.html) #157
158,黑暗鳥人,人形系,19,11,11,43,31,8,115,地5風5,攻擊LV1、防禦LV1、石化攻擊LV1,4級銀卡,○,○,冰之洞窟、白之練兵場(紅),"冰之洞窟二樓(40,43)、(65,39)、左鍵雙擊「水無月之袋」，隨機取得「符紙人」購買「浪人の戀」產品包","冰之洞窟、白之練兵場(紅)；冰之洞窟二樓(40,43)、(65,39)、左鍵雙擊「水無月之袋」，隨機取得「符紙人」購買「浪人の戀」產品包",捕捉,/img/原生寵物/黑暗鳥人.gif,[蔚藍幻境](https://cg.skyey.tw/pet/petbook.html) #158
159,山飛甲,野獸系,27,21,15,30,27,6,120,地6風4,攻擊LV1、防禦LV1,5級普卡,╳,╳,白色方舟,,白色方舟,捕捉,/img/原生寵物/山飛甲.gif,[蔚藍幻境](https://cg.skyey.tw/pet/petbook.html) #159
160,獨角獸,野獸系,17,25,13,28,37,6,120,地4水6,攻擊LV1、防禦LV1,6級銀卡,╳,○,白色方舟,完成「最後的真相(一等勳章)…艾爾巴部分」任務隨機取得,白色方舟；完成「最後的真相(一等勳章)…艾爾巴部分」任務隨機取得,捕捉,/img/原生寵物/獨角獸.gif,[蔚藍幻境](https://cg.skyey.tw/pet/petbook.html) #160
161,天馬,野獸系,22,22,12,32,32,6,120,水4火6,攻擊LV1、防禦LV1,5級普卡,╳,○,白色方舟,完成「最後的真相(一等勳章)…艾爾巴部分」任務隨機取得,白色方舟；完成「最後的真相(一等勳章)…艾爾巴部分」任務隨機取得,捕捉,/img/原生寵物/天馬.gif,[蔚藍幻境](https://cg.skyey.tw/pet/petbook.html) #161
162,麒麟,野獸系,19,27,10,34,30,6,120,火4風6,攻擊LV1、防禦LV1,6級銀卡,╳,○,白色方舟,完成「神域的使者」任務隨機取得、活動「紅利兌換」,白色方舟；完成「神域的使者」任務隨機取得、活動「紅利兌換」,捕捉,/img/原生寵物/麒麟.gif,[蔚藍幻境](https://cg.skyey.tw/pet/petbook.html) #162
163,地底龜,野獸系,22,22,37,10,19,8,110,地5風5,攻擊LV1、防禦LV1,3級普卡,○,○,"雪拉威森塔、皇后陵寢(帶隊者須持有""彩葉草苗"")；請參考「彩葉草之戀」任務","雪拉威森塔39F(250,245)","雪拉威森塔、皇后陵寢(帶隊者須持有""彩葉草苗"")；請參考「彩葉草之戀」任務；雪拉威森塔39F(250,245)",捕捉,/img/原生寵物/地底龜.gif,[蔚藍幻境](https://cg.skyey.tw/pet/petbook.html) #163
164,海底龜,野獸系,23,20,45,4,18,8,110,地5水5,攻擊LV1、防禦LV1,4級銀卡,○,○,米內葛爾島坎那貝拉村域南部、封印之塔,"米內葛爾島坎那貝拉村域南部(447,319)","米內葛爾島坎那貝拉村域南部、封印之塔；米內葛爾島坎那貝拉村域南部(447,319)",捕捉,/img/原生寵物/海底龜.gif,[蔚藍幻境](https://cg.skyey.tw/pet/petbook.html) #164
165,火焰龜,野獸系,27,17,42,7,17,8,110,水5火5,攻擊LV1、防禦LV1,3級普卡,○,○,米內葛爾島中部、寧心谷,"米內葛爾島路霸後(378,268)","米內葛爾島中部、寧心谷；米內葛爾島路霸後(378,268)",捕捉,/img/原生寵物/火焰龜.gif,[蔚藍幻境](https://cg.skyey.tw/pet/petbook.html) #165
166,硬殼龜,野獸系,26,16,47,5,16,8,110,火5風5,攻擊LV1、防禦LV1,4級銀卡,○,○,遭遇暴風雨後到達的無名小島上的無人的洞窟；請參考「舞者就職」任務,夕之湖全域(帶隊者必須持有淚之珠)；請參考「永恆之都」任務,遭遇暴風雨後到達的無名小島上的無人的洞窟；請參考「舞者就職」任務；夕之湖全域(帶隊者必須持有淚之珠)；請參考「永恆之都」任務,捕捉,/img/原生寵物/硬殼龜.gif,[蔚藍幻境](https://cg.skyey.tw/pet/petbook.html) #166
167,鐮刀魔,不死系,23,35,18,17,32,6,125,地10,攻擊LV1、防禦LV1,6級普卡,╳,╳,白迷宮第一層,完成「最後的真相(一等勳章)…蘭國部分」任務隨機取得、左鍵雙擊「引魂香」隨機取得；「魔力寶貝點數購」商品,白迷宮第一層；完成「最後的真相(一等勳章)…蘭國部分」任務隨機取得、左鍵雙擊「引魂香」隨機取得；「魔力寶貝點數購」商品,捕捉,/img/原生寵物/鐮刀魔.gif,[蔚藍幻境](https://cg.skyey.tw/pet/petbook.html) #167
168,暗黑僧侶,不死系,17,37,22,12,37,6,125,水10,攻擊LV1、防禦LV1,7級銀卡,╳,╳,白迷宮第一層、將軍塚,完成「2011年灰熊厲害」任務取得、左鍵雙擊「引魂香」隨機取得；「魔力寶貝點數購」商品,白迷宮第一層、將軍塚；完成「2011年灰熊厲害」任務取得、左鍵雙擊「引魂香」隨機取得；「魔力寶貝點數購」商品,捕捉,/img/原生寵物/暗黑僧侶.gif,[蔚藍幻境](https://cg.skyey.tw/pet/petbook.html) #168
169,斬首者,不死系,19,42,20,15,29,6,125,火10,攻擊LV1、防禦LV1,7級銀卡,╳,╳,將軍塚、神秘的墓地,完成「最後的真相(一等勳章)…蘭國部分」任務隨機取得、左鍵雙擊「引魂香」隨機取得；「魔力寶貝點數購」商品,將軍塚、神秘的墓地；完成「最後的真相(一等勳章)…蘭國部分」任務隨機取得、左鍵雙擊「引魂香」隨機取得；「魔力寶貝點數購」商品,捕捉,/img/原生寵物/斬首者.gif,[蔚藍幻境](https://cg.skyey.tw/pet/petbook.html) #169
170,冥界死神,不死系,25,40,12,21,27,6,125,風10,攻擊LV1、防禦LV1,6級普卡,╳,╳,諾斯菲拉特、將軍塚,活動「紅利兌換」、左鍵雙擊「引魂香」隨機取得；「魔力寶貝點數購」商品,諾斯菲拉特、將軍塚；活動「紅利兌換」、左鍵雙擊「引魂香」隨機取得；「魔力寶貝點數購」商品,捕捉,/img/原生寵物/冥界死神.gif,[蔚藍幻境](https://cg.skyey.tw/pet/petbook.html) #170
171,牙骨,不死系,27,32,32,12,7,8,110,地9風1,攻擊LV1、防禦LV1,3級普卡,○,○,白迷宮,"白迷宮1樓(117,135)；請參考「誓言之花」任務、左鍵雙擊「引魂香」隨機取得；「魔力寶貝點數購」商品","白迷宮；白迷宮1樓(117,135)；請參考「誓言之花」任務、左鍵雙擊「引魂香」隨機取得；「魔力寶貝點數購」商品",捕捉,/img/原生寵物/牙骨.gif,[蔚藍幻境](https://cg.skyey.tw/pet/petbook.html) #171
172,顎牙,不死系,32,29,37,7,5,8,110,地1水9,戰慄襲心LV1、酒醉攻擊LV1,4級銀卡,○,○,伊姆爾森林、雪拉威森塔、日曜之城,"雪拉威森塔39F(148,302)、左鍵雙擊「引魂香」隨機取得；「魔力寶貝點數購」商品","伊姆爾森林、雪拉威森塔、日曜之城；雪拉威森塔39F(148,302)、左鍵雙擊「引魂香」隨機取得；「魔力寶貝點數購」商品",捕捉,/img/原生寵物/顎牙.gif,[蔚藍幻境](https://cg.skyey.tw/pet/petbook.html) #172
173,巨牙,不死系,25,30,27,17,11,8,110,水1火9,攻擊LV1、連擊LV1、混亂攻擊LV1,3級普卡,○,○,米內葛爾島南恰拉山第二通道,"南恰拉山第二通道(09,22)、(09,23)、完成「弦音語(將軍塚II)」任務隨機取得、左鍵雙擊「引魂香」隨機取得；「魔力寶貝點數購」商品","米內葛爾島南恰拉山第二通道；南恰拉山第二通道(09,22)、(09,23)、完成「弦音語(將軍塚II)」任務隨機取得、左鍵雙擊「引魂香」隨機取得；「魔力寶貝點數購」商品",捕捉,/img/原生寵物/巨牙.gif,[蔚藍幻境](https://cg.skyey.tw/pet/petbook.html) #173
174,利牙,不死系,30,37,30,9,4,8,110,火1風9,攻擊LV1、乾坤一擊LV1、吸血攻擊LV1,4級銀卡,○,○,白迷宮第二層,"白迷宮第二層(109,171)；請參考「誓言之花」任務、活動「紅利兌換」、左鍵雙擊「引魂香」隨機取得；「魔力寶貝點數購」商品","白迷宮第二層；白迷宮第二層(109,171)；請參考「誓言之花」任務、活動「紅利兌換」、左鍵雙擊「引魂香」隨機取得；「魔力寶貝點數購」商品",捕捉,/img/原生寵物/利牙.gif,[蔚藍幻境](https://cg.skyey.tw/pet/petbook.html) #174
175,獅鷲獸,飛行系,22,32,12,42,17,6,125,地6風4,攻擊LV1、防禦LV1,6級普卡,╳,○,,完成「獅鷲狩獵」任務隨機取得,完成「獅鷲狩獵」任務隨機取得,捕捉,/img/原生寵物/獅鷲獸.gif,[蔚藍幻境](https://cg.skyey.tw/pet/petbook.html) #175
184,堀地蟲,昆蟲系,20,35,36,8,16,7,115,水8火2,攻擊LV1、防禦LV1,5級銀卡,○,○,米內葛爾島坎那貝拉村域,"米內葛爾島坎那貝拉村域(551,420)、(552,442)、左鍵雙擊「水無月之袋」，隨機取得「神秘的蟲卵」購買「浪人の戀」產品包","米內葛爾島坎那貝拉村域；米內葛爾島坎那貝拉村域(551,420)、(552,442)、左鍵雙擊「水無月之袋」，隨機取得「神秘的蟲卵」購買「浪人の戀」產品包",捕捉,/img/原生寵物/堀地蟲.gif,[蔚藍幻境](https://cg.skyey.tw/pet/petbook.html) #184
188,水藍菇,植物系,38,15,13,15,34,7,115,地4水6,攻擊LV1、防禦LV1、酒醉攻擊LV1、抗酒醉LV1,4級普卡,○,○,米內葛爾島阿凱魯法村域、白之練兵場(紅)、將軍塚,"阿凱魯法村域(241,266)(241,268)；請參考「一級點傳送卷」傳送情報、左鍵雙擊「水無月之袋」，隨機取得「神奇小花苗」；購買「浪人の戀」產品包","米內葛爾島阿凱魯法村域、白之練兵場(紅)、將軍塚；阿凱魯法村域(241,266)(241,268)；請參考「一級點傳送卷」傳送情報、左鍵雙擊「水無月之袋」，隨機取得「神奇小花苗」；購買「浪人の戀」產品包",捕捉,/img/原生寵物/水藍菇.gif,[蔚藍幻境](https://cg.skyey.tw/pet/petbook.html) #188
193,煙羅,特殊系,22,22,12,27,32,7,115,水3火7,攻擊LV1、防禦LV1,5級銀卡,○,○,"庫魯克斯島米諾基亞村貝尼恰斯火山、地下室(第一層)、地下室(第二層)、庫魯克斯島的守谷人(285,294)","貝尼恰斯火山地下9樓(30,56)、(29,59)；請參考「一級點傳送卷」傳送情報","庫魯克斯島米諾基亞村貝尼恰斯火山、地下室(第一層)、地下室(第二層)、庫魯克斯島的守谷人(285,294)；貝尼恰斯火山地下9樓(30,56)、(29,59)；請參考「一級點傳送卷」傳送情報",捕捉,/img/原生寵物/煙羅.gif,[蔚藍幻境](https://cg.skyey.tw/pet/petbook.html) #193
208,迷你龍,龍系,10,35,23,21,26,7,115,地5水5,攻擊LV1、防禦LV1,5級銀卡,○,○,日曜之城、青蓮之路、蓮華之頂,"用LV30虛弱的雛鳥到哥拉爾雷姆爾山飼養師訓練所交換；請參考「鳳凰的羽毛」任務、左鍵雙擊「化龍轉生珠」隨機取得、日曜之城的神廟(26,29)","日曜之城、青蓮之路、蓮華之頂；用LV30虛弱的雛鳥到哥拉爾雷姆爾山飼養師訓練所交換；請參考「鳳凰的羽毛」任務、左鍵雙擊「化龍轉生珠」隨機取得、日曜之城的神廟(26,29)",捕捉,/img/原生寵物/迷你龍.gif,[蔚藍幻境](https://cg.skyey.tw/pet/petbook.html) #208
211,大型半獸人,人形系,34,25,35,10,11,7,115,地6水4,攻擊LV1、防禦LV1,4級普卡,○,○,庫魯克斯島魯米那斯村域北方,"庫魯克斯島魯米那斯村域伊姆爾森林附近(460,629)、左鍵雙擊「水無月之袋」，隨機取得「符紙人」購買「浪人の戀」產品包","庫魯克斯島魯米那斯村域北方；庫魯克斯島魯米那斯村域伊姆爾森林附近(460,629)、左鍵雙擊「水無月之袋」，隨機取得「符紙人」購買「浪人の戀」產品包",捕捉,/img/原生寵物/大型半獸人.gif,[蔚藍幻境](https://cg.skyey.tw/pet/petbook.html) #211
1072,改造水蜘蛛,昆蟲系,28,20,21,24,32,9,125,水9火1,攻擊LV1、防禦LV1,？,╳,○,,完成「寵物改造I」任務取得,完成「寵物改造I」任務取得,捕捉,/img/原生寵物/改造水蜘蛛.gif,[蔚藍幻境](https://cg.skyey.tw/pet/petbook.html) #1072
1085,改造綠色口臭鬼,植物系,40,25,18,17,25,7,125,地8風2,攻擊LV1、防禦LV1,？,╳,○,"伏月之街(第一層)的綠樹(18,29)(20,40)",完成「寵物改造I」任務取得,"伏月之街(第一層)的綠樹(18,29)(20,40)；完成「寵物改造I」任務取得",捕捉,/img/原生寵物/改造綠色口臭鬼.gif,[蔚藍幻境](https://cg.skyey.tw/pet/petbook.html) #1085
