日期,類別,重點標記,開放內容說明,公告,首次公開寵物,公告連結
2026-08-19,節慶／活動,,,星河無垠 情義無價 七夕限定召喚浪漫登場！,織女星、牛郎,[查看](https://cg.originmood.com/NewsContent/zh_TW/mlbb_news_17664.html)
2026-08-08,寵物／秘寶,,,關於魔力盲盒（28）概率的公告,黃金虎人,[查看](https://cg.originmood.com/NewsContent/zh_TW/mlbb_news_17624.html)
2026-07-29,節慶／活動,,,《魔力寶貝》25週年誕生慶典 正式開啟！,25週年慶地龍蜥、25週年慶寶石鼠、25週年慶水藍鼠、25週年慶熊熊、永恆蛋糕、白依、白依試做體,[查看](https://cg.originmood.com/NewsContent/zh_TW/mlbb_news_17584.html)
2026-07-23,賽事,,,烽煙落定，巔峰加冕！第19屆PVP圓滿收官 抽抽樂限時特惠,,[查看](https://cg.originmood.com/NewsContent/zh_TW/mlbb_news_17544.html)
2026-07-22,寵物／秘寶,,,奧菲兒的盛夏夜之約 雷鳴與野性的交響,奔雷獸、奧菲兒、水雷猴,[查看](https://cg.originmood.com/NewsContent/zh_TW/mlbb_news_17534.html)
2026-07-09,寵物／秘寶,,,探索帕琪娜火山裂縫 揭開龍蝦太晶之謎,太晶沼澤龍蝦、太晶龍蝦霸王、青銅魚怪、黑潮龍蝦,[查看](https://cg.originmood.com/NewsContent/zh_TW/mlbb_news_17504.html)
2026-07-08,地圖／任務,新任務,開放技能任務：太晶之謎,7月9日維護公告,,[查看](https://cg.originmood.com/NewsContent/zh_TW/mlbb_news_17494.html)
2026-07-07,寵物／秘寶,,,湛藍的傳說 潮汐魟王降臨,湛藍飛魟、潮汐魟王,[查看](https://cg.originmood.com/NewsContent/zh_TW/mlbb_news_17454.html)
2026-07-01,地圖／任務,,,家族任務賽 S2 賽季開啟 締造最強家族至高王座,,[查看](https://cg.originmood.com/NewsContent/zh_TW/mlbb_news_17464.html)
2026-06-24,職業／系統,,,蔚藍夏日邂逅檸黃飛魟 保底必得限定跟隨符,夕陽海葵、天青等煙魚、檸黃飛魟,[查看](https://cg.originmood.com/NewsContent/zh_TW/mlbb_news_17444.html)
2026-06-13,賽事,,,【公告】第19期PVP爭霸賽延期舉辦的公告,,[查看](https://cg.originmood.com/NewsContent/zh_TW/mlbb_news_17404.html)
2026-06-11,寵物／秘寶,,,月海迷蹤尋仙蹤 保底必得紅翼巨魟,拉扎紅魟、紅翼巨魟、紫海龍舟,[查看](https://cg.originmood.com/NewsContent/zh_TW/mlbb_news_17344.html)
2026-06-11,賽事,,,任務爭霸賽第33季開啟,狂狐魔衛、狐丸,[查看](https://cg.originmood.com/NewsContent/zh_TW/mlbb_news_17354.html)
2026-06-09,地圖／任務,新任務,開放技能任務：月讀之海,6月11日維護公告,,[查看](https://cg.originmood.com/NewsContent/zh_TW/mlbb_news_17334.html)
2026-06-06,賽事,,,【公告】第19期PVP爭霸賽小組賽延期舉辦公告,,[查看](https://cg.originmood.com/NewsContent/zh_TW/mlbb_news_17314.html)
2026-06-04,寵物／秘寶,,,黑暗中的愛之極光 百合與白銀的永恆誓約,白銀格鬥士、白銀聖鬥士、百合聖騎士、百合騎士,[查看](https://cg.originmood.com/NewsContent/zh_TW/mlbb_news_17294.html)
2026-06-04,節慶／活動,,,五週年第一彈的「勇者秘寶十連抽」活動的點券全額返還發放完畢通知,,[查看](https://cg.originmood.com/NewsContent/zh_TW/mlbb_news_17304.html)
2026-06-01,賽事,,,PVP爭霸賽第19期正式開啟,,[查看](https://cg.originmood.com/NewsContent/zh_TW/mlbb_news_17114.html)
2026-05-27,節慶／活動,,,五週年收官獻禮 訂製屬於你的心愛陪伴,御法神神樂、青翼獵隼,[查看](https://cg.originmood.com/NewsContent/zh_TW/mlbb_news_17094.html)
2026-05-21,地圖／任務,,,《魔力寶貝：永恆初心》五週年活動第四彈 王者道場試煉開啟,使徒小鬧鐘、火之使徒,[查看](https://cg.originmood.com/NewsContent/zh_TW/mlbb_news_17074.html)
2026-05-20,寵物／秘寶,,,怦然心動這一刻，摯愛喵比特只為你而生,摯愛喵比特,[查看](https://cg.originmood.com/NewsContent/zh_TW/mlbb_news_17054.html)
2026-05-13,節慶／活動,,,五週年慶第三彈 黄金迷宫之雷影,五週年黃蜂、影、御魂雷影、果栗鼠、鬼泣雷影,[查看](https://cg.originmood.com/NewsContent/zh_TW/mlbb_news_17034.html)
2026-05-08,賽事,,,PVP爭霸賽第19期開啟預告,,[查看](https://cg.originmood.com/NewsContent/zh_TW/mlbb_news_16984.html)
2026-05-06,節慶／活動,,,週年保底大獎翻倍 法蘭巡遊領好禮,蕾米兒、黑潮水母,[查看](https://cg.originmood.com/NewsContent/zh_TW/mlbb_news_16954.html)
2026-05-04,寵物／秘寶,,,跨越凡塵的蛻變，凜冬巨龍破冰降世,凜冬巨龍、凜冬龍王,[查看](https://cg.originmood.com/NewsContent/zh_TW/mlbb_news_16934.html)
2026-05-01,寵物／秘寶,,,關於魔力盲盒（27）概率的公告,金牛座,[查看](https://cg.originmood.com/NewsContent/zh_TW/mlbb_news_16924.html)
2026-04-30,賽事,,,任務爭霸賽第32季開啟,,[查看](https://cg.originmood.com/NewsContent/zh_TW/mlbb_news_16914.html)
2026-04-29,節慶／活動,,,《魔力寶貝：永恆初心》五週年慶溫情啟幕 御法劍仙「神樂」降臨,初心花妖、天叢雲神樂、寶貝蛋糕、斑斑貘、永恆花仙、神樂、魔力蛋糕,[查看](https://cg.originmood.com/NewsContent/zh_TW/mlbb_news_16894.html)
2026-04-29,職業／系統,新職業,開放職業：御法劍仙,4月30日維護公告,,[查看](https://cg.originmood.com/NewsContent/zh_TW/mlbb_news_16884.html)
2026-04-22,寵物／秘寶,,,龍吟九天風雲起 魚躍櫻海夢染春末,米拉魚人、羞羞倉鼠,[查看](https://cg.originmood.com/NewsContent/zh_TW/mlbb_news_16844.html)
2026-04-16,賽事,,,PVP爭霸賽第18期抽抽樂限時特惠,,[查看](https://cg.originmood.com/NewsContent/zh_TW/mlbb_news_16824.html)
2026-04-09,寵物／秘寶,,,神櫻綻放 春日女神限定召喚,天叢雲櫻、櫻、花季倉鼠,[查看](https://cg.originmood.com/NewsContent/zh_TW/mlbb_news_16794.html)
2026-04-03,活動／營運,,,關於網頁活動「新年慶典」領取獎勵延期的公告,,[查看](https://cg.originmood.com/NewsContent/zh_TW/mlbb_news_16774.html)
2026-04-01,寵物／秘寶,,,聖光破曉 虛空之龍震撼來襲,梅莉珊卓、虛空魔龍,[查看](https://cg.originmood.com/NewsContent/zh_TW/mlbb_news_16764.html)
2026-03-25,寵物／秘寶,,,最強家族招募大作戰 貪慾牛魔限時來襲,喵喵寶寶I、喵喵寶寶II、喵喵寶寶III、喵喵寶寶IV、巴力寶寶I、巴力寶寶II、巴力寶寶III、巴力寶寶IV、貪慾牛魔、賽拉芬寶寶I、賽拉芬寶寶II、賽拉芬寶寶III、賽拉芬寶寶IV、魔官遊獄石,[查看](https://cg.originmood.com/NewsContent/zh_TW/mlbb_news_16724.html)
2026-03-19,賽事,,,任務爭霸賽第31季開啟,,[查看](https://cg.originmood.com/NewsContent/zh_TW/mlbb_news_16704.html)
2026-03-12,職業／系統,,,連破試煉迴廊 傳承寵物珍貴技能,梅利莎、異型火蜂,[查看](https://cg.originmood.com/NewsContent/zh_TW/mlbb_news_16684.html)
2026-03-09,賽事,,,PVP爭霸賽第18期正式開啟,,[查看](https://cg.originmood.com/NewsContent/zh_TW/mlbb_news_16664.html)
2026-03-04,活動／營運,,,關於網頁活動「新年慶典」延期的公告,,[查看](https://cg.originmood.com/NewsContent/zh_TW/mlbb_news_16654.html)
2026-03-03,寵物／秘寶,,,雪之冰華傳說 通往神域的覺醒門扉,天叢雲雪、雪,[查看](https://cg.originmood.com/NewsContent/zh_TW/mlbb_news_16644.html)
2026-03-02,賽事,,,PVP爭霸賽第18期開啟預告,,[查看](https://cg.originmood.com/NewsContent/zh_TW/mlbb_news_16634.html)
2026-02-26,節慶／活動,,,元宵兄弟情 法蘭共度團圓夜,殺龍之歐茲尼克、熱砂之歐茲那克、糯糯靴靈,[查看](https://cg.originmood.com/NewsContent/zh_TW/mlbb_news_16614.html)
2026-02-14,節慶／活動,,,馬年新春賀喜 祝福領好禮,愛情氣球,[查看](https://cg.originmood.com/NewsContent/zh_TW/mlbb_news_16564.html)
2026-02-12,寵物／秘寶,,,光之指引救贖之子 保底必得馬年限定寵物,噗栗君、噗栗大王、噗栗桑、噗栗醬、天叢雲舞、小錦人馬、改造冰原獨角獸、改造布偶夏莉、改造露比、改造飛馬公主、爆蛋嚕嚕、舞、赤血飛馬、露比、青墨海馬、鞭炮靴怪,[查看](https://cg.originmood.com/NewsContent/zh_TW/mlbb_news_16554.html)
2026-02-12,賽事,,,任務爭霸賽第30期開啟,,[查看](https://cg.originmood.com/NewsContent/zh_TW/mlbb_news_16544.html)
2026-02-11,地圖／任務,新任務,開放主線任務：救贖之子,2月12日維護公告,,[查看](https://cg.originmood.com/NewsContent/zh_TW/mlbb_news_16534.html)
2026-02-04,寵物／秘寶,,,蛇舞寶箱大派對 限定好禮全集結,,[查看](https://cg.originmood.com/NewsContent/zh_TW/mlbb_news_16524.html)
2026-02-02,寵物／秘寶,,,累計消費活動上線,比特魔蝠,[查看](https://cg.originmood.com/NewsContent/zh_TW/mlbb_news_16494.html)
2026-01-30,寵物／秘寶,,,駕馭禁忌之力 簽訂噬歲時序的傳說,嗜血狂狼、噬歲狼王、春,[查看](https://cg.originmood.com/NewsContent/zh_TW/mlbb_news_16484.html)
2026-01-21,地圖／任務,,,黃金迷宮與神龍的傳說 保底必得限定黃金獸,伊莉絲、岩柱、赤金翼獅、食夢貘、黃金史萊姆,[查看](https://cg.originmood.com/NewsContent/zh_TW/mlbb_news_16444.html)
2026-01-08,寵物／秘寶,,,春日同行 亞紀子與喵 迎春特典十連六折優惠,亞紀子、方塊喵,[查看](https://cg.originmood.com/NewsContent/zh_TW/mlbb_news_16404.html)
2026-01-04,賽事,,,PVP爭霸賽第17期抽抽樂限時特惠,,[查看](https://cg.originmood.com/NewsContent/zh_TW/mlbb_news_16384.html)
2025-12-31,寵物／秘寶,,,千年血脈的呼喚勇者小隊再集結 首日9折&首週血脈共鳴成功率直升三倍,劍士里昂、劍術大師里昂、大魔導師艾夏菲、巫師耶克爾、巫王耶克爾、戰斧大師帕里修斯、戰斧帕里修斯、魔術師艾夏菲,[查看](https://cg.originmood.com/NewsContent/zh_TW/mlbb_news_16364.html)
2025-12-24,寵物／秘寶,,,失蹤的馴鹿大作戰 與搗蛋大王的約定,奔旦君、奔旦大王、奔旦桑、奔旦醬、平安海葵、改造糖果大地鼠、改造聖誕水藍鼠、改造馴鹿,[查看](https://cg.originmood.com/NewsContent/zh_TW/mlbb_news_16344.html)
2025-12-12,寵物／秘寶,,,虛無暗淵之主 沉睡的紫獄龍王,幻紫飛龍、紫獄龍王,[查看](https://cg.originmood.com/NewsContent/zh_TW/mlbb_news_16314.html)
2025-12-10,節慶／活動,,,惡龍大亂鬥 拯救聖誕火雞,八重紫、巫蛇妖姬、梅花喵、極地雪人,[查看](https://cg.originmood.com/NewsContent/zh_TW/mlbb_news_16284.html)
2025-12-05,節慶／活動,,,法蘭聖誕序曲 暖冬歸途獻豪禮,冰冰雪人、劈哩君、劈哩大王、劈哩桑、劈哩醬、圍巾雪人,[查看](https://cg.originmood.com/NewsContent/zh_TW/mlbb_news_16264.html)
2025-11-27,寵物／秘寶,,,埃爾美達樹之淚 決戰淺域龍神,弒殺螳螂、海拉爾戰士、淺域龍神、第16期亞軍寵、第16期金怪,[查看](https://cg.originmood.com/NewsContent/zh_TW/mlbb_news_16244.html)
2025-11-26,地圖／任務,新任務,開放家族任務：家族水晶鑄造,11月27日維護公告,,[查看](https://cg.originmood.com/NewsContent/zh_TW/mlbb_news_16234.html)
2025-11-20,地圖／任務,,,玩轉小任務 轉盤樂翻天,烏傑比,[查看](https://cg.originmood.com/NewsContent/zh_TW/mlbb_news_16224.html)
2025-11-17,賽事,,,PVP爭霸賽第17期正式開啟,,[查看](https://cg.originmood.com/NewsContent/zh_TW/mlbb_news_16204.html)
2025-11-13,寵物／秘寶,,,帝國傳奇現世 穿越千年的寶藏,帝國士兵菲爾、玄武石巨像、銀龍騎士團古娜,[查看](https://cg.originmood.com/NewsContent/zh_TW/mlbb_news_16194.html)
2025-11-10,寵物／秘寶,,,跨越死亡冥域的契約 掌控不朽龍王之力,渡、紫金冥龍、紫金暴龍王,[查看](https://cg.originmood.com/NewsContent/zh_TW/mlbb_news_16164.html)
2025-11-10,賽事,,,任務爭霸賽第28季開啟,,[查看](https://cg.originmood.com/NewsContent/zh_TW/mlbb_news_16174.html)
2025-11-10,賽事,,,PVP爭霸賽第17期開啟預告,強擊漂浮炸彈,[查看](https://cg.originmood.com/NewsContent/zh_TW/mlbb_news_16144.html)
2025-10-29,節慶／活動,,,勇闖寵物傳承聖殿 狂歡萬聖驚魂夜,欺詐小魅魔、白銀冥鬥士、風之使徒,[查看](https://cg.originmood.com/NewsContent/zh_TW/mlbb_news_16124.html)
2025-10-29,地圖／任務,新任務,開放寵物技能任務：寵物技能聖殿,10月30日維護公告,,[查看](https://cg.originmood.com/NewsContent/zh_TW/mlbb_news_16114.html)
2025-10-20,賽事,,,PVP爭霸賽第16期抽抽樂限時特惠,,[查看](https://cg.originmood.com/NewsContent/zh_TW/mlbb_news_16074.html)
2025-10-15,寵物／秘寶,,,王國遠征令啟程 解鎖寵物傳承之力,死亡狂蜂、波卡加、魯恩卡爾,[查看](https://cg.originmood.com/NewsContent/zh_TW/mlbb_news_16064.html)
2025-10-15,地圖／任務,新任務,開放寵物技能前置任務：王國遠征軍；開放技能任務：心眼,10月16日維護公告,,[查看](https://cg.originmood.com/NewsContent/zh_TW/mlbb_news_16054.html)
2025-10-10,寵物／秘寶,,,改造狂想曲 超越極限的雙重詠嘆,寒冰奇美拉、綾香、艾德奇美拉,[查看](https://cg.originmood.com/NewsContent/zh_TW/mlbb_news_16044.html)
2025-10-01,地圖／任務,,,中秋月宮遇奇緣 嫦娥邀君解危局,吳桂、地瓜兔、嫦娥仙子、菲尼利特、蘿蔔兔、雪見大福兔兔、黑糖大福兔兔,[查看](https://cg.originmood.com/NewsContent/zh_TW/mlbb_news_16004.html)
2025-09-22,賽事,,,關於PVP爭霸賽第16期重新開賽的公告,,[查看](https://cg.originmood.com/NewsContent/zh_TW/mlbb_news_15924.html)
2025-09-20,賽事,,,關於PVP爭霸賽淘汰賽延期開賽的公告,,[查看](https://cg.originmood.com/NewsContent/zh_TW/mlbb_news_15914.html)
2025-09-17,寵物／秘寶,,,孵化家族至尊聖獸 海洋使徒的四方之契,心春、極奢鼠皇、歐比康、海洋使徒、翔太、芽依,[查看](https://cg.originmood.com/NewsContent/zh_TW/mlbb_news_15874.html)
2025-09-17,地圖／任務,新任務,開放任務：家族聖獸試煉,9月18日維護公告,,[查看](https://cg.originmood.com/NewsContent/zh_TW/mlbb_news_15824.html)
2025-09-09,寵物／秘寶,,,聖紋啟示錄 龍與騎士的誓約,聖槍騎士、聖紋地龍、魔紋幼龍,[查看](https://cg.originmood.com/NewsContent/zh_TW/mlbb_news_15804.html)
2025-09-09,賽事,,,任務爭霸賽第27季開啟,,[查看](https://cg.originmood.com/NewsContent/zh_TW/mlbb_news_15814.html)
2025-09-04,寵物／秘寶,,,中元幽冥之瞳 骷髏王的王權迴響,中元腐屍、僵屍王爺、僵屍貝勒、骷髏海盜王,[查看](https://cg.originmood.com/NewsContent/zh_TW/mlbb_news_15784.html)
2025-08-28,節慶／活動,,,商城上架七夕特惠道具的公告,,[查看](https://cg.originmood.com/NewsContent/zh_TW/mlbb_news_15754.html)
2025-08-28,賽事,,,PVP爭霸賽第16期開啟預告,,[查看](https://cg.originmood.com/NewsContent/zh_TW/mlbb_news_15764.html)
2025-08-21,節慶／活動,,,七夕尋姻緣相思祈願箋 首日77折&77抽必得節日限定寵物,德蘭多爾、愛情花妖、戈魯姆、瑟菲雅,[查看](https://cg.originmood.com/NewsContent/zh_TW/mlbb_news_15734.html)
2025-08-07,寵物／秘寶,,,血染千魂妖刀 白焰的救贖對決,妖刀、白焰、鬼眼村正,[查看](https://cg.originmood.com/NewsContent/zh_TW/mlbb_news_15704.html)
2025-08-06,地圖／任務,,,誕生24週年慶最終彈 勇者道場激鬥奪寶箱,星海魚人、礦工寄居蟹、菲利克斯、魚人狂戰士,[查看](https://cg.originmood.com/NewsContent/zh_TW/mlbb_news_15694.html)
2025-07-24,節慶／活動,,,《魔力寶貝》24週年誕生慶典 正式展開！,24週年慶噩夢鼠、24週年慶大地鼠、24週年慶水龍蜥、24週年慶螳螂、24週年慶黃蜂、寶寶炸彈、小白鴨、快樂咩、橘胖團團、爆炎晶魚、生日咩、緋璇、賀歲鴨,[查看](https://cg.originmood.com/NewsContent/zh_TW/mlbb_news_15634.html)
2025-07-10,寵物／秘寶,,,盛夏之約 少女與人魚的夏日絮語,海藍蝙蝠、皮娜,[查看](https://cg.originmood.com/NewsContent/zh_TW/mlbb_news_15594.html)
2025-07-03,寵物／秘寶,,,地獄之門將啟！速奪紅魔寶箱，化身閻魔之主！,地獄閻魔、紅魔,[查看](https://cg.originmood.com/NewsContent/zh_TW/mlbb_news_15574.html)
2025-06-25,寵物／秘寶,,,黑潮巨獸謎蹤 深海龍王現世,乘浪企鵝、深海鳥魔、深海龍王、琴瑟海妖、衝浪小黃鴨,[查看](https://cg.originmood.com/NewsContent/zh_TW/mlbb_news_15554.html)
2025-06-25,地圖／任務,新任務,開放任務：歎息之海,6月26日維護公告,,[查看](https://cg.originmood.com/NewsContent/zh_TW/mlbb_news_15544.html)
2025-06-11,寵物／秘寶,,,霸王啾啾失踪事件 勇闖深海遺跡,墮落天使、寒武小丑魚、珊瑚海葵、青藻海帶,[查看](https://cg.originmood.com/NewsContent/zh_TW/mlbb_news_15414.html)
2025-06-11,地圖／任務,新任務,開放任務：黑潮遺跡,6月12日維護公告,,[查看](https://cg.originmood.com/NewsContent/zh_TW/mlbb_news_15404.html)
2025-06-09,賽事,,,PVP爭霸賽第15期正式開啟,,[查看](https://cg.originmood.com/NewsContent/zh_TW/mlbb_news_15394.html)
2025-06-06,寵物／秘寶,,,命運雙子 共譜星辰之路,星雲、流星、黃金加百列,[查看](https://cg.originmood.com/NewsContent/zh_TW/mlbb_news_15384.html)
2025-05-28,寵物／秘寶,,,龍舟傳祝福 龍祖山激鬥,碧水龍舟、糯米粽子、紅甲蠍,[查看](https://cg.originmood.com/NewsContent/zh_TW/mlbb_news_15344.html)
2025-05-28,地圖／任務,限時任務,開放限時任務：端午節活動,5月29日維護公告,,[查看](https://cg.originmood.com/NewsContent/zh_TW/mlbb_news_15334.html)
2025-05-21,節慶／活動,,,《魔力寶貝：永恆初心》四週年活動最終彈 週年巡遊禮,日輪火使、星鑽豬王、歌姬女皇、水晶豬王、皇鑽豬王、鳶尾花妖,[查看](https://cg.originmood.com/NewsContent/zh_TW/mlbb_news_15324.html)
2025-05-19,賽事,,,PVP爭霸賽第14期抽抽樂限時特惠,烏拉諾斯,[查看](https://cg.originmood.com/NewsContent/zh_TW/mlbb_news_15304.html)
2025-05-14,地圖／任務,,,《魔力寶貝：永恆初心》四週年活動第三彈 王者道場試煉開啟,地之使徒、地獄蝙蝠、札拉庫、牛仔靴怪,[查看](https://cg.originmood.com/NewsContent/zh_TW/mlbb_news_15274.html)
2025-05-07,節慶／活動,,,《魔力寶貝：永恆初心》四週年活動第二彈火熱進行中,冰獄骷髏、小丑豬寶、改造鈦白嚇人箱、桃紅巫寶、白雪、鈦白嚇人箱、魔術豬寶,[查看](https://cg.originmood.com/NewsContent/zh_TW/mlbb_news_15254.html)
2025-05-07,地圖／任務,新任務,開放任務：寶箱獵人,5月8日維護公告,,[查看](https://cg.originmood.com/NewsContent/zh_TW/mlbb_news_15244.html)
2025-05-04,寵物／秘寶,,,銀龍傳說再現 重塑世界法則,白銀巨龍、神聖白龍王、裁決白龍王,[查看](https://cg.originmood.com/NewsContent/zh_TW/mlbb_news_15234.html)
2025-05-01,地圖／任務,地圖預告,首度曝光全新地圖「荒漠之地」,《魔力寶貝：永恆初心》四週年慶典燃情啟幕！神代戰神「玄黎」破界降臨，與你共鑄不朽傳說！,大地毒蛛、小白鼠、小紅鼠、暴狨獸、火焰倉鼠、玄黎、胖寶倉鼠、雪地倉鼠、飛櫻螳螂,[查看](https://cg.originmood.com/NewsContent/zh_TW/mlbb_news_15224.html)
2025-04-30,地圖／任務,新任務,開放任務：混沌的宿命,5月1日維護公告,,[查看](https://cg.originmood.com/NewsContent/zh_TW/mlbb_news_15214.html)
2025-04-29,賽事,,,關於取消PVP爭霸賽「獅子魚的榮耀」隊伍比賽資格的公告,,[查看](https://cg.originmood.com/NewsContent/zh_TW/mlbb_news_15184.html)
2025-04-16,寵物／秘寶,,,穿越寒霧的絮語 來自空島的承諾,地底龍龜、威爾士紅龍、阿德基姆、黑樺斑蝶,[查看](https://cg.originmood.com/NewsContent/zh_TW/mlbb_news_15114.html)
2025-04-16,地圖／任務,新任務,開放任務：星夜祭的承諾,4月17日維護公告,,[查看](https://cg.originmood.com/NewsContent/zh_TW/mlbb_news_15104.html)
2025-04-07,賽事,,,PVP爭霸賽第14期正式開啟,,[查看](https://cg.originmood.com/NewsContent/zh_TW/mlbb_news_15054.html)
2025-04-03,寵物／秘寶,,,無盡櫻海綻放 緋紅巨龍歸來,古美絲、櫻花龍、緋紅巨龍,[查看](https://cg.originmood.com/NewsContent/zh_TW/mlbb_news_15044.html)
2025-04-02,寵物／秘寶,,,來自千年的守望 闇影君王覺醒,嗜血骷髏、巴洛妮克、美洲仙人掌、雷暴殺人蜂,[查看](https://cg.originmood.com/NewsContent/zh_TW/mlbb_news_14974.html)
2025-04-02,地圖／任務,新任務,開放混沌雙子 主線任務：闇影君王,4月3日維護公告,,[查看](https://cg.originmood.com/NewsContent/zh_TW/mlbb_news_14964.html)
2025-03-19,職業／系統,,,關於延期開放遊戲視窗上限的公告,,[查看](https://cg.originmood.com/NewsContent/zh_TW/mlbb_news_14944.html)
2025-03-19,寵物／秘寶,,,軍團挑戰召集令 每日轉盤天天抽,貝貝菈、霸天魔鷹、黃金翼龍,[查看](https://cg.originmood.com/NewsContent/zh_TW/mlbb_news_14934.html)
2025-03-13,賽事,,,PVP爭霸賽第13期抽抽樂限時特惠,,[查看](https://cg.originmood.com/NewsContent/zh_TW/mlbb_news_14904.html)
2025-03-06,寵物／秘寶,,,墜入黑暗的光芒 神女千夜降臨,千夜、沙暴仙人掌、紅唇蝌魚,[查看](https://cg.originmood.com/NewsContent/zh_TW/mlbb_news_14854.html)
2025-03-06,賽事,,,任務爭霸賽第24季開啟,,[查看](https://cg.originmood.com/NewsContent/zh_TW/mlbb_news_14864.html)
2025-03-03,寵物／秘寶,,,魔豬重生轉世 八戒覺醒降世,菲洛緹亞、豬八戒、豬剛鬣、魔豬,[查看](https://cg.originmood.com/NewsContent/zh_TW/mlbb_news_14824.html)
2025-02-20,職業／系統,,,第八軍團長選拔試煉 全新寵物跟隨系統勁爆登場,戰錘軍長、流星菇、裂空哥布林,[查看](https://cg.originmood.com/NewsContent/zh_TW/mlbb_news_14794.html)
2025-02-19,地圖／任務,新任務,開放任務：軍團試煉,2月20日維護公告,,[查看](https://cg.originmood.com/NewsContent/zh_TW/mlbb_news_14784.html)
2025-02-10,賽事,,,PVP爭霸賽第13期正式開啟,,[查看](https://cg.originmood.com/NewsContent/zh_TW/mlbb_news_14744.html)
2025-02-06,寵物／秘寶,,,今宵共賞月 愛鼠來相伴,吉利豬、情人節鼠王、愛情康乃馨,[查看](https://cg.originmood.com/NewsContent/zh_TW/mlbb_news_14704.html)
2025-02-02,賽事,,,PVP爭霸賽第13期預告,,[查看](https://cg.originmood.com/NewsContent/zh_TW/mlbb_news_14674.html)
2025-01-28,寵物／秘寶,,,宿命的交織 八岐大蛇降臨,八岐大蛇、弓射手桐香、梅宗,[查看](https://cg.originmood.com/NewsContent/zh_TW/mlbb_news_14664.html)
2025-01-22,節慶／活動,,,喜迎新年集靈珠 回歸豪禮大放送,月見紗、素白蛇姬、聖刀賽格梅特、藍海蛇姬、赤鏈蛇姬、醒獅年獸、金鱗蛇姬、雨傘節、青靈蛇姬,[查看](https://cg.originmood.com/NewsContent/zh_TW/mlbb_news_14624.html)
2025-01-15,賽事,,,冠軍寵物強勢來襲 鼠王家族限時返場,刀師賽格梅特、巨捧金剛,[查看](https://cg.originmood.com/NewsContent/zh_TW/mlbb_news_14544.html)
2025-01-02,寵物／秘寶,,,遠古巨人之謎 泰坦寵物裝備強勢來襲,寶瓶妖靈、泰坦赫里斯、白銀巨像、紺青之棺、魔女蕾亞、黃金泰坦,[查看](https://cg.originmood.com/NewsContent/zh_TW/mlbb_news_14494.html)
2025-01-01,寵物／秘寶,,,遠古傳承的交織 賽格梅特之魂,劍士賽格梅特、咒師賽格梅特、女皇賽格梅特、弓箭手賽格梅特、戰斧賽格梅特、新生賽格梅特、格鬥家賽格梅特、聖劍賽格梅特、聖咒賽格梅特、聖弓賽格梅特、聖斧賽格梅特、聖騎賽格梅特、聖鬥賽格梅特、騎士賽格梅特,[查看](https://cg.originmood.com/NewsContent/zh_TW/mlbb_news_14474.html)
2025-01-01,賽事,,,任務爭霸賽第23季開啟,,[查看](https://cg.originmood.com/NewsContent/zh_TW/mlbb_news_14484.html)
2024-12-19,節慶／活動,,,冰雪獵魔人降臨 點亮法蘭聖誕之夜,冰雪獵魔人、冰雪魔人、劇毒花妖王、死亡樹魔、聖誕北極熊,[查看](https://cg.originmood.com/NewsContent/zh_TW/mlbb_news_14434.html)
2024-12-18,地圖／任務,限時任務,開放限時任務：營救聖誕老人；開放限時任務：聖誕驚喜樹,12月19日維護公告,,[查看](https://cg.originmood.com/NewsContent/zh_TW/mlbb_news_14414.html)
2024-12-09,寵物／秘寶,,,喚醒最純潔的光輝 潘妮與你來相會,潘妮、番茄咩、聖誕豬王,[查看](https://cg.originmood.com/NewsContent/zh_TW/mlbb_news_14364.html)
2024-12-05,節慶／活動,,,惡龍大亂鬥 拯救聖誕火雞,冰魄龍骨、桂紅鴨、火火兔、紅凱、聖誕節火雞、聖誕節鴕雞,[查看](https://cg.originmood.com/NewsContent/zh_TW/mlbb_news_14344.html)
2024-12-04,地圖／任務,限時任務,開放限時任務：失蹤的火雞活動,12月5日維護公告,,[查看](https://cg.originmood.com/NewsContent/zh_TW/mlbb_news_14334.html)
2024-12-02,賽事,,,PVP爭霸賽第12期正式開啟,,[查看](https://cg.originmood.com/NewsContent/zh_TW/mlbb_news_14304.html)
2024-11-26,賽事,,,PVP爭霸賽第十一期抽抽樂限時特惠,,[查看](https://cg.originmood.com/NewsContent/zh_TW/mlbb_news_14284.html)
2024-11-25,賽事,,,PVP爭霸賽第12期預告,,[查看](https://cg.originmood.com/NewsContent/zh_TW/mlbb_news_14274.html)
2024-11-22,節慶／活動,,,惡魔龍骨狂舞 感恩節大挑戰,岩帝龍骨、幼年岩帝龍骨、幼年聖金龍骨、火達雞、聖金龍骨,[查看](https://cg.originmood.com/NewsContent/zh_TW/mlbb_news_14254.html)
2024-11-20,地圖／任務,限時任務,開放限時任務：感恩節活動,11月22日維護公告,,[查看](https://cg.originmood.com/NewsContent/zh_TW/mlbb_news_14244.html)
2024-11-14,地圖／任務,新地圖,開放地圖：森達爾村莊,開放森達爾村莊 納卡斯之影,紅靴精靈,[查看](https://cg.originmood.com/NewsContent/zh_TW/mlbb_news_14224.html)
2024-11-13,地圖／任務,新任務,開放任務：納卡斯之影,11月14日維護公告,,[查看](https://cg.originmood.com/NewsContent/zh_TW/mlbb_news_14214.html)
2024-11-11,寵物／秘寶,,,撒旦重生 深淵的邪靈召喚,墮天使撒旦、影男、豆豆,[查看](https://cg.originmood.com/NewsContent/zh_TW/mlbb_news_14184.html)
2024-11-08,寵物／秘寶,,,勇者小戰場 集結戰BOSS,影女、星之巨鉗蟹、沐火碧睛獸、淘氣炸彈、風舞巫魅,[查看](https://cg.originmood.com/NewsContent/zh_TW/mlbb_news_14164.html)
2024-11-08,賽事,,,任務爭霸賽第22季開啟,,[查看](https://cg.originmood.com/NewsContent/zh_TW/mlbb_news_14174.html)
2024-10-24,寵物／秘寶,,,午夜狂歡 萬鬼夜行,炎魔龍骨、萬聖食屍鬼、萬聖鬼斧,[查看](https://cg.originmood.com/NewsContent/zh_TW/mlbb_news_14144.html)
2024-10-16,職業／系統,,,網頁角色銀行火熱開啟,,[查看](https://cg.originmood.com/NewsContent/zh_TW/mlbb_news_14114.html)
2024-10-16,職業／系統,,,烏嚕的情感大作戰 網頁角色銀行開啟,,[查看](https://cg.originmood.com/NewsContent/zh_TW/mlbb_news_14104.html)
2024-10-10,寵物／秘寶,,,夢魘降臨 解秘惡魔的呢喃,單眼藍巨人、夢之惡魔、鳳橘花妖王,[查看](https://cg.originmood.com/NewsContent/zh_TW/mlbb_news_14084.html)
2024-10-09,寵物／秘寶,,,吹雪的巫女 激鬥魔晶巨龍,吹雪、咒殺型小櫻、魔晶巨龍、魔晶暴龍王,[查看](https://cg.originmood.com/NewsContent/zh_TW/mlbb_news_14074.html)
2024-10-01,賽事,,,PVP爭霸賽第11期重新開放報名的公告,,[查看](https://cg.originmood.com/NewsContent/zh_TW/mlbb_news_14034.html)
2024-09-29,賽事,,,PVP爭霸賽第11期正式開啟,,[查看](https://cg.originmood.com/NewsContent/zh_TW/mlbb_news_14024.html)
2024-09-27,賽事,,,PVP爭霸賽第11期預告,,[查看](https://cg.originmood.com/NewsContent/zh_TW/mlbb_news_14014.html)
2024-09-26,地圖／任務,,,海底拯救之路 戰慄的魚人宮,暗黑幼龍、暗黑飛龍、碧水藍菇、阿特拉斯海豚,[查看](https://cg.originmood.com/NewsContent/zh_TW/mlbb_news_13994.html)
2024-09-26,賽事,,,PVP爭霸賽第十期抽抽樂限時特惠,戰鬥亡靈、戰鬥使魔、戰鬥旋律影子、戰鬥死亡樹精、戰鬥海盜、戰鬥火焰鼠、戰鬥火精、戰鬥火龍蜥、戰鬥烈風鳥人、戰鬥獅鷲獸、戰鬥粉紅菇、戰鬥純白嚇人箱、戰鬥致命螳螂、戰鬥藍蠍、戰鬥蜥蝪戰士、戰鬥血腥之刃、戰鬥貓熊、戰鬥骷髏戰士,[查看](https://cg.originmood.com/NewsContent/zh_TW/mlbb_news_14004.html)
2024-09-25,地圖／任務,新任務,開放海底世界主線任務：戰慄的魚人宮,9月26日維護公告,,[查看](https://cg.originmood.com/NewsContent/zh_TW/mlbb_news_13984.html)
2024-09-12,賽事,,,任務爭霸賽第21季開啟,,[查看](https://cg.originmood.com/NewsContent/zh_TW/mlbb_news_13944.html)
2024-09-12,地圖／任務,,,中秋月下會嫦娥 月宮奇遇結仙緣,彩虹麻薯兔兔、櫻花麻薯兔兔、琉璃麻薯兔兔、紫薯麻薯兔兔、黃金樹靈,[查看](https://cg.originmood.com/NewsContent/zh_TW/mlbb_news_13934.html)
2024-09-11,地圖／任務,限時任務,開放限時任務：中秋節活動,9月12日維護公告,,[查看](https://cg.originmood.com/NewsContent/zh_TW/mlbb_news_13914.html)
2024-09-06,寵物／秘寶,,,召喚風暴軍團 掌控疾風之力,兵長馬里諾、風暴軍團長武魂、風暴軍團長魔魂,[查看](https://cg.originmood.com/NewsContent/zh_TW/mlbb_news_13904.html)
2024-08-29,地圖／任務,,,麗夏村的騷亂 隱密的魅影惡魔,巴拿猴、碧魯猴、紅雲瓢蟲、赤炎黑熊、速遞企鵝、魅之惡魔,[查看](https://cg.originmood.com/NewsContent/zh_TW/mlbb_news_13884.html)
2024-08-28,地圖／任務,新任務,開放主線任務：騷亂魅影,8月29日維護公告,,[查看](https://cg.originmood.com/NewsContent/zh_TW/mlbb_news_13824.html)
2024-08-22,賽事,,,PVP爭霸賽第九期限時抽抽樂,,[查看](https://cg.originmood.com/NewsContent/zh_TW/mlbb_news_13814.html)
2024-08-21,地圖／任務,新地圖,開放地圖：麗夏村,8月29日維護公告,,[查看](https://cg.originmood.com/NewsContent/zh_TW/mlbb_news_13794.html)
2024-08-15,寵物／秘寶,,,中元節驚悚來襲 魔女妮可的低語,伯爵之棺、墓碑鬼手、魔女妮可、魔道死靈,[查看](https://cg.originmood.com/NewsContent/zh_TW/mlbb_news_13784.html)
2024-08-14,地圖／任務,新任務,開放任務：迷亂之鄉,8月15日維護公告,,[查看](https://cg.originmood.com/NewsContent/zh_TW/mlbb_news_13764.html)
2024-08-08,寵物／秘寶,,,關於魔力盲盒（26）的概率公告,七夕水藍鼠、星幻冥神,[查看](https://cg.originmood.com/NewsContent/zh_TW/mlbb_news_13754.html)
2024-08-08,節慶／活動,,,《魔力寶貝》23週年慶最終彈,依格羅斯、愛情天使、時雨天、火焰舞動者、神聖天使,[查看](https://cg.originmood.com/NewsContent/zh_TW/mlbb_news_13744.html)
2024-08-05,賽事,,,PVP爭霸賽第10期正式開啟,,[查看](https://cg.originmood.com/NewsContent/zh_TW/mlbb_news_13714.html)
2024-07-31,賽事,,,任務爭霸賽第20季開啟,,[查看](https://cg.originmood.com/NewsContent/zh_TW/mlbb_news_13694.html)
2024-07-31,節慶／活動,,,23週年慶第二彈火熱進行中,卡蘿、天界蝙蝠、戰鬥天使、碧藍妖精,[查看](https://cg.originmood.com/NewsContent/zh_TW/mlbb_news_13684.html)
2024-07-19,賽事,,,PVP爭霸賽第10期開啟預告,,[查看](https://cg.originmood.com/NewsContent/zh_TW/mlbb_news_13634.html)
2024-07-17,節慶／活動,,,魔力寶貝23週年慶第一彈正式開啟,大地詛咒者、寒冰詛咒者、幻之惡魔、惡魔女帝、火焰詛咒者、虛弱的大地詛咒者、虛弱的寒冰詛咒者、虛弱的火焰詛咒者、虛弱的雷霆詛咒者、雙星暗影、雷霆詛咒者,[查看](https://cg.originmood.com/NewsContent/zh_TW/mlbb_news_13624.html)
2024-07-05,寵物／秘寶,,,改造藝術的巔峰 黑暗奇美拉登場,地行布卡、艾克尼奇美拉、阿魯巴斯試做體、雨型妖犬,[查看](https://cg.originmood.com/NewsContent/zh_TW/mlbb_news_13544.html)
2024-07-03,寵物／秘寶,,,海洋寵物派對 夏日探險奇遇,深海巨鯊、深海狼蛛、緣小鴨、黃銅豚魚,[查看](https://cg.originmood.com/NewsContent/zh_TW/mlbb_news_13524.html)
2024-07-01,職業／系統,,,星圖第四季開啟,嗜血魔蛟、幻金晶魚、拉賈、栗、魔女洛麗,[查看](https://cg.originmood.com/NewsContent/zh_TW/mlbb_news_13494.html)
2024-06-27,賽事,,,任務爭霸賽第19季開啟,,[查看](https://cg.originmood.com/NewsContent/zh_TW/mlbb_news_13464.html)
2024-06-23,賽事,,,關於PVP爭霸賽半決賽的公告,,[查看](https://cg.originmood.com/NewsContent/zh_TW/mlbb_news_13424.html)
2024-06-21,地圖／任務,,,關於每日大轉盤部分任務道具無法完成的公告,,[查看](https://cg.originmood.com/NewsContent/zh_TW/mlbb_news_13414.html)
2024-06-19,地圖／任務,,,玩轉小任務 轉盤樂翻天,地獄殺人螳螂、審判魔靈、彼特、戰錘魔偶、梅藏、紫泉蛙、赤焰獨角獸,[查看](https://cg.originmood.com/NewsContent/zh_TW/mlbb_news_13394.html)
2024-06-06,節慶／活動,,,端午登祖山 喜贏賽龍舟,喜焰龍舟、瑞竹龍舟、紅糖粽子、綠豆粽子,[查看](https://cg.originmood.com/NewsContent/zh_TW/mlbb_news_13254.html)
2024-06-06,寵物／秘寶,,,歸來的王者 煉獄軍團長登場,兵長麥、山賊王、改造墮天使、改造布丁史萊姆、改造殺人蜂、改造火焰翼龍、烏莉兒、煉獄軍團長、藍拉,[查看](https://cg.originmood.com/NewsContent/zh_TW/mlbb_news_13264.html)
2024-06-03,賽事,,,PVP爭霸賽第九期正式開啟,,[查看](https://cg.originmood.com/NewsContent/zh_TW/mlbb_news_13184.html)
2024-05-30,賽事,,,任務爭霸賽第18季開啟,,[查看](https://cg.originmood.com/NewsContent/zh_TW/mlbb_news_13164.html)
2024-05-27,賽事,,,PVP爭霸賽第九期開啟預告,,[查看](https://cg.originmood.com/NewsContent/zh_TW/mlbb_news_13144.html)
2024-05-23,節慶／活動,,,《魔力寶貝：永恆初心》三週年活動最終彈,坤斧妖精、守護天使、改造地獄骷髏、改造水藍菇、改造貓妖、改造赤熊、改造迷你石像怪、深海幼龍、深海飛龍、風暴天使,[查看](https://cg.originmood.com/NewsContent/zh_TW/mlbb_news_13104.html)
2024-05-22,地圖／任務,新任務、限時任務,開放傳說之劍任務：月之勇者；開放限時任務：寵物島之旅活動,5月23日維護公告,,[查看](https://cg.originmood.com/NewsContent/zh_TW/mlbb_news_13074.html)
2024-05-16,節慶／活動,,,《魔力寶貝：永恆初心》三週年活動第三彈,拉布拉多犬、死亡木乃伊、藍色香煙鬼,[查看](https://cg.originmood.com/NewsContent/zh_TW/mlbb_news_13014.html)
2024-05-15,地圖／任務,限時任務,開放限時任務：卡牌魔法屋,5月16日維護公告,,[查看](https://cg.originmood.com/NewsContent/zh_TW/mlbb_news_13004.html)
2024-05-11,節慶／活動,,,關於三週年第一彈10連抽點券返還的公告,,[查看](https://cg.originmood.com/NewsContent/zh_TW/mlbb_news_12964.html)
2024-05-09,節慶／活動,,,《魔力寶貝：永恆初心》三週年活動第二彈,哈士奇、比格犬、秋田犬、金翼幼龍、金翼飛龍、青梟,[查看](https://cg.originmood.com/NewsContent/zh_TW/mlbb_news_12934.html)
2024-05-08,地圖／任務,限時任務,開放限時任務：週年蛋糕派送活動,5月9日維護公告,,[查看](https://cg.originmood.com/NewsContent/zh_TW/mlbb_news_12914.html)
2024-05-05,寵物／秘寶,,,森羅萬象的歸宿 與龍族的奇遇,小翠、暗黑魔龍,[查看](https://cg.originmood.com/NewsContent/zh_TW/mlbb_news_12884.html)
2024-05-02,節慶／活動,,,《魔力寶貝：永恆初心》三週年活動盛大開啟,焰獄妖犬、碧空幼龍、碧空飛龍、純白幼龍、純白雛龍、聖魂阿爾卡迪亞、赤天幼龍、赤天飛龍,[查看](https://cg.originmood.com/NewsContent/zh_TW/mlbb_news_12864.html)
2024-05-01,地圖／任務,新任務,開放任務：地獄之眼,5月2日維護公告,,[查看](https://cg.originmood.com/NewsContent/zh_TW/mlbb_news_12854.html)
2024-04-18,寵物／秘寶,,,墮落的魔王 暗黑大公雞,暗黑大公雞、浴火聖鳥、碧空海豚、魚人守衛,[查看](https://cg.originmood.com/NewsContent/zh_TW/mlbb_news_12564.html)
2024-04-17,地圖／任務,新任務,開放任務：墮落的暗靈,4月18日維護公告,,[查看](https://cg.originmood.com/NewsContent/zh_TW/mlbb_news_12534.html)
2024-04-04,寵物／秘寶,,,古代沙漠傳說 埃及三頭龍復生,冥凱、埃及三頭龍、埃及冥龍：卡洛斯、埃及冥龍：海因茨、埃及冥龍：索爾格,[查看](https://cg.originmood.com/NewsContent/zh_TW/mlbb_news_12184.html)
2024-04-03,寵物／秘寶,,,智鬥魔法牌 勇奪不死大獎,搗蛋鬼、淘氣鬼、猩紅鬼靈、皮皮鬼、紺青騎士、鬧事鬼,[查看](https://cg.originmood.com/NewsContent/zh_TW/mlbb_news_12174.html)
2024-04-01,職業／系統,,,星圖第三季開啟,亡靈骷髏士兵、大地奇美拉、蒼岩狨、青銅冥鬥士、魔金女王,[查看](https://cg.originmood.com/NewsContent/zh_TW/mlbb_news_12074.html)
2024-04-01,賽事,,,PVP爭霸賽第八期正式開啟,,[查看](https://cg.originmood.com/NewsContent/zh_TW/mlbb_news_12084.html)
2024-03-28,賽事,,,任務爭霸賽第16季開啟,,[查看](https://cg.originmood.com/NewsContent/zh_TW/mlbb_news_12044.html)
2024-03-26,賽事,,,PVP爭霸賽第八期開啟預告,,[查看](https://cg.originmood.com/NewsContent/zh_TW/mlbb_news_12004.html)
2024-03-21,地圖／任務,新地圖,推出新大陸相關任務：櫻花樹精綁架事件,開拓新大陸 櫻花樹精綁架事件,櫻花冰冷樹精、櫻花冰冷樹精長老、裂口食人花、青尾豹,[查看](https://cg.originmood.com/NewsContent/zh_TW/mlbb_news_11964.html)
2024-03-20,地圖／任務,新任務,開放主線任務：櫻花樹之淚,3月21日維護公告,,[查看](https://cg.originmood.com/NewsContent/zh_TW/mlbb_news_11954.html)
2024-03-13,賽事,,,PVP爭霸賽第七期限時抽抽樂,,[查看](https://cg.originmood.com/NewsContent/zh_TW/mlbb_news_11844.html)
2024-03-07,寵物／秘寶,,,決鬥絕望之森 掌控雷霆的魔王,別西卜、紫幽冥傘、蒼蠅王、雷鳴穴龍,[查看](https://cg.originmood.com/NewsContent/zh_TW/mlbb_news_11824.html)
2024-03-06,地圖／任務,新任務,開放任務：雷鳴之森,3月7日維護公告,,[查看](https://cg.originmood.com/NewsContent/zh_TW/mlbb_news_11814.html)
2024-03-01,寵物／秘寶,,,引領正義的使命 貝尼恰斯教團,寒冰巨龍、寒冰龍王、白銀騎士、百合少女,[查看](https://cg.originmood.com/NewsContent/zh_TW/mlbb_news_11804.html)
2024-02-29,賽事,,,任務爭霸賽第15季開啟,,[查看](https://cg.originmood.com/NewsContent/zh_TW/mlbb_news_11784.html)
2024-02-21,地圖／任務,,,元宵情人節 探尋天空城,丘比特天使、元宵巨神兵、元宵精靈、百步蛇,[查看](https://cg.originmood.com/NewsContent/zh_TW/mlbb_news_11704.html)
2024-02-21,地圖／任務,新任務、限時任務,開放任務：天空之城；開放限時任務：元宵情人節活動,2月22日維護公告,,[查看](https://cg.originmood.com/NewsContent/zh_TW/mlbb_news_11694.html)
2024-02-09,節慶／活動,,,新春獻祝福 領新春大禮包,,[查看](https://cg.originmood.com/NewsContent/zh_TW/mlbb_news_11644.html)
2024-02-07,寵物／秘寶,,,辰龍賜福 結締龍族羈絆,紅炎巨龍、紅蓮、紅蓮法師、辰龍神使紅蓮、辰龍紅炎,[查看](https://cg.originmood.com/NewsContent/zh_TW/mlbb_news_11634.html)
2024-02-02,節慶／活動,,,新春特惠，8.5折新春王寵禮盒除夕上線！！！,,[查看](https://cg.originmood.com/NewsContent/zh_TW/mlbb_news_11614.html)
2024-02-01,節慶／活動,,,迎新回歸活動,白豬太郎、白豬寶寶、純白豬王,[查看](https://cg.originmood.com/NewsContent/zh_TW/mlbb_news_11604.html)
2024-02-01,節慶／活動,,,新春遇神龍 龍寶大救援,地龍寶、小神龍、水龍寶、炎龍寶、硝石蟲、綠蒲團團、衝浪小神龍、衝浪小魔龍、風龍寶,[查看](https://cg.originmood.com/NewsContent/zh_TW/mlbb_news_11584.html)
2024-02-01,賽事,,,任務爭霸賽第14季開啟,,[查看](https://cg.originmood.com/NewsContent/zh_TW/mlbb_news_11594.html)
2024-01-29,賽事,,,PVP爭霸賽第七期正式開啟報名,,[查看](https://cg.originmood.com/NewsContent/zh_TW/mlbb_news_11554.html)
2024-01-18,寵物／秘寶,,,海巨獸之影 金鱗龍魚來襲,多足怪魚、西比亞烏賊、金鱗龍魚、鸚鵡綠螺、黃小鴨,[查看](https://cg.originmood.com/NewsContent/zh_TW/mlbb_news_11534.html)
2024-01-11,賽事,,,PVP爭霸賽第六期抽抽樂限時特惠,,[查看](https://cg.originmood.com/NewsContent/zh_TW/mlbb_news_11434.html)
2024-01-11,賽事,,,PVP爭霸賽第七期開啟預告,,[查看](https://cg.originmood.com/NewsContent/zh_TW/mlbb_news_11474.html)
2024-01-04,節慶／活動,,,聖誕花環會 相遇帝王獅,赤焰獅王、銅獅、鐵獅、黃金帝獅,[查看](https://cg.originmood.com/NewsContent/zh_TW/mlbb_news_11014.html)
2024-01-04,賽事,,,任務爭霸賽第13季開啟,,[查看](https://cg.originmood.com/NewsContent/zh_TW/mlbb_news_11024.html)
2023-12-28,職業／系統,,,星圖第二季開啟,帝國少女士兵、帝國少年士兵、火焰巨龍、蛟龍,[查看](https://cg.originmood.com/NewsContent/zh_TW/mlbb_news_10884.html)
2023-12-28,寵物／秘寶,,,女帝降臨 阿爾卡迪亞登場,劍士阿爾卡迪亞、咒術師阿爾卡迪亞、女帝阿爾卡迪亞、弓箭手阿爾卡迪亞、戰斧阿爾卡迪亞、戰魂阿爾卡迪亞、技魂阿爾卡迪亞、新生阿爾卡迪亞、格鬥家阿爾卡迪亞、武魂阿爾卡迪亞、靈魂阿爾卡迪亞、鬥魂阿爾卡迪亞、魔法師阿爾卡迪亞、魔魂阿爾卡迪亞,[查看](https://cg.originmood.com/NewsContent/zh_TW/mlbb_news_10894.html)
2023-12-20,節慶／活動,,,冰雪奇緣 來自聖誕的新夥伴,冰雪水藍鼠、琉璃花妖王、紫燄、聖誕大公雞、蒼燄、青燄,[查看](https://cg.originmood.com/NewsContent/zh_TW/mlbb_news_10844.html)
2023-12-14,地圖／任務,,,關於連破戰和星辰塔挑戰任務的積分公告,,[查看](https://cg.originmood.com/NewsContent/zh_TW/mlbb_news_10824.html)
2023-12-13,寵物／秘寶,,,黑夜之影 夢魘奪魂之主,奪魂闇影、奪魂闇影之主、奪魂陰影、奪魂陰影之主、闇影、陰影,[查看](https://cg.originmood.com/NewsContent/zh_TW/mlbb_news_10804.html)
2023-12-07,賽事,,,任務爭霸賽第12季開啟,,[查看](https://cg.originmood.com/NewsContent/zh_TW/mlbb_news_10774.html)
2023-12-06,地圖／任務,,,蒼月聖域的呼喚 探尋元素秘境,冰雪愛絲精靈、寒晶絲諾精靈、極寒雪兒精靈、蒼月聖鷹、銀雪聖誕精靈,[查看](https://cg.originmood.com/NewsContent/zh_TW/mlbb_news_10764.html)
2023-12-06,地圖／任務,新任務,開放天空之城前置任務：蒼月聖域,12月7日維護公告,,[查看](https://cg.originmood.com/NewsContent/zh_TW/mlbb_news_10754.html)
2023-12-05,職業／系統,,,關於星圖重新開放的公告,,[查看](https://cg.originmood.com/NewsContent/zh_TW/mlbb_news_10744.html)
2023-12-04,賽事,,,PVP爭霸賽第六期正式開啟報名,,[查看](https://cg.originmood.com/NewsContent/zh_TW/mlbb_news_10734.html)
2023-11-30,職業／系統,,,關於星圖活動暫時關閉的公告,,[查看](https://cg.originmood.com/NewsContent/zh_TW/mlbb_news_10724.html)
2023-11-23,地圖／任務,,,挑戰星辰塔 鍛造傳奇套裝,合金戰獅、闇影地雷、闇影機甲NXT、魔術地雷、魔術機甲ROX、黯星使者,[查看](https://cg.originmood.com/NewsContent/zh_TW/mlbb_news_10704.html)
2023-11-16,賽事,,,PVP爭霸賽第五期抽抽樂限時特惠,,[查看](https://cg.originmood.com/NewsContent/zh_TW/mlbb_news_10684.html)
2023-11-10,寵物／秘寶,,,刀客之志 狂魔與少年,刀客劍次、劍次、狂魔劍次,[查看](https://cg.originmood.com/NewsContent/zh_TW/mlbb_news_10564.html)
2023-11-09,職業／系統,新職業,正式開放刀客與鍛刀工職業，並開放刀客專屬技能「燕斬」,新職業登場！無雙刀客參上,殺龍逆刃、深淵石像魔王、牛丸、牛鬼丸、珊瑚海豚、石像魔王、血腥流刃,[查看](https://cg.originmood.com/NewsContent/zh_TW/mlbb_news_10534.html)
2023-11-08,地圖／任務,,,任務賽第11季開啟,,[查看](https://cg.originmood.com/NewsContent/zh_TW/mlbb_news_10524.html)
2023-10-25,節慶／活動,,,萬聖狂欢 百魅之夜,假面騎士、改造冥界死神、改造斬首者、改造暗黑僧侶、改造鐮刀魔、萬聖假面,[查看](https://cg.originmood.com/NewsContent/zh_TW/mlbb_news_10474.html)
2023-10-12,寵物／秘寶,,,勝利之翼 諾爾特神鷹,勝利之翼、板龍、機甲D4型、諾爾特神鷹,[查看](https://cg.originmood.com/NewsContent/zh_TW/mlbb_news_10424.html)
2023-10-12,賽事,,,任務爭霸賽第十季開啟,死神亞曆克斯、死神埃文、死神查理、死神格雷爾、牛頭狂戰士,[查看](https://cg.originmood.com/NewsContent/zh_TW/mlbb_news_10434.html)
2023-10-09,寵物／秘寶,,,劍之侍魂 武魂狂人,侍魂和馬、和馬、武士和馬,[查看](https://cg.originmood.com/NewsContent/zh_TW/mlbb_news_10404.html)
2023-10-02,賽事,,,PVP爭霸賽第五期正式開啟報名,,[查看](https://cg.originmood.com/NewsContent/zh_TW/mlbb_news_10364.html)
2023-09-25,職業／系統,,,點亮法蘭的夜空 星圖系統上線,符文晶魚、雛龍、雷伊、青蓮仙鳳、魯帕斯、黃金巨龍,[查看](https://cg.originmood.com/NewsContent/zh_TW/mlbb_news_10344.html)
2023-09-22,寵物／秘寶,,,嫦娥公主伴佳節 飛仙奔月共團圓（秘寶8折特惠！）,暗月之靈、暗月公主、月宮之靈、月宮公主、水月之靈、水月公主、猩紅之月、猩紅公主、皎月之靈、皎月公主、風月之靈、風月公主,[查看](https://cg.originmood.com/NewsContent/zh_TW/mlbb_news_10334.html)
2023-09-21,寵物／秘寶,,,霸氣魔蛇現世 元素使限時返場,吞焰妖蛇、花仙子,[查看](https://cg.originmood.com/NewsContent/zh_TW/mlbb_news_10324.html)
2023-09-13,賽事,,,任務爭霸賽第九季開啟,,[查看](https://cg.originmood.com/NewsContent/zh_TW/mlbb_news_10274.html)
2023-09-13,賽事,,,PVP爭霸賽第五期預告,,[查看](https://cg.originmood.com/NewsContent/zh_TW/mlbb_news_10294.html)
2023-09-13,賽事,,,PVP爭霸賽抽抽樂限時特惠,,[查看](https://cg.originmood.com/NewsContent/zh_TW/mlbb_news_10264.html)
2023-09-08,寵物／秘寶,,,開啟回憶的羈絆 白銀之魂猶大,地獄將軍、天啟者猶大、猶大,[查看](https://cg.originmood.com/NewsContent/zh_TW/mlbb_news_10254.html)
2023-09-08,地圖／任務,限時任務,開放限時任務：幽靈道場,不死的試煉 挑戰幽靈道場,幽紫魔靈、德魯伊之鬼、德魯伊之魂、青鸞聖鳥,[查看](https://cg.originmood.com/NewsContent/zh_TW/mlbb_news_10234.html)
2023-09-06,地圖／任務,限時任務,開放限時任務：幽靈道場,9月8日維護公告,,[查看](https://cg.originmood.com/NewsContent/zh_TW/mlbb_news_10224.html)
2023-08-30,節慶／活動,,,幽靈重現 中元禮包限時回歸,,[查看](https://cg.originmood.com/NewsContent/zh_TW/mlbb_news_10194.html)
2023-08-24,寵物／秘寶,,,相遇花妖王 雷霆幻獸大加強,噬魂毒蟹、散步花妖、星綠花妖王、雷霆神獸,[查看](https://cg.originmood.com/NewsContent/zh_TW/mlbb_news_10184.html)
2023-08-23,職業／系統,內容預告,預告第四季度推出新職業、全新任務與「天空之城」地圖,《魔力寶貝：永恆初心》新職業和地圖即將更新 第四季度全新資料篇搶先公佈,,[查看](https://cg.originmood.com/NewsContent/zh_TW/mlbb_news_10164.html)
2023-08-17,賽事,,,任務爭霸賽第八季開啟,,[查看](https://cg.originmood.com/NewsContent/zh_TW/mlbb_news_10154.html)
2023-08-11,賽事,,,PVP爭霸賽熱門寵物 限時返場,,[查看](https://cg.originmood.com/NewsContent/zh_TW/mlbb_news_10134.html)
2023-08-10,賽事,,,PVP爭霸賽第四期(懷舊系寵物賽)開啟預告,,[查看](https://cg.originmood.com/NewsContent/zh_TW/mlbb_news_10114.html)
2023-08-09,節慶／活動,,,22週年慶最終彈,22週年樹精、22週年液態史萊姆、22週年鼠王,[查看](https://cg.originmood.com/NewsContent/zh_TW/mlbb_news_10104.html)
2023-08-07,寵物／秘寶,,,改造的巔峰藝術 紅翼奇美拉的崛起,布雷歐、改造布雷歐、紅翼奇美拉,[查看](https://cg.originmood.com/NewsContent/zh_TW/mlbb_news_10084.html)
2023-08-07,賽事,,,PVP爭霸賽第三期獎勵發放通知及下期預告,,[查看](https://cg.originmood.com/NewsContent/zh_TW/mlbb_news_10074.html)
2023-07-27,節慶／活動,,,22週年慶第一彈,22週年水龍蜥、22週年螳螂、22週年黃蜂,[查看](https://cg.originmood.com/NewsContent/zh_TW/mlbb_news_9994.html)
2023-07-20,寵物／秘寶,,,被詛咒的魔靈 神隱魔偶之謎,巨錘魔偶、百變雪怪、神隱魔偶,[查看](https://cg.originmood.com/NewsContent/zh_TW/mlbb_news_9954.html)
2023-07-20,賽事,,,任務爭霸賽第七季開啟,,[查看](https://cg.originmood.com/NewsContent/zh_TW/mlbb_news_9944.html)
2023-07-12,活動／營運,,,砸出無限驚喜 原石工坊勁爆來襲,,[查看](https://cg.originmood.com/NewsContent/zh_TW/mlbb_news_9874.html)
2023-07-10,賽事,,,PVP爭霸賽第二期熱門寵物 限時返場,,[查看](https://cg.originmood.com/NewsContent/zh_TW/mlbb_news_9854.html)
2023-07-10,賽事,,,PVP爭霸賽第三期 開啟公告,戰爭女神,[查看](https://cg.originmood.com/NewsContent/zh_TW/mlbb_news_9864.html)
2023-07-07,寵物／秘寶,,,魔族改造人 不死暗醫登場,暗醫阿魯巴斯、阿魯巴斯、阿魯巴斯克隆體,[查看](https://cg.originmood.com/NewsContent/zh_TW/mlbb_news_9844.html)
2023-07-06,寵物／秘寶,,,海洋之誓 美人魚之旅,小魚仙、琴韻海妖,[查看](https://cg.originmood.com/NewsContent/zh_TW/mlbb_news_9834.html)
2023-06-30,賽事,,,PVP爭霸賽第二期獎勵發放通知及下期預告,,[查看](https://cg.originmood.com/NewsContent/zh_TW/mlbb_news_9794.html)
2023-06-21,節慶／活動,,,端午戰龍王 龍祖山激鬥,反轉袋龍、古代寒冰樹精、古代巨櫻樹王、暗裔龍王、粉紅炸彈、變異龍祖,[查看](https://cg.originmood.com/NewsContent/zh_TW/mlbb_news_9754.html)
2023-06-21,賽事,,,任務爭霸賽第六季開啟,,[查看](https://cg.originmood.com/NewsContent/zh_TW/mlbb_news_9764.html)
2023-06-15,寵物／秘寶,,,夏日的奇幻之旅 艷陽鼠王與百香公主的相遇,百香公主、百香小妖、艷陽鼠王,[查看](https://cg.originmood.com/NewsContent/zh_TW/mlbb_news_9724.html)
2023-06-13,賽事,,,關於PVP爭霸賽第二期重新報名的公告,,[查看](https://cg.originmood.com/NewsContent/zh_TW/mlbb_news_9704.html)
2023-06-12,賽事,,,PVP爭霸賽（第二期金屬系寵物賽）開啟預告,奧林匹斯戰神,[查看](https://cg.originmood.com/NewsContent/zh_TW/mlbb_news_9684.html)
2023-06-08,賽事,,,PVP爭霸決賽熱門寵物 限時返場,,[查看](https://cg.originmood.com/NewsContent/zh_TW/mlbb_news_9674.html)
2023-06-05,寵物／秘寶,,,冠絕天際 龍威鎮魔界,九頭巨蛇、喪屍魔龍、達哈卡,[查看](https://cg.originmood.com/NewsContent/zh_TW/mlbb_news_9654.html)
2023-06-01,寵物／秘寶,,,關於魔力盲盒（16）概率的公告,夜魔,[查看](https://cg.originmood.com/NewsContent/zh_TW/mlbb_news_9644.html)
2023-06-01,寵物／秘寶,,,炎熱夏至 甜蜜律動蜜瓜公主,機甲Z6型、蜜瓜公主、蜜瓜小妖,[查看](https://cg.originmood.com/NewsContent/zh_TW/mlbb_news_9624.html)
2023-06-01,賽事,,,PVP爭霸賽第一期獎勵發放通知及下期預告,,[查看](https://cg.originmood.com/NewsContent/zh_TW/mlbb_news_9634.html)
2023-05-27,賽事,,,關於5月27日PVP爭霸賽八強賽的公告,,[查看](https://cg.originmood.com/NewsContent/zh_TW/mlbb_news_9604.html)
2023-05-25,賽事,,,任務爭霸賽第五季開啟,古代白櫻長老,[查看](https://cg.originmood.com/NewsContent/zh_TW/mlbb_news_9594.html)
2023-05-25,節慶／活動,,,《魔力寶貝：永恆初心》二週年最終彈,冰霜之刃、滅魔之刃、碧空之刃、聖劍、隕星之刃,[查看](https://cg.originmood.com/NewsContent/zh_TW/mlbb_news_9584.html)
2023-05-18,節慶／活動,,,《魔力寶貝：永恆初心》二週年第三彈,地寶石精靈、水寶石精靈、火寶石精靈、破曉之刃、精靈女皇、風寶石精靈,[查看](https://cg.originmood.com/NewsContent/zh_TW/mlbb_news_9564.html)
2023-05-17,地圖／任務,新任務、限時任務,開放傳說之劍任務：鎮魂之歌；開放限時任務：週年慶祝福活動,5月18日維護公告,,[查看](https://cg.originmood.com/NewsContent/zh_TW/mlbb_news_9554.html)
2023-05-12,節慶／活動,,,《魔力寶貝：永恆初心》二週年第一彈首抽活動點數返還公告。,,[查看](https://cg.originmood.com/NewsContent/zh_TW/mlbb_news_9534.html)
2023-05-12,賽事,,,PVP爭霸賽正式賽（第一期）開啟預告,勝利女神、多刺甲龍、機甲R8型,[查看](https://cg.originmood.com/NewsContent/zh_TW/mlbb_news_9544.html)
2023-05-11,節慶／活動,,,《魔力寶貝：永恆初心》二週年第二彈,疾風劍、裁岩劍、赤炎劍、霧雨劍、魔劍,[查看](https://cg.originmood.com/NewsContent/zh_TW/mlbb_news_9524.html)
2023-05-04,賽事,,,PVP爭霸賽測試賽獎勵發放通知及下期預告,,[查看](https://cg.originmood.com/NewsContent/zh_TW/mlbb_news_9494.html)
2023-05-03,地圖／任務,限時任務、新地圖,開放限時任務：尾狐棲息地；開放限時任務：二週年集字活動；開放地圖：白砂村,5月5日維護公告,,[查看](https://cg.originmood.com/NewsContent/zh_TW/mlbb_news_9484.html)
2023-04-29,節慶／活動,,,《魔力寶貝：永恆初心》二週年活動盛大開啟,一尾狐、七尾狐、三尾狐、九尾狐、五尾狐、海洋元素使、神聖巨龍、銀狐、雷霆之怒,[查看](https://cg.originmood.com/NewsContent/zh_TW/mlbb_news_9464.html)
2023-04-27,寵物／秘寶,,,強襲之心 永無止境,強襲地雷、強襲機甲LMX、水殼龍,[查看](https://cg.originmood.com/NewsContent/zh_TW/mlbb_news_9444.html)
2023-04-27,地圖／任務,,,任務賽第四季開啟公告,古代緋櫻長老,[查看](https://cg.originmood.com/NewsContent/zh_TW/mlbb_news_9454.html)
2023-04-26,賽事,,,PVP爭霸正式賽報名規則公告,,[查看](https://cg.originmood.com/NewsContent/zh_TW/mlbb_news_9424.html)
2023-04-22,賽事,,,PVP爭霸賽參賽指引,,[查看](https://cg.originmood.com/NewsContent/zh_TW/mlbb_news_9414.html)
2023-04-17,賽事,,,關於PVP爭霸賽重新報名公告,,[查看](https://cg.originmood.com/NewsContent/zh_TW/mlbb_news_9394.html)
2023-04-17,賽事,,,關於PVP爭霸賽無法加入替補成員問題公告,,[查看](https://cg.originmood.com/NewsContent/zh_TW/mlbb_news_9334.html)
2023-04-17,賽事,,,PVP爭霸測賽（測試賽）開啟公告,伏葉妖精、利刃勇士、斯巴達戰神,[查看](https://cg.originmood.com/NewsContent/zh_TW/mlbb_news_9324.html)
2023-04-14,賽事,,,PVP爭霸測試賽規則說明,,[查看](https://cg.originmood.com/NewsContent/zh_TW/mlbb_news_9304.html)
2023-04-13,地圖／任務,,,速通星辰塔 智鬥機甲巨獸,土甲龍、機甲C2型、機甲G１型、赤甲黃尾龍、閃光地雷、閃光機甲AEX,[查看](https://cg.originmood.com/NewsContent/zh_TW/mlbb_news_9294.html)
2023-04-04,活動／營運,,,累積消費活動上線啦,,[查看](https://cg.originmood.com/NewsContent/zh_TW/mlbb_news_9254.html)
2023-04-04,寵物／秘寶,,,神之使者 天使降臨,光明天使、大天使、天使路西法,[查看](https://cg.originmood.com/NewsContent/zh_TW/mlbb_news_9264.html)
2023-03-29,寵物／秘寶,,,不屈意志 來自地獄的怒吼,地獄小惡魔、地獄星、天界小惡魔、太陽海豚、深淵小惡魔、魔弓巴克達、魔界小惡魔,[查看](https://cg.originmood.com/NewsContent/zh_TW/mlbb_news_9214.html)
2023-03-16,寵物／秘寶,,,鬼焰燎原 冥府之主霸氣降臨,冥府之主、冥界騎士、玫瑰毒怪,[查看](https://cg.originmood.com/NewsContent/zh_TW/mlbb_news_9184.html)
2023-03-15,寵物／秘寶,,,連破競速賽 勇奪珍稀豪禮,飛刃螳螂,[查看](https://cg.originmood.com/NewsContent/zh_TW/mlbb_news_9174.html)
2023-03-03,寵物／秘寶,,,霸天巨獸 牛鬼領主,大地牛鬼領主、寒冰牛鬼領主、火焰牛鬼領主、烈風牛頭怪、烈風牛鬼領主、烈風牛魔王,[查看](https://cg.originmood.com/NewsContent/zh_TW/mlbb_news_9144.html)
2023-03-02,寵物／秘寶,,,公主的往事 聖晶之約,冰原獨角獸、古代紅櫻長老、地鈴花妖、橘子公主、水鈴花妖、火鈴花妖、聖晶獨角獸、風鈴花妖,[查看](https://cg.originmood.com/NewsContent/zh_TW/mlbb_news_9134.html)
2023-02-15,地圖／任務,,,探索冰原禁地 直面死亡的氣息,冰霜巨龍、毒龍骨、炎心真龍、黃金龍骨,[查看](https://cg.originmood.com/NewsContent/zh_TW/mlbb_news_9084.html)
2023-02-15,地圖／任務,新任務,開放任務：冰原禁地,2月16日維護公告,,[查看](https://cg.originmood.com/NewsContent/zh_TW/mlbb_news_9074.html)
2023-02-02,寵物／秘寶,,,歡樂享不停 好寵與你度佳節,地獄護衛犬、海賊王、繽紛水藍鼠,[查看](https://cg.originmood.com/NewsContent/zh_TW/mlbb_news_9034.html)
2023-02-02,地圖／任務,,,勇奪任務小達人 赤鳳陪伴共團圓,彩鳳、熾炎神鳳、番茄聖女、赤鳳、金鳳,[查看](https://cg.originmood.com/NewsContent/zh_TW/mlbb_news_9044.html)
2023-02-02,寵物／秘寶,,,兄弟羈絆 一念仙魔,修羅歐茲尼克、羅剎歐茲那克、酒仙歐茲那克、鬥神歐茲尼克,[查看](https://cg.originmood.com/NewsContent/zh_TW/mlbb_news_9024.html)
2023-01-19,節慶／活動,,,關於新春活動更新問題公告,,[查看](https://cg.originmood.com/NewsContent/zh_TW/mlbb_news_8994.html)
2023-01-18,節慶／活動,,,新春招財齊拜年,億萬兩招財貓、兔吉兆、兔吉利、兔吉星、兔吉祥、十萬兩招財貓、千兩招財貓、吉兆癸兔、吉利癸兔、吉星癸兔、吉祥癸兔、百兩招財貓、萬兩招財貓,[查看](https://cg.originmood.com/NewsContent/zh_TW/mlbb_news_8984.html)
2023-01-05,寵物／秘寶,,,勇者派好物 月靈伴你迎新年,逐月仙靈、風暴仙靈,[查看](https://cg.originmood.com/NewsContent/zh_TW/mlbb_news_8944.html)
2022-12-31,寵物／秘寶,,,新生露比賀新年 火力全開齊冒險,劍術大師露比、巫術大師露比、弓術大師露比、戰斧大師露比、新生露比、格鬥大師露比、槍術大師露比、見習劍士露比、見習巫師露比、見習弓箭手露比、見習戰斧露比、見習格鬥家露比、見習騎士露比,[查看](https://cg.originmood.com/NewsContent/zh_TW/mlbb_news_8914.html)
2022-12-21,節慶／活動,,,聖誕第二彈 聖誕王子,火柴小王子、碧燄、赤燄,[查看](https://cg.originmood.com/NewsContent/zh_TW/mlbb_news_8854.html)
2022-12-21,地圖／任務,限時任務,開放限時任務：聖誕活動（二）,12月22日維護公告,,[查看](https://cg.originmood.com/NewsContent/zh_TW/mlbb_news_8844.html)
2022-12-12,寵物／秘寶,,,邪魅的暗夜旅團 咒殺型改造人,咒殺型山吹、山吹,[查看](https://cg.originmood.com/NewsContent/zh_TW/mlbb_news_8824.html)
2022-12-08,節慶／活動,,,聖誕第一彈 精靈花環大聚會,暴雪魔獸、月獅、蝕月炎獸、雪獅,[查看](https://cg.originmood.com/NewsContent/zh_TW/mlbb_news_8814.html)
2022-12-07,地圖／任務,限時任務,開放限時任務：聖誕活動（一）,12月8日維護公告,,[查看](https://cg.originmood.com/NewsContent/zh_TW/mlbb_news_8804.html)
2022-11-24,寵物／秘寶,,,感恩巡迴禮 仙靈降賜福,山隱仙靈、星輝仙靈、潮汐仙靈、焚炎仙靈、焦糖丸子炸彈,[查看](https://cg.originmood.com/NewsContent/zh_TW/mlbb_news_8764.html)
2022-11-23,地圖／任務,限時任務,開放限時任務：感恩節活動,11月24日維護公告,,[查看](https://cg.originmood.com/NewsContent/zh_TW/mlbb_news_8754.html)
2022-11-11,寵物／秘寶,,,至暗君王 撒旦降臨,地獄魔王、魔王撒旦,[查看](https://cg.originmood.com/NewsContent/zh_TW/mlbb_news_8714.html)
2022-11-10,地圖／任務,,,相遇天空元素使 決戰落神峰,天空元素使,[查看](https://cg.originmood.com/NewsContent/zh_TW/mlbb_news_8704.html)
2022-11-09,地圖／任務,新任務,開放傳說之劍任務：洛亞花園,11月10日維護公告,,[查看](https://cg.originmood.com/NewsContent/zh_TW/mlbb_news_8694.html)
2022-11-03,寵物／秘寶,,,關於11月商城新品的公告,天然寶石鼠、強盾守護、碧角口袋龍、綠帽哥布林、逆刃死灰,[查看](https://cg.originmood.com/NewsContent/zh_TW/mlbb_news_8684.html)
2022-11-01,賽事,,,關於精靈王國資料片與PVP賽事的最新資訊,,[查看](https://cg.originmood.com/NewsContent/zh_TW/mlbb_news_8664.html)
2022-10-28,節慶／活動,,,回歸迎新活動兌換頁面延長公告,,[查看](https://cg.originmood.com/NewsContent/zh_TW/mlbb_news_8644.html)
2022-10-27,節慶／活動,,,萬聖驚魂夜 百鬼會假面,巨斧假面、赤炎假面,[查看](https://cg.originmood.com/NewsContent/zh_TW/mlbb_news_8614.html)
2022-10-26,地圖／任務,限時任務、新任務,開放限時任務：萬聖節晚會；開放任務：斷空學院；開放任務：師姐的回憶,10月27日維護公告,,[查看](https://cg.originmood.com/NewsContent/zh_TW/mlbb_news_8604.html)
2022-10-13,地圖／任務,,,《魔力寶貝：永恆初心》精靈大陸活動第二彈,冰靴精靈、天狼星、岩鐵怪、檸檬蝙蝠、深綠蝙蝠、炎精靈、烈焰元素使、綠沼泥、鑽石蟲、靴怪精靈、風甲蜥蜴、黑曜蟲,[查看](https://cg.originmood.com/NewsContent/zh_TW/mlbb_news_8484.html)
2022-10-12,地圖／任務,新任務,開放傳說之劍任務：真視之境；開放傳說之劍任務：狩獵女神；開放任務：競技場修行,10月13日維護公告,,[查看](https://cg.originmood.com/NewsContent/zh_TW/mlbb_news_8474.html)
2022-10-09,寵物／秘寶,,,詛咒一族 赤紅與金黃的騎士,凱法、帕布提斯馬、死亡騎士、猩紅騎士,[查看](https://cg.originmood.com/NewsContent/zh_TW/mlbb_news_8464.html)
2022-10-05,地圖／任務,地圖預告,預告 10月13日 開放：精靈城,10月6日不停機維護公告,,[查看](https://cg.originmood.com/NewsContent/zh_TW/mlbb_news_8434.html)
2022-09-29,節慶／活動,,,「10月回歸迎新活動」,舞動花妖,[查看](https://cg.originmood.com/NewsContent/zh_TW/mlbb_news_8374.html)
2022-09-29,地圖／任務,,,《魔力寶貝：永恆初心》慶祝勇者踏足精靈大陸 好禮活動盛大開放,大地元素使、木精靈,[查看](https://cg.originmood.com/NewsContent/zh_TW/mlbb_news_8364.html)
2022-09-28,地圖／任務,新任務,開放傳說之劍任務：沉睡之役,9月29日維護公告,,[查看](https://cg.originmood.com/NewsContent/zh_TW/mlbb_news_8344.html)
2022-09-21,地圖／任務,地圖預告,預告 9月29日 開放：精靈王國,9月22日不停機維護公告,,[查看](https://cg.originmood.com/NewsContent/zh_TW/mlbb_news_8334.html)
2022-09-14,寵物／秘寶,,,殺戮魔劍現世 探尋精靈之謎,光精靈、冰精靈,[查看](https://cg.originmood.com/NewsContent/zh_TW/mlbb_news_8314.html)
2022-09-14,地圖／任務,新任務,開放傳說之劍前置任務：精靈之謎,9月15日維護公告,,[查看](https://cg.originmood.com/NewsContent/zh_TW/mlbb_news_8304.html)
2022-09-09,寵物／秘寶,,,再遇失翼之龍 神龍杜瓦的呼喚,大地巨龍、失翼之龍杜瓦,[查看](https://cg.originmood.com/NewsContent/zh_TW/mlbb_news_8294.html)
2022-08-31,地圖／任務,,,廣寒宮大危機 降服暴走仙兔,廣寒仙兔、月兔卜樂、白櫻麻薯兔兔、紅豆麻薯兔兔、綠茶麻薯兔兔、芋泥麻薯兔兔、花生麻薯兔兔、黑醬麻薯兔兔,[查看](https://cg.originmood.com/NewsContent/zh_TW/mlbb_news_8253.html)
2022-08-31,地圖／任務,限時任務,開放限時中秋任務：廣寒宮危機,9月1日維護公告,,[查看](https://cg.originmood.com/NewsContent/zh_TW/mlbb_news_8243.html)
2022-08-18,寵物／秘寶,,,太陽風暴肆虐 冰與火的抉擇,暗影鳥人、曜玉金鵷、雛鳳,[查看](https://cg.originmood.com/NewsContent/zh_TW/mlbb_news_8203.html)
2022-08-17,地圖／任務,限時任務,開放限時任務：冰與火的抉擇,8月18日維護公告,,[查看](https://cg.originmood.com/NewsContent/zh_TW/mlbb_news_8193.html)
2022-08-12,寵物／秘寶,,,冥界幽靈鬧法蘭 中元祭掃願君安,卡卡特、卡爾克、巫妖王之魂、巫師之鬼、白銀之棺、血魔之棺、魔導師之魂、魔法師之鬼,[查看](https://cg.originmood.com/NewsContent/zh_TW/mlbb_news_8073.html)
2022-08-05,寵物／秘寶,,,酒之殿堂的戰神 寒冰牛魔王震撼登場,寒冰牛頭怪、寒冰牛魔王,[查看](https://cg.originmood.com/NewsContent/zh_TW/mlbb_news_8033.html)
2022-08-03,節慶／活動,,,七夕的結晶 相遇布卡小精靈,寄生布卡、布卡、布卡四重奏、樹精布卡、連、陣,[查看](https://cg.originmood.com/NewsContent/zh_TW/mlbb_news_8013.html)
2022-08-03,地圖／任務,限時任務,開放七夕限時任務：七夕精靈,8月4日維護公告,,[查看](https://cg.originmood.com/NewsContent/zh_TW/mlbb_news_8003.html)
2022-08-01,寵物／秘寶,,,關於魔力盲盒（八）可獲得的寵物能力公告,北海響尾鯊、格陵蘭虎鯊,[查看](https://cg.originmood.com/NewsContent/zh_TW/mlbb_news_7993.html)
2022-07-21,節慶／活動,,,《魔力寶貝：永恆初心》21週年慶最終彈,紅魔精靈箱、純白精靈箱、藍魔精靈箱,[查看](https://cg.originmood.com/NewsContent/zh_TW/mlbb_news_7973.html)
2022-07-21,地圖／任務,限時任務,開放21週年限時任務：純白的連破戰,7月21日維護公告,,[查看](https://cg.originmood.com/NewsContent/zh_TW/mlbb_news_7963.html)
2022-07-08,地圖／任務,,,21週年慶典寵物島任務賽排名獎勵說明,,[查看](https://cg.originmood.com/NewsContent/zh_TW/mlbb_news_7923.html)
2022-07-07,節慶／活動,,,《魔力寶貝：永恆初心》21週年慶第一彈,兔耳精靈箱、嚇人精靈箱、地獄亡靈、地獄惡魔、綠蛙精靈箱,[查看](https://cg.originmood.com/NewsContent/zh_TW/mlbb_news_7913.html)
2022-07-06,地圖／任務,限時任務,開放21週年限時任務：寵物島狂歡,7月7日維護公告,,[查看](https://cg.originmood.com/NewsContent/zh_TW/mlbb_news_7903.html)
2022-06-30,寵物／秘寶,,,糧倉大危機 智鬥魔鴨一族,披甲魔鴨、暴走使徒、暴走霸王、毒刺魔鴨、水藍魔鴨、赤目魔鴨,[查看](https://cg.originmood.com/NewsContent/zh_TW/mlbb_news_7863.html)
2022-06-16,地圖／任務,,,野獸道場 速度與激情的歷練,蟲毒魔蟹、雷霆幻獸,[查看](https://cg.originmood.com/NewsContent/zh_TW/mlbb_news_7823.html)
2022-06-02,寵物／秘寶,,,鬼魅無頭 沙海將軍來襲,沙海將軍、無頭將軍,[查看](https://cg.originmood.com/NewsContent/zh_TW/mlbb_news_7753.html)
2022-06-02,節慶／活動,,,超越變異! 端午再戰進化龍祖!,暗裔龍祖、甜心炸彈,[查看](https://cg.originmood.com/NewsContent/zh_TW/mlbb_news_7743.html)
2022-05-26,節慶／活動,,,最終決戰！李貝留斯的逆襲！ 《魔力寶貝：永恆初心》一週年慶典活動最終彈！,李貝留斯、軍王李貝留斯,[查看](https://cg.originmood.com/NewsContent/zh_TW/mlbb_news_7703.html)
2022-05-19,節慶／活動,,,週年慶祝福禮包領取方式,,[查看](https://cg.originmood.com/NewsContent/zh_TW/mlbb_news_7653.html)
2022-05-19,節慶／活動,,,破除各地結界 迎戰邪神降臨！ 《魔力寶貝：永恆初心》一週年慶典活動第三彈！,巴洛斯、邪神巴洛斯,[查看](https://cg.originmood.com/NewsContent/zh_TW/mlbb_news_7643.html)
2022-05-11,節慶／活動,,,穿越遠古戰場 重鑄不朽神器！ 《魔力寶貝：永恆初心》一週年慶典活動第二彈！,狂魔阿卡斯、阿卡斯,[查看](https://cg.originmood.com/NewsContent/zh_TW/mlbb_news_7583.html)
2022-05-05,節慶／活動,,,共赴週年慶典 並肩決戰逆神！ 《魔力寶貝：永恆初心》一週年慶典活動盛大開啟,,[查看](https://cg.originmood.com/NewsContent/zh_TW/mlbb_news_7493.html)
2022-05-05,活動／營運,,,儲值福利回饋活動,,[查看](https://cg.originmood.com/NewsContent/zh_TW/mlbb_news_7503.html)
2022-05-05,寵物／秘寶,,,「逆神再臨」,佛利波羅、魔化佛利波羅,[查看](https://cg.originmood.com/NewsContent/zh_TW/mlbb_news_7473.html)
2022-05-05,節慶／活動,,,「回歸迎新活動」,兔耳初心粉紅雞、兔耳寶貝紫藍雞、兔耳永恆熒光雞、兔耳魔力小黃雞、初心粉紅雞、印第安魔力小雞、大法官魔力小雞、寶貝紫藍雞、永恆熒光雞、牛仔帽魔力小雞、紳士裝魔力小雞、週年慶禮盒地精靈、週年慶禮盒水精靈、週年慶禮盒火精靈、週年慶禮盒風精靈、魔力小黃雞,[查看](https://cg.originmood.com/NewsContent/zh_TW/mlbb_news_7463.html)
2022-05-05,寵物／秘寶,,,「5月5日聖龍寶盒」,神聖翼龍、翼龍,[查看](https://cg.originmood.com/NewsContent/zh_TW/mlbb_news_7483.html)
2022-04-28,節慶／活動,,,《魔力寶貝：永恆初心》初心網絡X大宇資訊1週年慶典預告！,,[查看](https://cg.originmood.com/NewsContent/zh_TW/mlbb_news_7433.html)
2022-04-21,寵物／秘寶,,,詛咒的不祥之地 鎮壓深淵魔王,暗黑龍骨、玄翼暴龍、闇影魔龍、龍骨,[查看](https://cg.originmood.com/NewsContent/zh_TW/mlbb_news_7413.html)
2022-04-16,寵物／秘寶,,,寵物研究所開放公告,,[查看](https://cg.originmood.com/NewsContent/zh_TW/mlbb_news_7343.html)
2022-04-07,寵物／秘寶,,,拯救盜賊團 封印滅世魔刃,橙月、碧月、絳月、血腥魔刃、青月,[查看](https://cg.originmood.com/NewsContent/zh_TW/mlbb_news_7303.html)
2022-04-02,寵物／秘寶,,,祭奠心美 忍王梅茲參見,忍王梅茲、梅茲,[查看](https://cg.originmood.com/NewsContent/zh_TW/mlbb_news_7283.html)
2022-03-24,地圖／任務,,,幽靈道場 速度與技巧的挑戰,幽紫妖靈、惡夢貓、獅面女神、福爾菲斯、貓臉女神、貓隊長,[查看](https://cg.originmood.com/NewsContent/zh_TW/mlbb_news_7223.html)
2022-03-24,地圖／任務,,,寵物裝備競技場PK時消耗耐久及任務賽排名優化公告,,[查看](https://cg.originmood.com/NewsContent/zh_TW/mlbb_news_7243.html)
2022-03-23,地圖／任務,限時任務,開放限時任務：幽靈道場試煉,3月24日停機公告,,[查看](https://cg.originmood.com/NewsContent/zh_TW/mlbb_news_7213.html)
2022-03-10,寵物／秘寶,,,物資大派送 寵物裝備爭奪賽,,[查看](https://cg.originmood.com/NewsContent/zh_TW/mlbb_news_7173.html)
2022-03-10,寵物／秘寶,,,一把斧頭現，千軍萬馬來相見,斧頭幫千軍、斧頭幫萬馬,[查看](https://cg.originmood.com/NewsContent/zh_TW/mlbb_news_7163.html)
2022-03-03,寵物／秘寶,,,點燃它的怒火 召喚煉獄牛頭怪！,火焰牛頭怪、煉獄牛頭怪、艾兒卡絲,[查看](https://cg.originmood.com/NewsContent/zh_TW/mlbb_news_7123.html)
2022-02-23,寵物／秘寶,,,晉升S階，邂逅天馬群,布偶凱琪、布偶夏莉、布偶米琪、布偶紫音、布偶艾菈、飛馬公主、飛馬王子,[查看](https://cg.originmood.com/NewsContent/zh_TW/mlbb_news_7083.html)
2022-02-10,節慶／活動,,,情人節不孤單 與她共度元宵節,天使小熊、愛心小熊、愛情小熊、愛神丘比特、戀愛小熊、流沙元宵、紅豆元宵、芝麻元宵、花生元宵,[查看](https://cg.originmood.com/NewsContent/zh_TW/mlbb_news_7023.html)
2022-01-29,節慶／活動,,,關於勇者回歸活動的問題,,[查看](https://cg.originmood.com/NewsContent/zh_TW/mlbb_news_6973.html)
2022-01-28,寵物／秘寶,,,一生的羈絆 打虎兄弟來拜年,歐茲尼克、歐茲那克、煞氣歐茲尼克、熊霸歐茲那克,[查看](https://cg.originmood.com/NewsContent/zh_TW/mlbb_news_6963.html)
2022-01-27,節慶／活動,,,勇者回歸活動,刺豬寶寶、呆萌豬王、斑點豬寶寶、棕豬太郎、灰豬太郎、白眉豬王、白紋豬寶寶、粉心王妃、粉豬太郎、純金豬王、銀豬太郎、銅豬寶寶,[查看](https://cg.originmood.com/NewsContent/zh_TW/mlbb_news_6943.html)
2022-01-26,寵物／秘寶,,,萌虎賀新年 年貨送萬家,喜慶虎寶寶、幸福虎寶寶、招財虎寶寶、歡樂虎寶寶、行大運白虎王、贏珍寶黑虎王,[查看](https://cg.originmood.com/NewsContent/zh_TW/mlbb_news_6933.html)
2022-01-26,地圖／任務,限時任務,開放限時任務：虎靈山救援,1月27日維護公告,,[查看](https://cg.originmood.com/NewsContent/zh_TW/mlbb_news_6923.html)
2022-01-13,寵物／秘寶,,,光與闇的花火 大戰深淵小丑魚,小丑魚霸王、碧波小丑魚、蒼角小丑魚、赤丸小丑魚、風暴小丑魚王、魔方小丑魚,[查看](https://cg.originmood.com/NewsContent/zh_TW/mlbb_news_6833.html)
2022-01-12,地圖／任務,新任務,開放海底世界任務：影子刺客,1月13日維護公告,,[查看](https://cg.originmood.com/NewsContent/zh_TW/mlbb_news_6823.html)
2021-12-30,節慶／活動,,,關於聖誕火焰鼠能力問題的公告,,[查看](https://cg.originmood.com/NewsContent/zh_TW/mlbb_news_6653.html)
2021-12-30,節慶／活動,,,聖誕活動第二彈 聖誕鼠王的求助,糖果大地鼠、聖誕寶石鼠、聖誕水藍鼠、聖誕火焰鼠、聖誕鼠王,[查看](https://cg.originmood.com/NewsContent/zh_TW/mlbb_news_6643.html)
2021-12-29,地圖／任務,限時任務,開放限時任務：聖誕鼠王的求助,12月30日維護公告,,[查看](https://cg.originmood.com/NewsContent/zh_TW/mlbb_news_6633.html)
2021-12-23,節慶／活動,,,聖誕活動第一彈 尋找聖誕老人,白金雪橇鹿車、聖誕林鹿、聖誕梅花鹿、聖誕馴鹿、聖誕麋鹿、聖金雪橇鹿車、黃金雪橇鹿車、黑金雪橇鹿車,[查看](https://cg.originmood.com/NewsContent/zh_TW/mlbb_news_6613.html)
2021-12-22,地圖／任務,限時任務,開放限時任務：尋找聖誕老人,12月23日維護公告,,[查看](https://cg.originmood.com/NewsContent/zh_TW/mlbb_news_6603.html)
2021-12-15,地圖／任務,新任務,開放各職業專屬腕輪任務：公爵的贈禮,12月17日維護公告,,[查看](https://cg.originmood.com/NewsContent/zh_TW/mlbb_news_6573.html)
2021-12-10,寵物／秘寶,,,進擊雙十二 歐特奇美拉降臨,歐特奇美拉、疾風奇美拉,[查看](https://cg.originmood.com/NewsContent/zh_TW/mlbb_news_6553.html)
2021-12-09,寵物／秘寶,,,魔法大學來使 置換雪之精靈,可愛小熊、愛絲波波、愛絲精靈、搗蛋小熊、淘氣小熊、絲諾波波、絲諾精靈、聖誕小熊、聖誕波波、聖誕精靈、雪兒波波、雪兒精靈,[查看](https://cg.originmood.com/NewsContent/zh_TW/mlbb_news_6533.html)
2021-11-25,寵物／秘寶,,,海族異動 風雨欲來,嗜血巡遊鯊、多雲娃娃水母、大雪娃娃水母、小雨娃娃水母、晴天娃娃水母、水母霸王、致幻海葵、迷幻海葵、迷魂草、雷暴娃娃水母、飛刺海馬,[查看](https://cg.originmood.com/NewsContent/zh_TW/mlbb_news_6413.html)
2021-11-11,寵物／秘寶,,,四重驚喜，震撼雙十一,冷酷魷魚、呆萌魷魚、噩夢旋律影子、旋律影子、暴躁魷魚、瘋狂魷魚、閃光魷魚王、魷魚霸王,[查看](https://cg.originmood.com/NewsContent/zh_TW/mlbb_news_6373.html)
2021-11-10,地圖／任務,限時任務,開放限時任務：魷魚的遊戲,11月11日維護公告,,[查看](https://cg.originmood.com/NewsContent/zh_TW/mlbb_news_6363.html)
2021-11-01,活動／營運,,,累計消費活動第三期公告,,[查看](https://cg.originmood.com/NewsContent/zh_TW/mlbb_news_6333.html)
2021-10-28,節慶／活動,,,狂歡萬聖節 扮鬼來要糖,晨曦南瓜怪、暮夜南瓜怪、白晝南瓜怪、萬聖南瓜精靈、黃昏南瓜怪,[查看](https://cg.originmood.com/NewsContent/zh_TW/mlbb_news_6303.html)
2021-10-27,地圖／任務,限時任務,開放限時任務：萬聖節活動,10月28日維護公告,,[查看](https://cg.originmood.com/NewsContent/zh_TW/mlbb_news_6293.html)
2021-10-14,地圖／任務,新任務,開放前置任務：魚人的歌聲,海底世界前置任務：魚人的歌聲,沼澤龍蝦、海龍蝦、火頸龍、烈焰龍蝦、烈風龍蝦、牛角寄居蟹、青銅刺豚、龍蝦霸王,[查看](https://cg.originmood.com/NewsContent/zh_TW/mlbb_news_6223.html)
2021-10-13,地圖／任務,新任務,開放海底世界前置任務：魚人的歌聲,10月14日維護公告,,[查看](https://cg.originmood.com/NewsContent/zh_TW/mlbb_news_6213.html)
2021-10-09,寵物／秘寶,,,霸氣外露，強襲牛鬼10月10日震撼登場！！！,強襲牛鬼、牛鬼,[查看](https://cg.originmood.com/NewsContent/zh_TW/mlbb_news_6203.html)
2021-09-30,活動／營運,,,魔力扭蛋活動介紹,,[查看](https://cg.originmood.com/NewsContent/zh_TW/mlbb_news_6173.html)
2021-09-30,地圖／任務,限時任務,開放限時任務：青鸞迷蹤-抉擇,限時任務：青鸞迷蹤-抉擇,屠龍鬥士、符能青鸞、紫翎,[查看](https://cg.originmood.com/NewsContent/zh_TW/mlbb_news_6143.html)
2021-09-30,活動／營運,,,累計消費活動第二期公告,,[查看](https://cg.originmood.com/NewsContent/zh_TW/mlbb_news_6153.html)
2021-09-29,活動／營運,,,關於艾爾巴尼亞王國提前體驗開啟公告,,[查看](https://cg.originmood.com/NewsContent/zh_TW/mlbb_news_6123.html)
2021-09-17,節慶／活動,,,關於本次中秋節活動將新增兌換NPC的公告,,[查看](https://cg.originmood.com/NewsContent/zh_TW/mlbb_news_6083.html)
2021-09-16,地圖／任務,,,中秋節限時任務,,[查看](https://cg.originmood.com/NewsContent/zh_TW/mlbb_news_5893.html)
2021-09-16,節慶／活動,,,中秋大富翁活動 與您共度佳節,,[查看](https://cg.originmood.com/NewsContent/zh_TW/mlbb_news_5903.html)
2021-09-15,地圖／任務,限時任務,開放活動：中秋節限時任務,9月16日維護公告,,[查看](https://cg.originmood.com/NewsContent/zh_TW/mlbb_news_5863.html)
2021-09-10,地圖／任務,,,【海底世界資料片】 - 進度預告,,[查看](https://cg.originmood.com/NewsContent/zh_TW/mlbb_news_5833.html)
2021-09-08,活動／營運,,,傳說降臨，深邃幻影９月９日限時登場！！！,,[查看](https://cg.originmood.com/NewsContent/zh_TW/mlbb_news_5763.html)
2021-09-01,活動／營運,,,累計消費活動公告,,[查看](https://cg.originmood.com/NewsContent/zh_TW/mlbb_news_5533.html)
2021-09-01,地圖／任務,新地圖,開放地圖與任務：蘇之國,9月3日維護公告,,[查看](https://cg.originmood.com/NewsContent/zh_TW/mlbb_news_5593.html)
2021-08-18,地圖／任務,地圖預告,預告開放亞諾曼王國；公告另列暫不開放的地圖與任務,亞諾曼王國即將開放,,[查看](https://cg.originmood.com/NewsContent/zh_TW/mlbb_news_5453.html)
2021-08-18,地圖／任務,新地圖,開放地圖與任務：亞諾曼王國,8月19日維護公告,,[查看](https://cg.originmood.com/NewsContent/zh_TW/mlbb_news_5463.html)
2021-08-12,地圖／任務,,,七夕活動限時任務,,[查看](https://cg.originmood.com/NewsContent/zh_TW/mlbb_news_5403.html)
2021-08-06,活動／營運,,,期待！亞諾曼相關系列將於本月內登場,,[查看](https://cg.originmood.com/NewsContent/zh_TW/mlbb_news_5383.html)
2021-08-05,活動／營運,,,精彩緊湊的頭目連戰已經登場,,[查看](https://cg.originmood.com/NewsContent/zh_TW/mlbb_news_5373.html)
2021-08-05,節慶／活動,,,《魔力寶貝》20週年慶典最終彈！,,[查看](https://cg.originmood.com/NewsContent/zh_TW/mlbb_news_5353.html)
2021-07-29,節慶／活動,,,《魔力寶貝》20週年慶典第二彈！,,[查看](https://cg.originmood.com/NewsContent/zh_TW/mlbb_news_5313.html)
2021-07-23,節慶／活動,,,《魔力寶貝》20週年慶典勁爆來襲！,,[查看](https://cg.originmood.com/NewsContent/zh_TW/mlbb_news_5293.html)
2021-07-17,節慶／活動,,,《魔力寶貝》20週年慶典活動預告,,[查看](https://cg.originmood.com/NewsContent/zh_TW/mlbb_news_5273.html)
2021-07-08,活動／營運,,,全新變異魔物 雷霆與劇毒的主宰登場,,[查看](https://cg.originmood.com/NewsContent/zh_TW/mlbb_notice_5233.html)
2021-06-24,活動／營運,,,勇者秘寶 正式開啟,,[查看](https://cg.originmood.com/NewsContent/zh_TW/mlbb_notice_5183.html)
2021-06-13,節慶／活動,,,賀端午祭龍祖活動公告,,[查看](https://cg.originmood.com/NewsContent/zh_TW/mlbb_notice_5133.html)
2021-06-09,節慶／活動,,,【魔力寶貝 20週年】預熱活動 第二彈,,[查看](https://cg.originmood.com/NewsContent/zh_TW/mlbb_news_5093.html)
2021-06-04,節慶／活動,,,【《魔力寶貝》 20週年預熱活動第一彈】獎勵領取公告,,[查看](https://cg.originmood.com/NewsContent/zh_TW/mlbb_notice_5083.html)
2021-05-17,地圖／任務,,,1.5版本海底世界版本將於第三季度登場,,[查看](https://cg.originmood.com/NewsContent/zh_TW/mlbb_notice_4883.html)
2021-05-13,活動／營運,,,【商城開啟】,,[查看](https://cg.originmood.com/NewsContent/zh_TW/mlbb_notice_4833.html)
2021-05-12,活動／營運,,,預約獎勵領取開放公告,,[查看](https://cg.originmood.com/NewsContent/zh_TW/mlbb_notice_4823.html)
2021-04-16,活動／營運,,,封測開啟公告,,[查看](https://cg.originmood.com/NewsContent/zh_TW/mlbb_notice_4723.html)
2021-04-02,活動／營運,停服清檔,官方宣布遊戲全面清檔，開機時間另行公布；伺服器進入全面調整維護,伺服器問題導致停服調整與全面清檔,,[清檔公告](https://cg.originmood.com/NewsContent/zh_TW/mlbb_news_4573.html)、[維護公告](https://cg.originmood.com/NewsContent/zh_TW/mlbb_notice_4563.html)
2021-04-01,活動／營運,正式開服,4月1日上午10點正式公測；玩家大量湧入後，官方緊急加開「永恆獅子」伺服器,《魔力寶貝：永恆初心》正式公測開服,,[公測公告](https://cg.originmood.com/NewsContent/zh_TW/mlbb_notice_4503.html)、[加開公告](https://cg.originmood.com/NewsContent/zh_TW/mlbb_notice_4533.html)
2021-03-30,活動／營運,,,《魔力寶貝:永恆初心》公佈4月1日10:00 AM正式公測！同步開放主程式下載,,[查看](https://cg.originmood.com/NewsContent/zh_TW/mlbb_notice_4503.html)
