日期,類別,重點標記,開放內容說明,公告,解析寵物數,公告連結
2026-08-19,節慶／活動,,,星河無垠 情義無價 七夕限定召喚浪漫登場！,2,[查看](https://cg.originmood.com/NewsContent/zh_TW/mlbb_news_17664.html)
2026-08-08,寵物／秘寶,,,關於魔力盲盒（28）概率的公告,1,[查看](https://cg.originmood.com/NewsContent/zh_TW/mlbb_news_17624.html)
2026-07-29,節慶／活動,,,《魔力寶貝》25週年誕生慶典 正式開啟！,8,[查看](https://cg.originmood.com/NewsContent/zh_TW/mlbb_news_17584.html)
2026-07-24,活動／營運,,,關於手環狐仙手環等級異常的公告,0,[查看](https://cg.originmood.com/NewsContent/zh_TW/mlbb_news_17554.html)
2026-07-23,賽事,,,烽煙落定，巔峰加冕！第19屆PVP圓滿收官 抽抽樂限時特惠,0,[查看](https://cg.originmood.com/NewsContent/zh_TW/mlbb_news_17544.html)
2026-07-22,寵物／秘寶,,,奧菲兒的盛夏夜之約 雷鳴與野性的交響,8,[查看](https://cg.originmood.com/NewsContent/zh_TW/mlbb_news_17534.html)
2026-07-22,活動／營運,,,7月23日維護公告,0,[查看](https://cg.originmood.com/NewsContent/zh_TW/mlbb_news_17524.html)
2026-07-15,活動／營運,,,7月16日維護公告,0,[查看](https://cg.originmood.com/NewsContent/zh_TW/mlbb_news_17514.html)
2026-07-09,寵物／秘寶,,,探索帕琪娜火山裂縫 揭開龍蝦太晶之謎,6,[查看](https://cg.originmood.com/NewsContent/zh_TW/mlbb_news_17504.html)
2026-07-08,活動／營運,新任務,開放技能任務：太晶之謎,7月9日維護公告,0,[查看](https://cg.originmood.com/NewsContent/zh_TW/mlbb_news_17494.html)
2026-07-07,寵物／秘寶,,,湛藍的傳說 潮汐魟王降臨,2,[查看](https://cg.originmood.com/NewsContent/zh_TW/mlbb_news_17454.html)
2026-07-01,活動／營運,,,7月2日不維護公告,0,[查看](https://cg.originmood.com/NewsContent/zh_TW/mlbb_news_17474.html)
2026-07-01,地圖／任務,,,家族任務賽 S2 賽季開啟 締造最強家族至高王座,0,[查看](https://cg.originmood.com/NewsContent/zh_TW/mlbb_news_17464.html)
2026-06-24,職業／系統,,,蔚藍夏日邂逅檸黃飛魟 保底必得限定跟隨符,8,[查看](https://cg.originmood.com/NewsContent/zh_TW/mlbb_news_17444.html)
2026-06-24,活動／營運,,,6月25日維護公告,0,[查看](https://cg.originmood.com/NewsContent/zh_TW/mlbb_news_17434.html)
2026-06-20,賽事,,,關於6月20日PVP爭霸賽小組賽延遲的公告,0,[查看](https://cg.originmood.com/NewsContent/zh_TW/mlbb_news_17424.html)
2026-06-17,活動／營運,,,6月18日不維護公告,0,[查看](https://cg.originmood.com/NewsContent/zh_TW/mlbb_news_17414.html)
2026-06-13,賽事,,,【公告】第19期PVP爭霸賽延期舉辦的公告,0,[查看](https://cg.originmood.com/NewsContent/zh_TW/mlbb_news_17404.html)
2026-06-12,地圖／任務,,,關於御法劍仙三轉任務NPC異常消失的公告,0,[查看](https://cg.originmood.com/NewsContent/zh_TW/mlbb_news_17394.html)
2026-06-12,活動／營運,,,6月12日維護公告,0,[查看](https://cg.originmood.com/NewsContent/zh_TW/mlbb_news_17384.html)
2026-06-11,地圖／任務,,,關於任務月讀之海NPC異常的公告,0,[查看](https://cg.originmood.com/NewsContent/zh_TW/mlbb_news_17364.html)
2026-06-11,賽事,,,任務爭霸賽第33季開啟,2,[查看](https://cg.originmood.com/NewsContent/zh_TW/mlbb_news_17354.html)
2026-06-11,寵物／秘寶,,,月海迷蹤尋仙蹤 保底必得紅翼巨魟,13,[查看](https://cg.originmood.com/NewsContent/zh_TW/mlbb_news_17344.html)
2026-06-09,活動／營運,新任務,開放技能任務：月讀之海,6月11日維護公告,0,[查看](https://cg.originmood.com/NewsContent/zh_TW/mlbb_news_17334.html)
2026-06-06,賽事,,,【公告】第19期PVP爭霸賽小組賽延期舉辦公告,0,[查看](https://cg.originmood.com/NewsContent/zh_TW/mlbb_news_17314.html)
2026-06-04,節慶／活動,,,五週年第一彈的「勇者秘寶十連抽」活動的點券全額返還發放完畢通知,0,[查看](https://cg.originmood.com/NewsContent/zh_TW/mlbb_news_17304.html)
2026-06-04,寵物／秘寶,,,黑暗中的愛之極光 百合與白銀的永恆誓約,4,[查看](https://cg.originmood.com/NewsContent/zh_TW/mlbb_news_17294.html)
2026-06-03,活動／營運,,,6月4日維護公告,0,[查看](https://cg.originmood.com/NewsContent/zh_TW/mlbb_news_17274.html)
2026-06-02,賽事,,,【修復公告】PVP爭霸賽頁面異常修復說明,0,[查看](https://cg.originmood.com/NewsContent/zh_TW/mlbb_news_17174.html)
2026-06-01,賽事,,,PVP爭霸賽第19期正式開啟,2,[查看](https://cg.originmood.com/NewsContent/zh_TW/mlbb_news_17114.html)
2026-06-01,賽事,,,「家族任務爭霸賽」延期與獎勵調整的通知,0,[查看](https://cg.originmood.com/NewsContent/zh_TW/mlbb_news_17104.html)
2026-05-27,節慶／活動,,,五週年收官獻禮 訂製屬於你的心愛陪伴,8,[查看](https://cg.originmood.com/NewsContent/zh_TW/mlbb_news_17094.html)
2026-05-27,活動／營運,,,5月28日維護公告,0,[查看](https://cg.originmood.com/NewsContent/zh_TW/mlbb_news_17084.html)
2026-05-21,地圖／任務,,,《魔力寶貝：永恆初心》五週年活動第四彈 王者道場試煉開啟,12,[查看](https://cg.originmood.com/NewsContent/zh_TW/mlbb_news_17074.html)
2026-05-20,活動／營運,,,5月21日維護公告,0,[查看](https://cg.originmood.com/NewsContent/zh_TW/mlbb_news_17064.html)
2026-05-20,寵物／秘寶,,,怦然心動這一刻，摯愛喵比特只為你而生,2,[查看](https://cg.originmood.com/NewsContent/zh_TW/mlbb_news_17054.html)
2026-05-14,寵物／秘寶,,,關於寵物「影」屬性顯示異常的公告,0,[查看](https://cg.originmood.com/NewsContent/zh_TW/mlbb_news_17044.html)
2026-05-13,節慶／活動,,,五週年慶第三彈 黄金迷宫之雷影,7,[查看](https://cg.originmood.com/NewsContent/zh_TW/mlbb_news_17034.html)
2026-05-13,活動／營運,,,5月14日維護公告,0,[查看](https://cg.originmood.com/NewsContent/zh_TW/mlbb_news_17024.html)
2026-05-08,賽事,,,PVP爭霸賽第19期開啟預告,2,[查看](https://cg.originmood.com/NewsContent/zh_TW/mlbb_news_16984.html)
2026-05-08,賽事,,,關於第19期PVP爭霸賽報名及賽程延期調整的公告,0,[查看](https://cg.originmood.com/NewsContent/zh_TW/mlbb_news_16974.html)
2026-05-06,節慶／活動,,,週年保底大獎翻倍 法蘭巡遊領好禮,4,[查看](https://cg.originmood.com/NewsContent/zh_TW/mlbb_news_16954.html)
2026-05-06,活動／營運,,,5月7日維護公告,0,[查看](https://cg.originmood.com/NewsContent/zh_TW/mlbb_news_16944.html)
2026-05-04,寵物／秘寶,,,跨越凡塵的蛻變，凜冬巨龍破冰降世,2,[查看](https://cg.originmood.com/NewsContent/zh_TW/mlbb_news_16934.html)
2026-05-01,寵物／秘寶,,,關於魔力盲盒（27）概率的公告,1,[查看](https://cg.originmood.com/NewsContent/zh_TW/mlbb_news_16924.html)
2026-04-30,賽事,,,任務爭霸賽第32季開啟,0,[查看](https://cg.originmood.com/NewsContent/zh_TW/mlbb_news_16914.html)
2026-04-29,節慶／活動,,,《魔力寶貝：永恆初心》五週年慶溫情啟幕 御法劍仙「神樂」降臨,14,[查看](https://cg.originmood.com/NewsContent/zh_TW/mlbb_news_16894.html)
2026-04-29,活動／營運,新職業,開放職業：御法劍仙,4月30日維護公告,0,[查看](https://cg.originmood.com/NewsContent/zh_TW/mlbb_news_16884.html)
2026-04-23,活動／營運,,,4月23日全服補償公告,0,[查看](https://cg.originmood.com/NewsContent/zh_TW/mlbb_news_16854.html)
2026-04-22,寵物／秘寶,,,龍吟九天風雲起 魚躍櫻海夢染春末,4,[查看](https://cg.originmood.com/NewsContent/zh_TW/mlbb_news_16844.html)
2026-04-22,活動／營運,,,4月23日維護公告,0,[查看](https://cg.originmood.com/NewsContent/zh_TW/mlbb_news_16834.html)
2026-04-16,賽事,,,PVP爭霸賽第18期抽抽樂限時特惠,0,[查看](https://cg.originmood.com/NewsContent/zh_TW/mlbb_news_16824.html)
2026-04-15,活動／營運,,,4月16日維護公告,0,[查看](https://cg.originmood.com/NewsContent/zh_TW/mlbb_news_16814.html)
2026-04-10,活動／營運,,,關於網頁「家族大廳」顯示異常的公告,0,[查看](https://cg.originmood.com/NewsContent/zh_TW/mlbb_news_16804.html)
2026-04-09,寵物／秘寶,,,神櫻綻放 春日女神限定召喚,7,[查看](https://cg.originmood.com/NewsContent/zh_TW/mlbb_news_16794.html)
2026-04-08,活動／營運,,,4月9日維護公告,0,[查看](https://cg.originmood.com/NewsContent/zh_TW/mlbb_news_16784.html)
2026-04-03,活動／營運,,,關於網頁活動「新年慶典」領取獎勵延期的公告,0,[查看](https://cg.originmood.com/NewsContent/zh_TW/mlbb_news_16774.html)
2026-04-01,寵物／秘寶,,,聖光破曉 虛空之龍震撼來襲,2,[查看](https://cg.originmood.com/NewsContent/zh_TW/mlbb_news_16764.html)
2026-04-01,活動／營運,,,4月3日維護公告,0,[查看](https://cg.originmood.com/NewsContent/zh_TW/mlbb_news_16754.html)
2026-04-01,活動／營運,,,關於網頁家族暫時關閉的公告,0,[查看](https://cg.originmood.com/NewsContent/zh_TW/mlbb_news_16744.html)
2026-03-28,賽事,,,關於PVP爭霸賽第18期8進4重賽的公告,0,[查看](https://cg.originmood.com/NewsContent/zh_TW/mlbb_news_16734.html)
2026-03-25,寵物／秘寶,,,最強家族招募大作戰 貪慾牛魔限時來襲,19,[查看](https://cg.originmood.com/NewsContent/zh_TW/mlbb_news_16724.html)
2026-03-25,活動／營運,,,3月26日維護公告,0,[查看](https://cg.originmood.com/NewsContent/zh_TW/mlbb_news_16714.html)
2026-03-19,賽事,,,任務爭霸賽第31季開啟,0,[查看](https://cg.originmood.com/NewsContent/zh_TW/mlbb_news_16704.html)
2026-03-18,活動／營運,,,3月19日維護公告,0,[查看](https://cg.originmood.com/NewsContent/zh_TW/mlbb_news_16694.html)
2026-03-12,職業／系統,,,連破試煉迴廊 傳承寵物珍貴技能,5,[查看](https://cg.originmood.com/NewsContent/zh_TW/mlbb_news_16684.html)
2026-03-11,活動／營運,,,3月12日維護公告,0,[查看](https://cg.originmood.com/NewsContent/zh_TW/mlbb_news_16674.html)
2026-03-09,賽事,,,PVP爭霸賽第18期正式開啟,2,[查看](https://cg.originmood.com/NewsContent/zh_TW/mlbb_news_16664.html)
2026-03-04,活動／營運,,,關於網頁活動「新年慶典」延期的公告,0,[查看](https://cg.originmood.com/NewsContent/zh_TW/mlbb_news_16654.html)
2026-03-03,寵物／秘寶,,,雪之冰華傳說 通往神域的覺醒門扉,2,[查看](https://cg.originmood.com/NewsContent/zh_TW/mlbb_news_16644.html)
2026-03-02,賽事,,,PVP爭霸賽第18期開啟預告,2,[查看](https://cg.originmood.com/NewsContent/zh_TW/mlbb_news_16634.html)
2026-02-27,活動／營運,,,關於NPC「新年使者」異常關閉的公告,0,[查看](https://cg.originmood.com/NewsContent/zh_TW/mlbb_news_16624.html)
2026-02-26,節慶／活動,,,元宵兄弟情 法蘭共度團圓夜,5,[查看](https://cg.originmood.com/NewsContent/zh_TW/mlbb_news_16614.html)
2026-02-25,活動／營運,,,2月26日維護公告,0,[查看](https://cg.originmood.com/NewsContent/zh_TW/mlbb_news_16604.html)
2026-02-24,活動／營運,,,官網站內信無法領取獎勵的修復公告,0,[查看](https://cg.originmood.com/NewsContent/zh_TW/mlbb_news_16594.html)
2026-02-24,職業／系統,,,寵物技能諸刃LV12導師顯示異常的公告,0,[查看](https://cg.originmood.com/NewsContent/zh_TW/mlbb_news_16584.html)
2026-02-22,活動／營運,,,官網站內信領取獎勵異常的公告,0,[查看](https://cg.originmood.com/NewsContent/zh_TW/mlbb_news_16574.html)
2026-02-14,節慶／活動,,,馬年新春賀喜 祝福領好禮,8,[查看](https://cg.originmood.com/NewsContent/zh_TW/mlbb_news_16564.html)
2026-02-12,寵物／秘寶,,,光之指引救贖之子 保底必得馬年限定寵物,17,[查看](https://cg.originmood.com/NewsContent/zh_TW/mlbb_news_16554.html)
2026-02-12,賽事,,,任務爭霸賽第30期開啟,0,[查看](https://cg.originmood.com/NewsContent/zh_TW/mlbb_news_16544.html)
2026-02-11,活動／營運,新任務,開放主線任務：救贖之子,2月12日維護公告,0,[查看](https://cg.originmood.com/NewsContent/zh_TW/mlbb_news_16534.html)
2026-02-04,活動／營運,,,「啟動器」版本更新指引,0,[查看](https://cg.originmood.com/NewsContent/zh_TW/mlbb_notice_16514.html)
2026-02-04,寵物／秘寶,,,蛇舞寶箱大派對 限定好禮全集結,15,[查看](https://cg.originmood.com/NewsContent/zh_TW/mlbb_news_16524.html)
2026-02-04,活動／營運,,,2月5日維護公告,0,[查看](https://cg.originmood.com/NewsContent/zh_TW/mlbb_news_16504.html)
2026-02-02,寵物／秘寶,,,累計消費活動上線,2,[查看](https://cg.originmood.com/NewsContent/zh_TW/mlbb_news_16494.html)
2026-01-30,寵物／秘寶,,,駕馭禁忌之力 簽訂噬歲時序的傳說,3,[查看](https://cg.originmood.com/NewsContent/zh_TW/mlbb_news_16484.html)
2026-01-30,活動／營運,,,2月2日維護公告,0,[查看](https://cg.originmood.com/NewsContent/zh_TW/mlbb_news_16474.html)
2026-01-28,活動／營運,,,1月29日不維護公告,0,[查看](https://cg.originmood.com/NewsContent/zh_TW/mlbb_news_16464.html)
2026-01-23,活動／營運,,,NPC「奔旦一族」異常關閉的公告,0,[查看](https://cg.originmood.com/NewsContent/zh_TW/mlbb_news_16454.html)
2026-01-21,地圖／任務,,,黃金迷宮與神龍的傳說 保底必得限定黃金獸,9,[查看](https://cg.originmood.com/NewsContent/zh_TW/mlbb_news_16444.html)
2026-01-21,活動／營運,,,1月22日維護公告,0,[查看](https://cg.originmood.com/NewsContent/zh_TW/mlbb_news_16434.html)
2026-01-14,活動／營運,,,1月15日不維護公告,0,[查看](https://cg.originmood.com/NewsContent/zh_TW/mlbb_news_16424.html)
2026-01-12,節慶／活動,,,關於修復活動聖誕樹異常的公告,0,[查看](https://cg.originmood.com/NewsContent/zh_TW/mlbb_news_16414.html)
2026-01-08,寵物／秘寶,,,春日同行 亞紀子與喵 迎春特典十連六折優惠,6,[查看](https://cg.originmood.com/NewsContent/zh_TW/mlbb_news_16404.html)
2026-01-06,活動／營運,,,1月8日維護公告,0,[查看](https://cg.originmood.com/NewsContent/zh_TW/mlbb_news_16394.html)
2026-01-04,賽事,,,PVP爭霸賽第17期抽抽樂限時特惠,0,[查看](https://cg.originmood.com/NewsContent/zh_TW/mlbb_news_16384.html)
2026-01-01,寵物／秘寶,,,關於寵物「耶克爾」檔次異常的公告,0,[查看](https://cg.originmood.com/NewsContent/zh_TW/mlbb_news_16374.html)
2025-12-31,寵物／秘寶,,,千年血脈的呼喚勇者小隊再集結 首日9折&首週血脈共鳴成功率直升三倍,8,[查看](https://cg.originmood.com/NewsContent/zh_TW/mlbb_news_16364.html)
2025-12-31,活動／營運,,,1月1日維護公告,0,[查看](https://cg.originmood.com/NewsContent/zh_TW/mlbb_news_16354.html)
2025-12-24,寵物／秘寶,,,失蹤的馴鹿大作戰 與搗蛋大王的約定,16,[查看](https://cg.originmood.com/NewsContent/zh_TW/mlbb_news_16344.html)
2025-12-24,活動／營運,,,12月25日維護公告,0,[查看](https://cg.originmood.com/NewsContent/zh_TW/mlbb_news_16334.html)
2025-12-17,活動／營運,,,12月18日不維護公告,0,[查看](https://cg.originmood.com/NewsContent/zh_TW/mlbb_news_16324.html)
2025-12-12,寵物／秘寶,,,虛無暗淵之主 沉睡的紫獄龍王,2,[查看](https://cg.originmood.com/NewsContent/zh_TW/mlbb_news_16314.html)
2025-12-12,活動／營運,,,12月12日臨時維護公告,0,[查看](https://cg.originmood.com/NewsContent/zh_TW/mlbb_news_16304.html)
2025-12-11,活動／營運,,,關於女媧重石圖像顯示異常的問題,0,[查看](https://cg.originmood.com/NewsContent/zh_TW/mlbb_news_16294.html)
2025-12-10,節慶／活動,,,惡龍大亂鬥 拯救聖誕火雞,9,[查看](https://cg.originmood.com/NewsContent/zh_TW/mlbb_news_16284.html)
2025-12-10,活動／營運,,,12月11日維護公告,0,[查看](https://cg.originmood.com/NewsContent/zh_TW/mlbb_news_16274.html)
2025-12-05,節慶／活動,,,法蘭聖誕序曲 暖冬歸途獻豪禮,6,[查看](https://cg.originmood.com/NewsContent/zh_TW/mlbb_news_16264.html)
2025-12-03,活動／營運,,,12月5日維護公告,0,[查看](https://cg.originmood.com/NewsContent/zh_TW/mlbb_news_16254.html)
2025-11-27,寵物／秘寶,,,埃爾美達樹之淚 決戰淺域龍神,8,[查看](https://cg.originmood.com/NewsContent/zh_TW/mlbb_news_16244.html)
2025-11-26,活動／營運,新任務,開放家族任務：家族水晶鑄造,11月27日維護公告,0,[查看](https://cg.originmood.com/NewsContent/zh_TW/mlbb_news_16234.html)
2025-11-20,地圖／任務,,,玩轉小任務 轉盤樂翻天,3,[查看](https://cg.originmood.com/NewsContent/zh_TW/mlbb_news_16224.html)
2025-11-19,活動／營運,,,11月20日維護公告,0,[查看](https://cg.originmood.com/NewsContent/zh_TW/mlbb_news_16214.html)
2025-11-17,賽事,,,PVP爭霸賽第17期正式開啟,2,[查看](https://cg.originmood.com/NewsContent/zh_TW/mlbb_news_16204.html)
2025-11-13,寵物／秘寶,,,帝國傳奇現世 穿越千年的寶藏,11,[查看](https://cg.originmood.com/NewsContent/zh_TW/mlbb_news_16194.html)
2025-11-12,活動／營運,,,11月13日維護公告,0,[查看](https://cg.originmood.com/NewsContent/zh_TW/mlbb_news_16184.html)
2025-11-10,賽事,,,任務爭霸賽第28季開啟,0,[查看](https://cg.originmood.com/NewsContent/zh_TW/mlbb_news_16174.html)
2025-11-10,寵物／秘寶,,,跨越死亡冥域的契約 掌控不朽龍王之力,3,[查看](https://cg.originmood.com/NewsContent/zh_TW/mlbb_news_16164.html)
2025-11-10,活動／營運,,,11月11日維護公告,0,[查看](https://cg.originmood.com/NewsContent/zh_TW/mlbb_news_16154.html)
2025-11-10,賽事,,,PVP爭霸賽第17期開啟預告,2,[查看](https://cg.originmood.com/NewsContent/zh_TW/mlbb_news_16144.html)
2025-11-05,活動／營運,,,11月6日不維護公告,0,[查看](https://cg.originmood.com/NewsContent/zh_TW/mlbb_news_16134.html)
2025-10-29,節慶／活動,,,勇闖寵物傳承聖殿 狂歡萬聖驚魂夜,6,[查看](https://cg.originmood.com/NewsContent/zh_TW/mlbb_news_16124.html)
2025-10-29,活動／營運,新任務,開放寵物技能任務：寵物技能聖殿,10月30日維護公告,0,[查看](https://cg.originmood.com/NewsContent/zh_TW/mlbb_news_16114.html)
2025-10-22,活動／營運,,,10月23日不維護公告,0,[查看](https://cg.originmood.com/NewsContent/zh_TW/mlbb_news_16094.html)
2025-10-21,活動／營運,,,關於魔力寶貝部分玩家登錄異常的公告,0,[查看](https://cg.originmood.com/NewsContent/zh_TW/mlbb_news_16084.html)
2025-10-20,賽事,,,PVP爭霸賽第16期抽抽樂限時特惠,0,[查看](https://cg.originmood.com/NewsContent/zh_TW/mlbb_news_16074.html)
2025-10-15,寵物／秘寶,,,王國遠征令啟程 解鎖寵物傳承之力,4,[查看](https://cg.originmood.com/NewsContent/zh_TW/mlbb_news_16064.html)
2025-10-15,活動／營運,新任務,開放寵物技能前置任務：王國遠征軍；開放技能任務：心眼,10月16日維護公告,0,[查看](https://cg.originmood.com/NewsContent/zh_TW/mlbb_news_16054.html)
2025-10-10,寵物／秘寶,,,改造狂想曲 超越極限的雙重詠嘆,3,[查看](https://cg.originmood.com/NewsContent/zh_TW/mlbb_news_16044.html)
2025-10-09,活動／營運,,,10月10日維護公告,0,[查看](https://cg.originmood.com/NewsContent/zh_TW/mlbb_news_16034.html)
2025-10-08,活動／營運,,,10月9日不維護公告,0,[查看](https://cg.originmood.com/NewsContent/zh_TW/mlbb_news_16024.html)
2025-10-07,地圖／任務,,,關於任務「家族聖獸試煉」異常的公告,0,[查看](https://cg.originmood.com/NewsContent/zh_TW/mlbb_news_16014.html)
2025-10-01,地圖／任務,,,中秋月宮遇奇緣 嫦娥邀君解危局,10,[查看](https://cg.originmood.com/NewsContent/zh_TW/mlbb_news_16004.html)
2025-09-30,活動／營運,,,10月2日維護公告,0,[查看](https://cg.originmood.com/NewsContent/zh_TW/mlbb_news_15984.html)
2025-09-26,活動／營運,,,9月26日臨時維護公告,0,[查看](https://cg.originmood.com/NewsContent/zh_TW/mlbb_news_15974.html)
2025-09-25,活動／營運,,,關於9月25日的優化公告,0,[查看](https://cg.originmood.com/NewsContent/zh_TW/mlbb_news_15964.html)
2025-09-24,活動／營運,,,9月25日維護公告,0,[查看](https://cg.originmood.com/NewsContent/zh_TW/mlbb_news_15944.html)
2025-09-22,賽事,,,關於PVP爭霸賽第16期重新開賽的公告,0,[查看](https://cg.originmood.com/NewsContent/zh_TW/mlbb_news_15924.html)
2025-09-20,賽事,,,關於PVP爭霸賽淘汰賽延期開賽的公告,0,[查看](https://cg.originmood.com/NewsContent/zh_TW/mlbb_news_15914.html)
2025-09-18,賽事,,,關於PVP爭霸賽第14、15期冠軍寵物屬性異常的公告,0,[查看](https://cg.originmood.com/NewsContent/zh_TW/mlbb_news_15904.html)
2025-09-18,活動／營運,,,9月18日臨時維護公告,0,[查看](https://cg.originmood.com/NewsContent/zh_TW/mlbb_news_15894.html)
2025-09-18,職業／系統,,,關於技能連擊異常消失的公告,0,[查看](https://cg.originmood.com/NewsContent/zh_TW/mlbb_news_15884.html)
2025-09-17,寵物／秘寶,,,孵化家族至尊聖獸 海洋使徒的四方之契,6,[查看](https://cg.originmood.com/NewsContent/zh_TW/mlbb_news_15874.html)
2025-09-17,活動／營運,新任務,開放任務：家族聖獸試煉,9月18日維護公告,0,[查看](https://cg.originmood.com/NewsContent/zh_TW/mlbb_news_15824.html)
2025-09-09,賽事,,,任務爭霸賽第27季開啟,0,[查看](https://cg.originmood.com/NewsContent/zh_TW/mlbb_news_15814.html)
2025-09-09,寵物／秘寶,,,聖紋啟示錄 龍與騎士的誓約,3,[查看](https://cg.originmood.com/NewsContent/zh_TW/mlbb_news_15804.html)
2025-09-08,活動／營運,,,9月9日維護公告,0,[查看](https://cg.originmood.com/NewsContent/zh_TW/mlbb_news_15794.html)
2025-09-04,寵物／秘寶,,,中元幽冥之瞳 骷髏王的王權迴響,11,[查看](https://cg.originmood.com/NewsContent/zh_TW/mlbb_news_15784.html)
2025-09-03,活動／營運,,,9月4日維護公告,0,[查看](https://cg.originmood.com/NewsContent/zh_TW/mlbb_news_15774.html)
2025-08-28,賽事,,,PVP爭霸賽第16期開啟預告,1,[查看](https://cg.originmood.com/NewsContent/zh_TW/mlbb_news_15764.html)
2025-08-28,節慶／活動,,,商城上架七夕特惠道具的公告,1,[查看](https://cg.originmood.com/NewsContent/zh_TW/mlbb_news_15754.html)
2025-08-27,活動／營運,,,8月28日維護公告,0,[查看](https://cg.originmood.com/NewsContent/zh_TW/mlbb_news_15744.html)
2025-08-21,節慶／活動,,,七夕尋姻緣相思祈願箋 首日77折&77抽必得節日限定寵物,8,[查看](https://cg.originmood.com/NewsContent/zh_TW/mlbb_news_15734.html)
2025-08-20,活動／營運,,,8月21日維護公告,0,[查看](https://cg.originmood.com/NewsContent/zh_TW/mlbb_news_15724.html)
2025-08-13,活動／營運,,,8月14日不維護公告,0,[查看](https://cg.originmood.com/NewsContent/zh_TW/mlbb_news_15714.html)
2025-08-07,寵物／秘寶,,,血染千魂妖刀 白焰的救贖對決,3,[查看](https://cg.originmood.com/NewsContent/zh_TW/mlbb_news_15704.html)
2025-08-06,地圖／任務,,,誕生24週年慶最終彈 勇者道場激鬥奪寶箱,12,[查看](https://cg.originmood.com/NewsContent/zh_TW/mlbb_news_15694.html)
2025-08-06,活動／營運,,,8月7日維護公告,0,[查看](https://cg.originmood.com/NewsContent/zh_TW/mlbb_news_15684.html)
2025-07-30,活動／營運,,,7月31日不維護停機公告,0,[查看](https://cg.originmood.com/NewsContent/zh_TW/mlbb_news_15674.html)
2025-07-24,節慶／活動,,,週年慶臨時維護補償公告,0,[查看](https://cg.originmood.com/NewsContent/zh_TW/mlbb_news_15664.html)
2025-07-24,活動／營運,,,7月24日臨時維護公告,0,[查看](https://cg.originmood.com/NewsContent/zh_TW/mlbb_news_15644.html)
2025-07-24,節慶／活動,,,《魔力寶貝》24週年誕生慶典 正式展開！,13,[查看](https://cg.originmood.com/NewsContent/zh_TW/mlbb_news_15634.html)
2025-07-23,活動／營運,,,7月24日維護公告,0,[查看](https://cg.originmood.com/NewsContent/zh_TW/mlbb_news_15614.html)
2025-07-16,活動／營運,,,7月17日不維護停機公告,0,[查看](https://cg.originmood.com/NewsContent/zh_TW/mlbb_news_15604.html)
2025-07-10,寵物／秘寶,,,盛夏之約 少女與人魚的夏日絮語,7,[查看](https://cg.originmood.com/NewsContent/zh_TW/mlbb_news_15594.html)
2025-07-09,活動／營運,,,7月10日維護公告,0,[查看](https://cg.originmood.com/NewsContent/zh_TW/mlbb_news_15584.html)
2025-07-03,寵物／秘寶,,,地獄之門將啟！速奪紅魔寶箱，化身閻魔之主！,2,[查看](https://cg.originmood.com/NewsContent/zh_TW/mlbb_news_15574.html)
2025-07-02,活動／營運,,,7月3日維護公告,0,[查看](https://cg.originmood.com/NewsContent/zh_TW/mlbb_news_15564.html)
2025-06-25,寵物／秘寶,,,黑潮巨獸謎蹤 深海龍王現世,5,[查看](https://cg.originmood.com/NewsContent/zh_TW/mlbb_news_15554.html)
2025-06-25,活動／營運,新任務,開放任務：歎息之海,6月26日維護公告,0,[查看](https://cg.originmood.com/NewsContent/zh_TW/mlbb_news_15544.html)
2025-06-25,活動／營運,,,6月25日維護完成公告,0,[查看](https://cg.originmood.com/NewsContent/zh_TW/mlbb_news_15534.html)
2025-06-23,活動／營運,,,6月25日維護公告,0,[查看](https://cg.originmood.com/NewsContent/zh_TW/mlbb_news_15524.html)
2025-06-18,活動／營運,,,6月19日不維護停機公告,0,[查看](https://cg.originmood.com/NewsContent/zh_TW/mlbb_news_15514.html)
2025-06-12,活動／營運,,,【魔力寶貝：永恆初心】帳號安全升級,0,[查看](https://cg.originmood.com/NewsContent/zh_TW/mlbb_news_15434.html)
2025-06-11,寵物／秘寶,,,霸王啾啾失踪事件 勇闖深海遺跡,8,[查看](https://cg.originmood.com/NewsContent/zh_TW/mlbb_news_15414.html)
2025-06-11,活動／營運,新任務,開放任務：黑潮遺跡,6月12日維護公告,0,[查看](https://cg.originmood.com/NewsContent/zh_TW/mlbb_news_15404.html)
2025-06-09,賽事,,,PVP爭霸賽第15期正式開啟,2,[查看](https://cg.originmood.com/NewsContent/zh_TW/mlbb_news_15394.html)
2025-06-06,寵物／秘寶,,,命運雙子 共譜星辰之路,3,[查看](https://cg.originmood.com/NewsContent/zh_TW/mlbb_news_15384.html)
2025-06-04,活動／營運,,,6月5日不維護停機公告,0,[查看](https://cg.originmood.com/NewsContent/zh_TW/mlbb_news_15374.html)
2025-05-30,地圖／任務,,,關於星墜山迷宮異常的公告,0,[查看](https://cg.originmood.com/NewsContent/zh_TW/mlbb_news_15364.html)
2025-05-28,寵物／秘寶,,,龍舟傳祝福 龍祖山激鬥,5,[查看](https://cg.originmood.com/NewsContent/zh_TW/mlbb_news_15344.html)
2025-05-28,活動／營運,限時任務,開放限時任務：端午節活動,5月29日維護公告,0,[查看](https://cg.originmood.com/NewsContent/zh_TW/mlbb_news_15334.html)
2025-05-21,節慶／活動,,,《魔力寶貝：永恆初心》四週年活動最終彈 週年巡遊禮,17,[查看](https://cg.originmood.com/NewsContent/zh_TW/mlbb_news_15324.html)
2025-05-21,活動／營運,,,5月22日維護公告,0,[查看](https://cg.originmood.com/NewsContent/zh_TW/mlbb_news_15314.html)
2025-05-19,賽事,,,PVP爭霸賽第14期抽抽樂限時特惠,1,[查看](https://cg.originmood.com/NewsContent/zh_TW/mlbb_news_15304.html)
2025-05-16,活動／營運,,,5月16日維護公告,0,[查看](https://cg.originmood.com/NewsContent/zh_TW/mlbb_news_15284.html)
2025-05-14,地圖／任務,,,《魔力寶貝：永恆初心》四週年活動第三彈 王者道場試煉開啟,7,[查看](https://cg.originmood.com/NewsContent/zh_TW/mlbb_news_15274.html)
2025-05-13,活動／營運,,,5月15日維護公告,0,[查看](https://cg.originmood.com/NewsContent/zh_TW/mlbb_news_15264.html)
2025-05-07,節慶／活動,,,《魔力寶貝：永恆初心》四週年活動第二彈火熱進行中,7,[查看](https://cg.originmood.com/NewsContent/zh_TW/mlbb_news_15254.html)
2025-05-07,活動／營運,新任務,開放任務：寶箱獵人,5月8日維護公告,0,[查看](https://cg.originmood.com/NewsContent/zh_TW/mlbb_news_15244.html)
2025-05-04,寵物／秘寶,,,銀龍傳說再現 重塑世界法則,3,[查看](https://cg.originmood.com/NewsContent/zh_TW/mlbb_news_15234.html)
2025-05-01,節慶／活動,地圖預告,首度曝光全新地圖「荒漠之地」,《魔力寶貝：永恆初心》四週年慶典燃情啟幕！神代戰神「玄黎」破界降臨，與你共鑄不朽傳說！,9,[查看](https://cg.originmood.com/NewsContent/zh_TW/mlbb_news_15224.html)
2025-04-30,活動／營運,新任務,開放任務：混沌的宿命,5月1日維護公告,0,[查看](https://cg.originmood.com/NewsContent/zh_TW/mlbb_news_15214.html)
2025-04-29,賽事,,,關於取消PVP爭霸賽「獅子魚的榮耀」隊伍比賽資格的公告,0,[查看](https://cg.originmood.com/NewsContent/zh_TW/mlbb_news_15184.html)
2025-04-23,活動／營運,,,4月24日維護公告,0,[查看](https://cg.originmood.com/NewsContent/zh_TW/mlbb_news_15134.html)
2025-04-16,寵物／秘寶,,,穿越寒霧的絮語 來自空島的承諾,4,[查看](https://cg.originmood.com/NewsContent/zh_TW/mlbb_news_15114.html)
2025-04-16,活動／營運,新任務,開放任務：星夜祭的承諾,4月17日維護公告,0,[查看](https://cg.originmood.com/NewsContent/zh_TW/mlbb_news_15104.html)
2025-04-09,活動／營運,,,4月10日維護公告,0,[查看](https://cg.originmood.com/NewsContent/zh_TW/mlbb_news_15064.html)
2025-04-07,賽事,,,PVP爭霸賽第14期正式開啟,2,[查看](https://cg.originmood.com/NewsContent/zh_TW/mlbb_news_15054.html)
2025-04-03,寵物／秘寶,,,無盡櫻海綻放 緋紅巨龍歸來,3,[查看](https://cg.originmood.com/NewsContent/zh_TW/mlbb_news_15044.html)
2025-04-02,寵物／秘寶,,,來自千年的守望 闇影君王覺醒,7,[查看](https://cg.originmood.com/NewsContent/zh_TW/mlbb_news_14974.html)
2025-04-02,活動／營運,新任務,開放混沌雙子 主線任務：闇影君王,4月3日維護公告,0,[查看](https://cg.originmood.com/NewsContent/zh_TW/mlbb_news_14964.html)
2025-03-26,活動／營運,,,3月27日不維護公告,0,[查看](https://cg.originmood.com/NewsContent/zh_TW/mlbb_news_14954.html)
2025-03-19,職業／系統,,,關於延期開放遊戲視窗上限的公告,0,[查看](https://cg.originmood.com/NewsContent/zh_TW/mlbb_news_14944.html)
2025-03-19,寵物／秘寶,,,軍團挑戰召集令 每日轉盤天天抽,6,[查看](https://cg.originmood.com/NewsContent/zh_TW/mlbb_news_14934.html)
2025-03-19,活動／營運,,,3月20日維護公告,0,[查看](https://cg.originmood.com/NewsContent/zh_TW/mlbb_news_14924.html)
2025-03-16,節慶／活動,,,關於第13期抽抽樂獲取的聖誕水藍鼠異常的公告,0,[查看](https://cg.originmood.com/NewsContent/zh_TW/mlbb_news_14914.html)
2025-03-13,賽事,,,PVP爭霸賽第13期抽抽樂限時特惠,0,[查看](https://cg.originmood.com/NewsContent/zh_TW/mlbb_news_14904.html)
2025-03-08,活動／營運,,,3月13日維護公告,0,[查看](https://cg.originmood.com/NewsContent/zh_TW/mlbb_news_14894.html)
2025-03-06,職業／系統,,,關於調整技能「嘲諷」的公告,0,[查看](https://cg.originmood.com/NewsContent/zh_TW/mlbb_news_14874.html)
2025-03-06,賽事,,,任務爭霸賽第24季開啟,0,[查看](https://cg.originmood.com/NewsContent/zh_TW/mlbb_news_14864.html)
2025-03-06,寵物／秘寶,,,墜入黑暗的光芒 神女千夜降臨,3,[查看](https://cg.originmood.com/NewsContent/zh_TW/mlbb_news_14854.html)
2025-03-05,活動／營運,,,3月6日維護公告,0,[查看](https://cg.originmood.com/NewsContent/zh_TW/mlbb_news_14844.html)
2025-03-03,寵物／秘寶,,,魔豬重生轉世 八戒覺醒降世,4,[查看](https://cg.originmood.com/NewsContent/zh_TW/mlbb_news_14824.html)
2025-03-03,活動／營運,,,3月3日維護公告,0,[查看](https://cg.originmood.com/NewsContent/zh_TW/mlbb_news_14814.html)
2025-02-26,活動／營運,,,2月27日不維護停機公告,0,[查看](https://cg.originmood.com/NewsContent/zh_TW/mlbb_news_14804.html)
2025-02-20,職業／系統,,,第八軍團長選拔試煉 全新寵物跟隨系統勁爆登場,3,[查看](https://cg.originmood.com/NewsContent/zh_TW/mlbb_news_14794.html)
2025-02-19,活動／營運,新任務,開放任務：軍團試煉,2月20日維護公告,0,[查看](https://cg.originmood.com/NewsContent/zh_TW/mlbb_news_14784.html)
2025-02-13,活動／營運,,,大臣選舉戰況更新！目前領先的是……？,0,[查看](https://cg.originmood.com/NewsContent/zh_TW/mlbb_news_14774.html)
2025-02-13,職業／系統,,,新增網頁角色銀行可存取道具的公告,0,[查看](https://cg.originmood.com/NewsContent/zh_TW/mlbb_news_14764.html)
2025-02-12,活動／營運,,,2月13日維護公告,0,[查看](https://cg.originmood.com/NewsContent/zh_TW/mlbb_news_14754.html)
2025-02-10,賽事,,,PVP爭霸賽第13期正式開啟,2,[查看](https://cg.originmood.com/NewsContent/zh_TW/mlbb_news_14744.html)
2025-02-06,寵物／秘寶,,,今宵共賞月 愛鼠來相伴,5,[查看](https://cg.originmood.com/NewsContent/zh_TW/mlbb_news_14704.html)
2025-02-05,活動／營運,,,2月6日維護公告,0,[查看](https://cg.originmood.com/NewsContent/zh_TW/mlbb_news_14684.html)
2025-02-02,賽事,,,PVP爭霸賽第13期預告,2,[查看](https://cg.originmood.com/NewsContent/zh_TW/mlbb_news_14674.html)
2025-01-28,寵物／秘寶,,,宿命的交織 八岐大蛇降臨,3,[查看](https://cg.originmood.com/NewsContent/zh_TW/mlbb_news_14664.html)
2025-01-24,活動／營運,,,1月24日維護公告,0,[查看](https://cg.originmood.com/NewsContent/zh_TW/mlbb_news_14634.html)
2025-01-22,節慶／活動,,,喜迎新年集靈珠 回歸豪禮大放送,22,[查看](https://cg.originmood.com/NewsContent/zh_TW/mlbb_news_14624.html)
2025-01-22,活動／營運,,,1月23日維護公告,0,[查看](https://cg.originmood.com/NewsContent/zh_TW/mlbb_news_14614.html)
2025-01-15,賽事,,,冠軍寵物強勢來襲 鼠王家族限時返場,2,[查看](https://cg.originmood.com/NewsContent/zh_TW/mlbb_news_14544.html)
2025-01-15,活動／營運,,,1月16日維護公告,0,[查看](https://cg.originmood.com/NewsContent/zh_TW/mlbb_news_14534.html)
2025-01-08,活動／營運,,,1月9日不維護停機公告,0,[查看](https://cg.originmood.com/NewsContent/zh_TW/mlbb_news_14524.html)
2025-01-03,職業／系統,,,關於黃金泰坦技能異常的公告,0,[查看](https://cg.originmood.com/NewsContent/zh_TW/mlbb_news_14504.html)
2025-01-02,寵物／秘寶,,,遠古巨人之謎 泰坦寵物裝備強勢來襲,6,[查看](https://cg.originmood.com/NewsContent/zh_TW/mlbb_news_14494.html)
2025-01-01,賽事,,,任務爭霸賽第23季開啟,1,[查看](https://cg.originmood.com/NewsContent/zh_TW/mlbb_news_14484.html)
2025-01-01,寵物／秘寶,,,遠古傳承的交織 賽格梅特之魂,14,[查看](https://cg.originmood.com/NewsContent/zh_TW/mlbb_news_14474.html)
2024-12-31,活動／營運,,,1月1日維護公告,0,[查看](https://cg.originmood.com/NewsContent/zh_TW/mlbb_news_14464.html)
2024-12-25,活動／營運,,,12月26日不停機維護公告,0,[查看](https://cg.originmood.com/NewsContent/zh_TW/mlbb_news_14454.html)
2024-12-19,活動／營運,,,關於12月19日延遲開服的補償公告,0,[查看](https://cg.originmood.com/NewsContent/zh_TW/mlbb_news_14444.html)
2024-12-19,節慶／活動,,,冰雪獵魔人降臨 點亮法蘭聖誕之夜,5,[查看](https://cg.originmood.com/NewsContent/zh_TW/mlbb_news_14434.html)
2024-12-18,活動／營運,限時任務,開放限時任務：營救聖誕老人；開放限時任務：聖誕驚喜樹,12月19日維護公告,0,[查看](https://cg.originmood.com/NewsContent/zh_TW/mlbb_news_14414.html)
2024-12-11,活動／營運,,,12月12日不維護公告,0,[查看](https://cg.originmood.com/NewsContent/zh_TW/mlbb_news_14374.html)
2024-12-09,寵物／秘寶,,,喚醒最純潔的光輝 潘妮與你來相會,3,[查看](https://cg.originmood.com/NewsContent/zh_TW/mlbb_news_14364.html)
2024-12-08,賽事,,,關於PVP爭霸賽第12期小組賽第二輪重賽的公告,0,[查看](https://cg.originmood.com/NewsContent/zh_TW/mlbb_news_14354.html)
2024-12-05,節慶／活動,,,惡龍大亂鬥 拯救聖誕火雞,6,[查看](https://cg.originmood.com/NewsContent/zh_TW/mlbb_news_14344.html)
2024-12-04,活動／營運,限時任務,開放限時任務：失蹤的火雞活動,12月5日維護公告,0,[查看](https://cg.originmood.com/NewsContent/zh_TW/mlbb_news_14334.html)
2024-12-02,賽事,,,PVP爭霸賽第12期正式開啟,2,[查看](https://cg.originmood.com/NewsContent/zh_TW/mlbb_news_14304.html)
2024-11-27,活動／營運,,,11月28日維護公告,0,[查看](https://cg.originmood.com/NewsContent/zh_TW/mlbb_news_14294.html)
2024-11-26,賽事,,,PVP爭霸賽第十一期抽抽樂限時特惠,0,[查看](https://cg.originmood.com/NewsContent/zh_TW/mlbb_news_14284.html)
2024-11-25,賽事,,,PVP爭霸賽第12期預告,2,[查看](https://cg.originmood.com/NewsContent/zh_TW/mlbb_news_14274.html)
2024-11-22,職業／系統,,,關於岩帝龍骨技能顯示異常的公告,0,[查看](https://cg.originmood.com/NewsContent/zh_TW/mlbb_news_14264.html)
2024-11-22,節慶／活動,,,惡魔龍骨狂舞 感恩節大挑戰,12,[查看](https://cg.originmood.com/NewsContent/zh_TW/mlbb_news_14254.html)
2024-11-20,活動／營運,限時任務,開放限時任務：感恩節活動,11月22日維護公告,0,[查看](https://cg.originmood.com/NewsContent/zh_TW/mlbb_news_14244.html)
2024-11-14,活動／營運,,,11月14日臨時維護公告,0,[查看](https://cg.originmood.com/NewsContent/zh_TW/mlbb_news_14234.html)
2024-11-14,地圖／任務,新地圖,開放地圖：森達爾村莊,開放森達爾村莊 納卡斯之影,1,[查看](https://cg.originmood.com/NewsContent/zh_TW/mlbb_news_14224.html)
2024-11-13,活動／營運,新任務,開放任務：納卡斯之影,11月14日維護公告,0,[查看](https://cg.originmood.com/NewsContent/zh_TW/mlbb_news_14214.html)
2024-11-11,寵物／秘寶,,,撒旦重生 深淵的邪靈召喚,3,[查看](https://cg.originmood.com/NewsContent/zh_TW/mlbb_news_14184.html)
2024-11-08,賽事,,,任務爭霸賽第22季開啟,1,[查看](https://cg.originmood.com/NewsContent/zh_TW/mlbb_news_14174.html)
2024-11-08,寵物／秘寶,,,勇者小戰場 集結戰BOSS,5,[查看](https://cg.originmood.com/NewsContent/zh_TW/mlbb_news_14164.html)
2024-11-06,活動／營運,,,11月8日維護公告,0,[查看](https://cg.originmood.com/NewsContent/zh_TW/mlbb_news_14154.html)
2024-10-24,寵物／秘寶,,,午夜狂歡 萬鬼夜行,9,[查看](https://cg.originmood.com/NewsContent/zh_TW/mlbb_news_14144.html)
2024-10-23,活動／營運,,,10月24日維護公告,0,[查看](https://cg.originmood.com/NewsContent/zh_TW/mlbb_news_14124.html)
2024-10-16,職業／系統,,,網頁角色銀行火熱開啟,0,[查看](https://cg.originmood.com/NewsContent/zh_TW/mlbb_news_14114.html)
2024-10-16,職業／系統,,,烏嚕的情感大作戰 網頁角色銀行開啟,5,[查看](https://cg.originmood.com/NewsContent/zh_TW/mlbb_news_14104.html)
2024-10-16,活動／營運,,,10月17日不維護公告,0,[查看](https://cg.originmood.com/NewsContent/zh_TW/mlbb_news_14094.html)
2024-10-10,寵物／秘寶,,,夢魘降臨 解秘惡魔的呢喃,3,[查看](https://cg.originmood.com/NewsContent/zh_TW/mlbb_news_14084.html)
2024-10-09,寵物／秘寶,,,吹雪的巫女 激鬥魔晶巨龍,4,[查看](https://cg.originmood.com/NewsContent/zh_TW/mlbb_news_14074.html)
2024-10-09,活動／營運,,,10月10日維護公告,0,[查看](https://cg.originmood.com/NewsContent/zh_TW/mlbb_news_14054.html)
2024-10-02,活動／營運,,,10月3日維護公告,0,[查看](https://cg.originmood.com/NewsContent/zh_TW/mlbb_news_14044.html)
2024-10-01,賽事,,,PVP爭霸賽第11期重新開放報名的公告,0,[查看](https://cg.originmood.com/NewsContent/zh_TW/mlbb_news_14034.html)
2024-09-29,賽事,,,PVP爭霸賽第11期正式開啟,2,[查看](https://cg.originmood.com/NewsContent/zh_TW/mlbb_news_14024.html)
2024-09-27,賽事,,,PVP爭霸賽第11期預告,2,[查看](https://cg.originmood.com/NewsContent/zh_TW/mlbb_news_14014.html)
2024-09-26,賽事,,,PVP爭霸賽第十期抽抽樂限時特惠,18,[查看](https://cg.originmood.com/NewsContent/zh_TW/mlbb_news_14004.html)
2024-09-26,地圖／任務,,,海底拯救之路 戰慄的魚人宮,4,[查看](https://cg.originmood.com/NewsContent/zh_TW/mlbb_news_13994.html)
2024-09-25,活動／營運,新任務,開放海底世界主線任務：戰慄的魚人宮,9月26日維護公告,0,[查看](https://cg.originmood.com/NewsContent/zh_TW/mlbb_news_13984.html)
2024-09-19,活動／營運,,,9月19日臨時維護公告,0,[查看](https://cg.originmood.com/NewsContent/zh_TW/mlbb_news_13964.html)
2024-09-12,活動／營運,,,關於NPC特級靈石製作製作師異常的公告,0,[查看](https://cg.originmood.com/NewsContent/zh_TW/mlbb_news_13954.html)
2024-09-12,賽事,,,任務爭霸賽第21季開啟,1,[查看](https://cg.originmood.com/NewsContent/zh_TW/mlbb_news_13944.html)
2024-09-12,地圖／任務,,,中秋月下會嫦娥 月宮奇遇結仙緣,5,[查看](https://cg.originmood.com/NewsContent/zh_TW/mlbb_news_13934.html)
2024-09-11,活動／營運,限時任務,開放限時任務：中秋節活動,9月12日維護公告,0,[查看](https://cg.originmood.com/NewsContent/zh_TW/mlbb_news_13914.html)
2024-09-06,寵物／秘寶,,,召喚風暴軍團 掌控疾風之力,3,[查看](https://cg.originmood.com/NewsContent/zh_TW/mlbb_news_13904.html)
2024-09-04,活動／營運,,,9月5日維護公告,0,[查看](https://cg.originmood.com/NewsContent/zh_TW/mlbb_news_13894.html)
2024-08-29,地圖／任務,,,麗夏村的騷亂 隱密的魅影惡魔,6,[查看](https://cg.originmood.com/NewsContent/zh_TW/mlbb_news_13884.html)
2024-08-28,活動／營運,新任務,開放主線任務：騷亂魅影,8月29日維護公告,0,[查看](https://cg.originmood.com/NewsContent/zh_TW/mlbb_news_13824.html)
2024-08-22,賽事,,,PVP爭霸賽第九期限時抽抽樂,1,[查看](https://cg.originmood.com/NewsContent/zh_TW/mlbb_news_13814.html)
2024-08-21,活動／營運,新地圖,開放地圖：麗夏村,8月29日維護公告,0,[查看](https://cg.originmood.com/NewsContent/zh_TW/mlbb_news_13794.html)
2024-08-15,寵物／秘寶,,,中元節驚悚來襲 魔女妮可的低語,4,[查看](https://cg.originmood.com/NewsContent/zh_TW/mlbb_news_13784.html)
2024-08-14,活動／營運,新任務,開放任務：迷亂之鄉,8月15日維護公告,0,[查看](https://cg.originmood.com/NewsContent/zh_TW/mlbb_news_13764.html)
2024-08-08,寵物／秘寶,,,關於魔力盲盒（26）的概率公告,2,[查看](https://cg.originmood.com/NewsContent/zh_TW/mlbb_news_13754.html)
2024-08-08,節慶／活動,,,《魔力寶貝》23週年慶最終彈,5,[查看](https://cg.originmood.com/NewsContent/zh_TW/mlbb_news_13744.html)
2024-08-07,活動／營運,,,8月8日維護公告,0,[查看](https://cg.originmood.com/NewsContent/zh_TW/mlbb_news_13734.html)
2024-08-05,賽事,,,PVP爭霸賽第10期正式開啟,2,[查看](https://cg.originmood.com/NewsContent/zh_TW/mlbb_news_13714.html)
2024-08-02,活動／營運,,,8月2日維護公告,0,[查看](https://cg.originmood.com/NewsContent/zh_TW/mlbb_news_13704.html)
2024-07-31,賽事,,,任務爭霸賽第20季開啟,6,[查看](https://cg.originmood.com/NewsContent/zh_TW/mlbb_news_13694.html)
2024-07-31,節慶／活動,,,23週年慶第二彈火熱進行中,4,[查看](https://cg.originmood.com/NewsContent/zh_TW/mlbb_news_13684.html)
2024-07-31,活動／營運,,,8月1日維護公告,0,[查看](https://cg.originmood.com/NewsContent/zh_TW/mlbb_news_13674.html)
2024-07-24,活動／營運,,,7月25日維護公告,0,[查看](https://cg.originmood.com/NewsContent/zh_TW/mlbb_news_13664.html)
2024-07-19,賽事,,,PVP爭霸賽第10期開啟預告,2,[查看](https://cg.originmood.com/NewsContent/zh_TW/mlbb_news_13634.html)
2024-07-17,節慶／活動,,,魔力寶貝23週年慶第一彈正式開啟,11,[查看](https://cg.originmood.com/NewsContent/zh_TW/mlbb_news_13624.html)
2024-07-17,活動／營運,,,7月18日維護公告,0,[查看](https://cg.originmood.com/NewsContent/zh_TW/mlbb_news_13614.html)
2024-07-10,活動／營運,,,7月18日維護公告,0,[查看](https://cg.originmood.com/NewsContent/zh_TW/mlbb_news_13574.html)
2024-07-05,寵物／秘寶,,,改造藝術的巔峰 黑暗奇美拉登場,4,[查看](https://cg.originmood.com/NewsContent/zh_TW/mlbb_news_13544.html)
2024-07-03,寵物／秘寶,,,海洋寵物派對 夏日探險奇遇,4,[查看](https://cg.originmood.com/NewsContent/zh_TW/mlbb_news_13524.html)
2024-07-03,活動／營運,,,7月4日維護公告,0,[查看](https://cg.originmood.com/NewsContent/zh_TW/mlbb_news_13514.html)
2024-07-01,職業／系統,,,星圖第四季開啟,6,[查看](https://cg.originmood.com/NewsContent/zh_TW/mlbb_news_13494.html)
2024-06-27,賽事,,,任務爭霸賽第19季開啟,6,[查看](https://cg.originmood.com/NewsContent/zh_TW/mlbb_news_13464.html)
2024-06-26,活動／營運,,,6月27日維護公告,0,[查看](https://cg.originmood.com/NewsContent/zh_TW/mlbb_news_13454.html)
2024-06-23,賽事,,,關於PVP爭霸賽半決賽的公告,0,[查看](https://cg.originmood.com/NewsContent/zh_TW/mlbb_news_13424.html)
2024-06-21,地圖／任務,,,關於每日大轉盤部分任務道具無法完成的公告,0,[查看](https://cg.originmood.com/NewsContent/zh_TW/mlbb_news_13414.html)
2024-06-19,地圖／任務,,,玩轉小任務 轉盤樂翻天,7,[查看](https://cg.originmood.com/NewsContent/zh_TW/mlbb_news_13394.html)
2024-06-19,活動／營運,,,6月20日維護公告,0,[查看](https://cg.originmood.com/NewsContent/zh_TW/mlbb_news_13384.html)
2024-06-12,賽事,,,關於PVP爭霸賽G組部分隊伍重賽的公告,0,[查看](https://cg.originmood.com/NewsContent/zh_TW/mlbb_news_13334.html)
2024-06-12,活動／營運,,,6月13日維護公告,0,[查看](https://cg.originmood.com/NewsContent/zh_TW/mlbb_news_13314.html)
2024-06-12,寵物／秘寶,,,關於寵物牛頭狂戰士攻擊異常的公告,0,[查看](https://cg.originmood.com/NewsContent/zh_TW/mlbb_news_13304.html)
2024-06-07,節慶／活動,,,關於端午節禮包NPC異常的公告,0,[查看](https://cg.originmood.com/NewsContent/zh_TW/mlbb_news_13284.html)
2024-06-06,寵物／秘寶,,,歸來的王者 煉獄軍團長登場,10,[查看](https://cg.originmood.com/NewsContent/zh_TW/mlbb_news_13264.html)
2024-06-06,節慶／活動,,,端午登祖山 喜贏賽龍舟,4,[查看](https://cg.originmood.com/NewsContent/zh_TW/mlbb_news_13254.html)
2024-06-05,活動／營運,,,關於戰鬥異常閃退的公告,0,[查看](https://cg.originmood.com/NewsContent/zh_TW/mlbb_news_13244.html)
2024-06-05,活動／營運,,,6月6日維護公告,0,[查看](https://cg.originmood.com/NewsContent/zh_TW/mlbb_news_13234.html)
2024-06-04,寵物／秘寶,,,關於寵物守護天使被異常獲取的公告,0,[查看](https://cg.originmood.com/NewsContent/zh_TW/mlbb_news_13204.html)
2024-06-04,活動／營運,,,6月4日臨時維護公告,0,[查看](https://cg.originmood.com/NewsContent/zh_TW/mlbb_news_13194.html)
2024-06-03,賽事,,,PVP爭霸賽第九期正式開啟,2,[查看](https://cg.originmood.com/NewsContent/zh_TW/mlbb_news_13184.html)
2024-05-30,賽事,,,任務爭霸賽第18季開啟,0,[查看](https://cg.originmood.com/NewsContent/zh_TW/mlbb_news_13164.html)
2024-05-29,活動／營運,,,5月30日維護公告,0,[查看](https://cg.originmood.com/NewsContent/zh_TW/mlbb_news_13154.html)
2024-05-27,賽事,,,PVP爭霸賽第九期開啟預告,2,[查看](https://cg.originmood.com/NewsContent/zh_TW/mlbb_news_13144.html)
2024-05-23,節慶／活動,,,《魔力寶貝：永恆初心》三週年活動最終彈,10,[查看](https://cg.originmood.com/NewsContent/zh_TW/mlbb_news_13104.html)
2024-05-22,活動／營運,新任務、限時任務,開放傳說之劍任務：月之勇者；開放限時任務：寵物島之旅活動,5月23日維護公告,0,[查看](https://cg.originmood.com/NewsContent/zh_TW/mlbb_news_13074.html)
2024-05-16,活動／營運,,,關於活動卡牌魔法屋進入異常的公告,0,[查看](https://cg.originmood.com/NewsContent/zh_TW/mlbb_news_13034.html)
2024-05-16,節慶／活動,,,《魔力寶貝：永恆初心》三週年活動第三彈,3,[查看](https://cg.originmood.com/NewsContent/zh_TW/mlbb_news_13014.html)
2024-05-15,活動／營運,限時任務,開放限時任務：卡牌魔法屋,5月16日維護公告,0,[查看](https://cg.originmood.com/NewsContent/zh_TW/mlbb_news_13004.html)
2024-05-11,節慶／活動,,,關於三週年第一彈10連抽點券返還的公告,0,[查看](https://cg.originmood.com/NewsContent/zh_TW/mlbb_news_12964.html)
2024-05-09,活動／營運,,,關於站內信禮包發放異常的公告,0,[查看](https://cg.originmood.com/NewsContent/zh_TW/mlbb_news_12944.html)
2024-05-09,節慶／活動,,,《魔力寶貝：永恆初心》三週年活動第二彈,6,[查看](https://cg.originmood.com/NewsContent/zh_TW/mlbb_news_12934.html)
2024-05-08,活動／營運,限時任務,開放限時任務：週年蛋糕派送活動,5月9日維護公告,0,[查看](https://cg.originmood.com/NewsContent/zh_TW/mlbb_news_12914.html)
2024-05-05,寵物／秘寶,,,森羅萬象的歸宿 與龍族的奇遇,2,[查看](https://cg.originmood.com/NewsContent/zh_TW/mlbb_news_12884.html)
2024-05-02,節慶／活動,,,《魔力寶貝：永恆初心》三週年活動盛大開啟,8,[查看](https://cg.originmood.com/NewsContent/zh_TW/mlbb_news_12864.html)
2024-05-01,活動／營運,新任務,開放任務：地獄之眼,5月2日維護公告,0,[查看](https://cg.originmood.com/NewsContent/zh_TW/mlbb_news_12854.html)
2024-04-24,活動／營運,,,4月25日維護公告,0,[查看](https://cg.originmood.com/NewsContent/zh_TW/mlbb_news_12724.html)
2024-04-21,賽事,,,關於比賽服開賽時間的公告,0,[查看](https://cg.originmood.com/NewsContent/zh_TW/mlbb_news_12674.html)
2024-04-20,賽事,,,關於比賽服對戰異常的公告,0,[查看](https://cg.originmood.com/NewsContent/zh_TW/mlbb_news_12644.html)
2024-04-20,賽事,,,關於比賽服登錄異常的公告,0,[查看](https://cg.originmood.com/NewsContent/zh_TW/mlbb_news_12624.html)
2024-04-19,活動／營運,,,勇者訂製！共建新規！打造勇者們心中的魔力寶貝！,0,[查看](https://cg.originmood.com/NewsContent/zh_TW/mlbb_news_12584.html)
2024-04-18,寵物／秘寶,,,墮落的魔王 暗黑大公雞,4,[查看](https://cg.originmood.com/NewsContent/zh_TW/mlbb_news_12564.html)
2024-04-17,活動／營運,新任務,開放任務：墮落的暗靈,4月18日維護公告,0,[查看](https://cg.originmood.com/NewsContent/zh_TW/mlbb_news_12534.html)
2024-04-10,活動／營運,,,4月11日維護公告,0,[查看](https://cg.originmood.com/NewsContent/zh_TW/mlbb_news_12314.html)
2024-04-06,賽事,,,關於4月6日PVP爭霸賽小組賽延遲的公告,0,[查看](https://cg.originmood.com/NewsContent/zh_TW/mlbb_news_12234.html)
2024-04-04,活動／營運,,,關於生命藥水（1000）收納袋異常的公告,0,[查看](https://cg.originmood.com/NewsContent/zh_TW/mlbb_news_12204.html)
2024-04-04,活動／營運,,,關於魔力盲盒（22）的概率公告,0,[查看](https://cg.originmood.com/NewsContent/zh_TW/mlbb_news_12194.html)
2024-04-04,寵物／秘寶,,,古代沙漠傳說 埃及三頭龍復生,5,[查看](https://cg.originmood.com/NewsContent/zh_TW/mlbb_news_12184.html)
2024-04-03,寵物／秘寶,,,智鬥魔法牌 勇奪不死大獎,6,[查看](https://cg.originmood.com/NewsContent/zh_TW/mlbb_news_12174.html)
2024-04-03,活動／營運,,,4月4日維護公告,0,[查看](https://cg.originmood.com/NewsContent/zh_TW/mlbb_news_12134.html)
2024-04-01,賽事,,,PVP爭霸賽第八期正式開啟,3,[查看](https://cg.originmood.com/NewsContent/zh_TW/mlbb_news_12084.html)
2024-04-01,職業／系統,,,星圖第三季開啟,5,[查看](https://cg.originmood.com/NewsContent/zh_TW/mlbb_news_12074.html)
2024-03-28,賽事,,,任務爭霸賽第16季開啟,0,[查看](https://cg.originmood.com/NewsContent/zh_TW/mlbb_news_12044.html)
2024-03-27,活動／營運,,,3月28日維護公告,0,[查看](https://cg.originmood.com/NewsContent/zh_TW/mlbb_news_12024.html)
2024-03-26,活動／營運,,,關於裂口食人花捕捉異常的公告,0,[查看](https://cg.originmood.com/NewsContent/zh_TW/mlbb_news_12014.html)
2024-03-26,賽事,,,PVP爭霸賽第八期開啟預告,3,[查看](https://cg.originmood.com/NewsContent/zh_TW/mlbb_news_12004.html)
2024-03-21,地圖／任務,新地圖,推出新大陸相關任務：櫻花樹精綁架事件,開拓新大陸 櫻花樹精綁架事件,4,[查看](https://cg.originmood.com/NewsContent/zh_TW/mlbb_news_11964.html)
2024-03-20,活動／營運,新任務,開放主線任務：櫻花樹之淚,3月21日維護公告,0,[查看](https://cg.originmood.com/NewsContent/zh_TW/mlbb_news_11954.html)
2024-03-13,賽事,,,PVP爭霸賽第七期限時抽抽樂,0,[查看](https://cg.originmood.com/NewsContent/zh_TW/mlbb_news_11844.html)
2024-03-13,活動／營運,,,3月14日維護公告,0,[查看](https://cg.originmood.com/NewsContent/zh_TW/mlbb_news_11834.html)
2024-03-07,寵物／秘寶,,,決鬥絕望之森 掌控雷霆的魔王,4,[查看](https://cg.originmood.com/NewsContent/zh_TW/mlbb_news_11824.html)
2024-03-06,活動／營運,新任務,開放任務：雷鳴之森,3月7日維護公告,0,[查看](https://cg.originmood.com/NewsContent/zh_TW/mlbb_news_11814.html)
2024-03-01,寵物／秘寶,,,引領正義的使命 貝尼恰斯教團,4,[查看](https://cg.originmood.com/NewsContent/zh_TW/mlbb_news_11804.html)
2024-03-01,活動／營運,,,關於遊戲登錄異常修復的公告,0,[查看](https://cg.originmood.com/NewsContent/zh_TW/mlbb_news_11794.html)
2024-02-29,賽事,,,任務爭霸賽第15季開啟,6,[查看](https://cg.originmood.com/NewsContent/zh_TW/mlbb_news_11784.html)
2024-02-29,活動／營運,,,關於2月29日維護延遲的公告,0,[查看](https://cg.originmood.com/NewsContent/zh_TW/mlbb_news_11774.html)
2024-02-28,活動／營運,,,2月29日維護公告,0,[查看](https://cg.originmood.com/NewsContent/zh_TW/mlbb_news_11764.html)
2024-02-25,賽事,,,關於任務爭霸賽排行榜異常的公告,0,[查看](https://cg.originmood.com/NewsContent/zh_TW/mlbb_news_11754.html)
2024-02-24,賽事,,,關於比賽服登錄異常的公告,0,[查看](https://cg.originmood.com/NewsContent/zh_TW/mlbb_news_11744.html)
2024-02-23,職業／系統,,,關於百步蛇的卡片無法獲得與技能嘲諷的公告,0,[查看](https://cg.originmood.com/NewsContent/zh_TW/mlbb_news_11714.html)
2024-02-21,地圖／任務,,,元宵情人節 探尋天空城,4,[查看](https://cg.originmood.com/NewsContent/zh_TW/mlbb_news_11704.html)
2024-02-21,活動／營運,新任務、限時任務,開放任務：天空之城；開放限時任務：元宵情人節活動,2月22日維護公告,0,[查看](https://cg.originmood.com/NewsContent/zh_TW/mlbb_news_11694.html)
2024-02-09,節慶／活動,,,新春獻祝福 領新春大禮包,0,[查看](https://cg.originmood.com/NewsContent/zh_TW/mlbb_news_11644.html)
2024-02-07,寵物／秘寶,,,辰龍賜福 結締龍族羈絆,5,[查看](https://cg.originmood.com/NewsContent/zh_TW/mlbb_news_11634.html)
2024-02-07,活動／營運,,,2月8日維護公告,0,[查看](https://cg.originmood.com/NewsContent/zh_TW/mlbb_news_11624.html)
2024-02-02,節慶／活動,,,新春特惠，8.5折新春王寵禮盒除夕上線！！！,0,[查看](https://cg.originmood.com/NewsContent/zh_TW/mlbb_news_11614.html)
2024-02-01,節慶／活動,,,迎新回歸活動,3,[查看](https://cg.originmood.com/NewsContent/zh_TW/mlbb_news_11604.html)
2024-02-01,賽事,,,任務爭霸賽第14季開啟,0,[查看](https://cg.originmood.com/NewsContent/zh_TW/mlbb_news_11594.html)
2024-02-01,節慶／活動,,,新春遇神龍 龍寶大救援,9,[查看](https://cg.originmood.com/NewsContent/zh_TW/mlbb_news_11584.html)
2024-01-31,活動／營運,,,2月1日維護公告,0,[查看](https://cg.originmood.com/NewsContent/zh_TW/mlbb_news_11574.html)
2024-01-29,賽事,,,PVP爭霸賽第七期正式開啟報名,3,[查看](https://cg.originmood.com/NewsContent/zh_TW/mlbb_news_11554.html)
2024-01-24,活動／營運,,,1月25日取消維護及新版本預告,0,[查看](https://cg.originmood.com/NewsContent/zh_TW/mlbb_news_11544.html)
2024-01-18,寵物／秘寶,,,海巨獸之影 金鱗龍魚來襲,5,[查看](https://cg.originmood.com/NewsContent/zh_TW/mlbb_news_11534.html)
2024-01-17,活動／營運,,,1月18日維護公告,0,[查看](https://cg.originmood.com/NewsContent/zh_TW/mlbb_news_11524.html)
2024-01-11,賽事,,,PVP爭霸賽第七期開啟預告,3,[查看](https://cg.originmood.com/NewsContent/zh_TW/mlbb_news_11474.html)
2024-01-11,賽事,,,PVP爭霸賽第六期抽抽樂限時特惠,0,[查看](https://cg.originmood.com/NewsContent/zh_TW/mlbb_news_11434.html)
2024-01-10,活動／營運,,,1月11日維護公告,0,[查看](https://cg.originmood.com/NewsContent/zh_TW/mlbb_news_11404.html)
2024-01-04,活動／營運,,,1月4日臨時維護公告,0,[查看](https://cg.originmood.com/NewsContent/zh_TW/mlbb_news_11154.html)
2024-01-04,賽事,,,任務爭霸賽第13季開啟,6,[查看](https://cg.originmood.com/NewsContent/zh_TW/mlbb_news_11024.html)
2024-01-04,節慶／活動,,,聖誕花環會 相遇帝王獅,8,[查看](https://cg.originmood.com/NewsContent/zh_TW/mlbb_news_11014.html)
2024-01-03,活動／營運,,,1月4日維護公告,0,[查看](https://cg.originmood.com/NewsContent/zh_TW/mlbb_news_11004.html)
2023-12-28,寵物／秘寶,,,女帝降臨 阿爾卡迪亞登場,14,[查看](https://cg.originmood.com/NewsContent/zh_TW/mlbb_news_10894.html)
2023-12-28,職業／系統,,,星圖第二季開啟,5,[查看](https://cg.originmood.com/NewsContent/zh_TW/mlbb_news_10884.html)
2023-12-27,活動／營運,,,1月1日維護公告,0,[查看](https://cg.originmood.com/NewsContent/zh_TW/mlbb_news_10874.html)
2023-12-20,節慶／活動,,,冰雪奇緣 來自聖誕的新夥伴,7,[查看](https://cg.originmood.com/NewsContent/zh_TW/mlbb_news_10844.html)
2023-12-20,活動／營運,,,12月21日維護公告,0,[查看](https://cg.originmood.com/NewsContent/zh_TW/mlbb_news_10834.html)
2023-12-14,地圖／任務,,,關於連破戰和星辰塔挑戰任務的積分公告,0,[查看](https://cg.originmood.com/NewsContent/zh_TW/mlbb_news_10824.html)
2023-12-13,活動／營運,,,12月14日維護公告,0,[查看](https://cg.originmood.com/NewsContent/zh_TW/mlbb_news_10814.html)
2023-12-13,寵物／秘寶,,,黑夜之影 夢魘奪魂之主,6,[查看](https://cg.originmood.com/NewsContent/zh_TW/mlbb_news_10804.html)
2023-12-09,賽事,,,PVP爭霸賽部分隊伍重賽公告（2）,0,[查看](https://cg.originmood.com/NewsContent/zh_TW/mlbb_news_10794.html)
2023-12-09,賽事,,,PVP爭霸賽部分隊伍重賽公告,0,[查看](https://cg.originmood.com/NewsContent/zh_TW/mlbb_news_10784.html)
2023-12-07,賽事,,,任務爭霸賽第12季開啟,6,[查看](https://cg.originmood.com/NewsContent/zh_TW/mlbb_news_10774.html)
2023-12-06,地圖／任務,,,蒼月聖域的呼喚 探尋元素秘境,9,[查看](https://cg.originmood.com/NewsContent/zh_TW/mlbb_news_10764.html)
2023-12-06,活動／營運,新任務,開放天空之城前置任務：蒼月聖域,12月7日維護公告,0,[查看](https://cg.originmood.com/NewsContent/zh_TW/mlbb_news_10754.html)
2023-12-05,職業／系統,,,關於星圖重新開放的公告,0,[查看](https://cg.originmood.com/NewsContent/zh_TW/mlbb_news_10744.html)
2023-12-04,賽事,,,PVP爭霸賽第六期正式開啟報名,3,[查看](https://cg.originmood.com/NewsContent/zh_TW/mlbb_news_10734.html)
2023-11-30,職業／系統,,,關於星圖活動暫時關閉的公告,0,[查看](https://cg.originmood.com/NewsContent/zh_TW/mlbb_news_10724.html)
2023-11-29,活動／營運,,,11月30日維護公告,0,[查看](https://cg.originmood.com/NewsContent/zh_TW/mlbb_news_10714.html)
2023-11-23,地圖／任務,,,挑戰星辰塔 鍛造傳奇套裝,10,[查看](https://cg.originmood.com/NewsContent/zh_TW/mlbb_news_10704.html)
2023-11-22,活動／營運,,,11月24日維護公告,0,[查看](https://cg.originmood.com/NewsContent/zh_TW/mlbb_news_10694.html)
2023-11-16,賽事,,,PVP爭霸賽第五期抽抽樂限時特惠,0,[查看](https://cg.originmood.com/NewsContent/zh_TW/mlbb_news_10684.html)
2023-11-15,活動／營運,,,11月16日維護公告,0,[查看](https://cg.originmood.com/NewsContent/zh_TW/mlbb_news_10674.html)
2023-11-13,活動／營運,,,11月13日維護公告,0,[查看](https://cg.originmood.com/NewsContent/zh_TW/mlbb_news_10664.html)
2023-11-11,寵物／秘寶,,,關於寵物狂魔劍次總檔異常的問題,0,[查看](https://cg.originmood.com/NewsContent/zh_TW/mlbb_news_10654.html)
2023-11-10,寵物／秘寶,,,刀客之志 狂魔與少年,3,[查看](https://cg.originmood.com/NewsContent/zh_TW/mlbb_news_10564.html)
2023-11-10,活動／營運,,,11月11日維護公告,0,[查看](https://cg.originmood.com/NewsContent/zh_TW/mlbb_news_10554.html)
2023-11-09,地圖／任務,,,關於任務賽第十季寶箱異常的問題,0,[查看](https://cg.originmood.com/NewsContent/zh_TW/mlbb_news_10544.html)
2023-11-09,職業／系統,新職業,正式開放刀客與鍛刀工職業，並開放刀客專屬技能「燕斬」,新職業登場！無雙刀客參上,8,[查看](https://cg.originmood.com/NewsContent/zh_TW/mlbb_news_10534.html)
2023-11-08,地圖／任務,,,任務賽第11季開啟,6,[查看](https://cg.originmood.com/NewsContent/zh_TW/mlbb_news_10524.html)
2023-11-08,活動／營運,,,11月9日維護公告,0,[查看](https://cg.originmood.com/NewsContent/zh_TW/mlbb_news_10514.html)
2023-11-01,活動／營運,,,11月2日維護公告,0,[查看](https://cg.originmood.com/NewsContent/zh_TW/mlbb_news_10494.html)
2023-10-27,地圖／任務,,,關於任務賽無法領取的異常公告,0,[查看](https://cg.originmood.com/NewsContent/zh_TW/mlbb_news_10484.html)
2023-10-25,節慶／活動,,,萬聖狂欢 百魅之夜,6,[查看](https://cg.originmood.com/NewsContent/zh_TW/mlbb_news_10474.html)
2023-10-25,活動／營運,,,關於永恆雙子、摩羯合服的公告,0,[查看](https://cg.originmood.com/NewsContent/zh_TW/mlbb_news_10464.html)
2023-10-25,活動／營運,,,10月26日維護公告,0,[查看](https://cg.originmood.com/NewsContent/zh_TW/mlbb_news_10454.html)
2023-10-19,活動／營運,,,10月19日取消維護公告,0,[查看](https://cg.originmood.com/NewsContent/zh_TW/mlbb_news_10444.html)
2023-10-12,賽事,,,任務爭霸賽第十季開啟,6,[查看](https://cg.originmood.com/NewsContent/zh_TW/mlbb_news_10434.html)
2023-10-12,寵物／秘寶,,,勝利之翼 諾爾特神鷹,4,[查看](https://cg.originmood.com/NewsContent/zh_TW/mlbb_news_10424.html)
2023-10-11,活動／營運,,,10月12日維護公告,0,[查看](https://cg.originmood.com/NewsContent/zh_TW/mlbb_news_10414.html)
2023-10-09,寵物／秘寶,,,劍之侍魂 武魂狂人,3,[查看](https://cg.originmood.com/NewsContent/zh_TW/mlbb_news_10404.html)
2023-10-07,賽事,,,關於PVP爭霸賽延遲的公告2,0,[查看](https://cg.originmood.com/NewsContent/zh_TW/mlbb_news_10394.html)
2023-10-07,賽事,,,關於PVP爭霸賽延遲的公告,0,[查看](https://cg.originmood.com/NewsContent/zh_TW/mlbb_news_10384.html)
2023-10-04,活動／營運,,,10月5日維護公告,0,[查看](https://cg.originmood.com/NewsContent/zh_TW/mlbb_news_10374.html)
2023-10-02,賽事,,,PVP爭霸賽第五期正式開啟報名,3,[查看](https://cg.originmood.com/NewsContent/zh_TW/mlbb_news_10364.html)
2023-09-27,活動／營運,,,9月28日維護公告,0,[查看](https://cg.originmood.com/NewsContent/zh_TW/mlbb_news_10354.html)
2023-09-25,職業／系統,,,點亮法蘭的夜空 星圖系統上線,9,[查看](https://cg.originmood.com/NewsContent/zh_TW/mlbb_news_10344.html)
2023-09-22,寵物／秘寶,,,嫦娥公主伴佳節 飛仙奔月共團圓（秘寶8折特惠！）,16,[查看](https://cg.originmood.com/NewsContent/zh_TW/mlbb_news_10334.html)
2023-09-21,寵物／秘寶,,,霸氣魔蛇現世 元素使限時返場,10,[查看](https://cg.originmood.com/NewsContent/zh_TW/mlbb_news_10324.html)
2023-09-20,活動／營運,,,9月21日維護公告,0,[查看](https://cg.originmood.com/NewsContent/zh_TW/mlbb_news_10314.html)
2023-09-14,賽事,,,關於任務爭霸賽第八季頭飾顯示異常的公告,0,[查看](https://cg.originmood.com/NewsContent/zh_TW/mlbb_news_10304.html)
2023-09-13,賽事,,,PVP爭霸賽第五期預告,3,[查看](https://cg.originmood.com/NewsContent/zh_TW/mlbb_news_10294.html)
2023-09-13,活動／營運,,,9月14日維護公告,0,[查看](https://cg.originmood.com/NewsContent/zh_TW/mlbb_news_10284.html)
2023-09-13,賽事,,,任務爭霸賽第九季開啟,6,[查看](https://cg.originmood.com/NewsContent/zh_TW/mlbb_news_10274.html)
2023-09-13,賽事,,,PVP爭霸賽抽抽樂限時特惠,0,[查看](https://cg.originmood.com/NewsContent/zh_TW/mlbb_news_10264.html)
2023-09-08,寵物／秘寶,,,開啟回憶的羈絆 白銀之魂猶大,3,[查看](https://cg.originmood.com/NewsContent/zh_TW/mlbb_news_10254.html)
2023-09-08,活動／營運,,,關於生命之葉與幽靈之眼的公告,0,[查看](https://cg.originmood.com/NewsContent/zh_TW/mlbb_news_10244.html)
2023-09-08,地圖／任務,限時任務,開放限時任務：幽靈道場,不死的試煉 挑戰幽靈道場,10,[查看](https://cg.originmood.com/NewsContent/zh_TW/mlbb_news_10234.html)
2023-09-06,活動／營運,限時任務,開放限時任務：幽靈道場,9月8日維護公告,0,[查看](https://cg.originmood.com/NewsContent/zh_TW/mlbb_news_10224.html)
2023-09-01,活動／營運,,,關於魔力盲盒（19）的概率公告,0,[查看](https://cg.originmood.com/NewsContent/zh_TW/mlbb_news_10214.html)
2023-08-30,活動／營運,,,8月31日維護公告,0,[查看](https://cg.originmood.com/NewsContent/zh_TW/mlbb_news_10204.html)
2023-08-30,節慶／活動,,,幽靈重現 中元禮包限時回歸,8,[查看](https://cg.originmood.com/NewsContent/zh_TW/mlbb_news_10194.html)
2023-08-24,寵物／秘寶,,,相遇花妖王 雷霆幻獸大加強,4,[查看](https://cg.originmood.com/NewsContent/zh_TW/mlbb_news_10184.html)
2023-08-23,活動／營運,,,8月24日維護公告,0,[查看](https://cg.originmood.com/NewsContent/zh_TW/mlbb_news_10174.html)
2023-08-23,職業／系統,內容預告,預告第四季度推出新職業、全新任務與「天空之城」地圖,《魔力寶貝：永恆初心》新職業和地圖即將更新 第四季度全新資料篇搶先公佈,0,[查看](https://cg.originmood.com/NewsContent/zh_TW/mlbb_news_10164.html)
2023-08-17,賽事,,,任務爭霸賽第八季開啟,1,[查看](https://cg.originmood.com/NewsContent/zh_TW/mlbb_news_10154.html)
2023-08-16,活動／營運,,,8月17日維護公告,0,[查看](https://cg.originmood.com/NewsContent/zh_TW/mlbb_news_10144.html)
2023-08-11,賽事,,,PVP爭霸賽熱門寵物 限時返場,0,[查看](https://cg.originmood.com/NewsContent/zh_TW/mlbb_news_10134.html)
2023-08-10,賽事,,,PVP爭霸賽第四期(懷舊系寵物賽)開啟預告,3,[查看](https://cg.originmood.com/NewsContent/zh_TW/mlbb_news_10114.html)
2023-08-09,節慶／活動,,,22週年慶最終彈,3,[查看](https://cg.originmood.com/NewsContent/zh_TW/mlbb_news_10104.html)
2023-08-09,活動／營運,,,8月10日維護公告,0,[查看](https://cg.originmood.com/NewsContent/zh_TW/mlbb_news_10094.html)
2023-08-07,寵物／秘寶,,,改造的巔峰藝術 紅翼奇美拉的崛起,3,[查看](https://cg.originmood.com/NewsContent/zh_TW/mlbb_news_10084.html)
2023-08-07,賽事,,,PVP爭霸賽第三期獎勵發放通知及下期預告,0,[查看](https://cg.originmood.com/NewsContent/zh_TW/mlbb_news_10074.html)
2023-08-06,活動／營運,,,8月7日維護公告,0,[查看](https://cg.originmood.com/NewsContent/zh_TW/mlbb_news_10064.html)
2023-08-03,活動／營運,,,8月4日取消維護公告,0,[查看](https://cg.originmood.com/NewsContent/zh_TW/mlbb_news_10044.html)
2023-08-02,活動／營運,,,8月4日維護公告,0,[查看](https://cg.originmood.com/NewsContent/zh_TW/mlbb_news_10034.html)
2023-08-02,活動／營運,,,關於魔力盲盒（18）概率的公告,0,[查看](https://cg.originmood.com/NewsContent/zh_TW/mlbb_news_10024.html)
2023-07-28,活動／營運,,,7月28日臨時維護公告,0,[查看](https://cg.originmood.com/NewsContent/zh_TW/mlbb_news_10004.html)
2023-07-27,節慶／活動,,,22週年慶第一彈,3,[查看](https://cg.originmood.com/NewsContent/zh_TW/mlbb_news_9994.html)
2023-07-26,活動／營運,,,7月27日維護公告,0,[查看](https://cg.originmood.com/NewsContent/zh_TW/mlbb_news_9984.html)
2023-07-22,賽事,,,關於PVP爭霸賽延賽的公告,0,[查看](https://cg.originmood.com/NewsContent/zh_TW/mlbb_news_9964.html)
2023-07-20,寵物／秘寶,,,被詛咒的魔靈 神隱魔偶之謎,3,[查看](https://cg.originmood.com/NewsContent/zh_TW/mlbb_news_9954.html)
2023-07-20,賽事,,,任務爭霸賽第七季開啟,1,[查看](https://cg.originmood.com/NewsContent/zh_TW/mlbb_news_9944.html)
2023-07-19,活動／營運,,,7月20日維護公告,0,[查看](https://cg.originmood.com/NewsContent/zh_TW/mlbb_news_9934.html)
2023-07-15,賽事,,,關於PVP爭霸賽重賽的公告2,0,[查看](https://cg.originmood.com/NewsContent/zh_TW/mlbb_news_9924.html)
2023-07-15,賽事,,,關於PVP爭霸賽重賽的公告,0,[查看](https://cg.originmood.com/NewsContent/zh_TW/mlbb_news_9914.html)
2023-07-15,賽事,,,關於PVP爭霸賽延賽的公告,0,[查看](https://cg.originmood.com/NewsContent/zh_TW/mlbb_news_9904.html)
2023-07-15,賽事,,,關於PVP爭霸賽延遲的公告,0,[查看](https://cg.originmood.com/NewsContent/zh_TW/mlbb_news_9894.html)
2023-07-12,活動／營運,,,7月13日維護公告,0,[查看](https://cg.originmood.com/NewsContent/zh_TW/mlbb_news_9884.html)
2023-07-12,活動／營運,,,砸出無限驚喜 原石工坊勁爆來襲,0,[查看](https://cg.originmood.com/NewsContent/zh_TW/mlbb_news_9874.html)
2023-07-10,賽事,,,PVP爭霸賽第三期 開啟公告,4,[查看](https://cg.originmood.com/NewsContent/zh_TW/mlbb_news_9864.html)
2023-07-10,賽事,,,PVP爭霸賽第二期熱門寵物 限時返場,0,[查看](https://cg.originmood.com/NewsContent/zh_TW/mlbb_news_9854.html)
2023-07-07,寵物／秘寶,,,魔族改造人 不死暗醫登場,3,[查看](https://cg.originmood.com/NewsContent/zh_TW/mlbb_news_9844.html)
2023-07-06,寵物／秘寶,,,海洋之誓 美人魚之旅,8,[查看](https://cg.originmood.com/NewsContent/zh_TW/mlbb_news_9834.html)
2023-07-05,活動／營運,,,7月6日維護公告,0,[查看](https://cg.originmood.com/NewsContent/zh_TW/mlbb_news_9824.html)
2023-07-01,活動／營運,,,關於魔力盲盒（17）概率的公告,0,[查看](https://cg.originmood.com/NewsContent/zh_TW/mlbb_news_9814.html)
2023-06-30,活動／營運,,,6月30日臨時維護公告,0,[查看](https://cg.originmood.com/NewsContent/zh_TW/mlbb_news_9804.html)
2023-06-30,賽事,,,PVP爭霸賽第二期獎勵發放通知及下期預告,0,[查看](https://cg.originmood.com/NewsContent/zh_TW/mlbb_news_9794.html)
2023-06-28,活動／營運,,,6月30日維護公告,0,[查看](https://cg.originmood.com/NewsContent/zh_TW/mlbb_news_9784.html)
2023-06-24,賽事,,,關於比賽服延遲關閉的公告,0,[查看](https://cg.originmood.com/NewsContent/zh_TW/mlbb_news_9774.html)
2023-06-21,賽事,,,任務爭霸賽第六季開啟,6,[查看](https://cg.originmood.com/NewsContent/zh_TW/mlbb_news_9764.html)
2023-06-21,節慶／活動,,,端午戰龍王 龍祖山激鬥,8,[查看](https://cg.originmood.com/NewsContent/zh_TW/mlbb_news_9754.html)
2023-06-20,活動／營運,,,關於提高帳號安全性的公告,0,[查看](https://cg.originmood.com/NewsContent/zh_TW/mlbb_news_9744.html)
2023-06-20,活動／營運,,,6月21日維護公告,0,[查看](https://cg.originmood.com/NewsContent/zh_TW/mlbb_news_9734.html)
2023-06-15,寵物／秘寶,,,夏日的奇幻之旅 艷陽鼠王與百香公主的相遇,3,[查看](https://cg.originmood.com/NewsContent/zh_TW/mlbb_news_9724.html)
2023-06-14,活動／營運,,,6月15日維護公告,0,[查看](https://cg.originmood.com/NewsContent/zh_TW/mlbb_news_9714.html)
2023-06-13,賽事,,,關於PVP爭霸賽第二期重新報名的公告,0,[查看](https://cg.originmood.com/NewsContent/zh_TW/mlbb_news_9704.html)
2023-06-12,賽事,,,PVP爭霸賽（第二期金屬系寵物賽）淘汰賽比賽時間調整公告,0,[查看](https://cg.originmood.com/NewsContent/zh_TW/mlbb_news_9694.html)
2023-06-12,賽事,,,PVP爭霸賽（第二期金屬系寵物賽）開啟預告,3,[查看](https://cg.originmood.com/NewsContent/zh_TW/mlbb_news_9684.html)
2023-06-08,賽事,,,PVP爭霸決賽熱門寵物 限時返場,0,[查看](https://cg.originmood.com/NewsContent/zh_TW/mlbb_news_9674.html)
2023-06-07,活動／營運,,,6月8日維護公告,0,[查看](https://cg.originmood.com/NewsContent/zh_TW/mlbb_news_9664.html)
2023-06-05,寵物／秘寶,,,冠絕天際 龍威鎮魔界,3,[查看](https://cg.originmood.com/NewsContent/zh_TW/mlbb_news_9654.html)
2023-06-01,寵物／秘寶,,,關於魔力盲盒（16）概率的公告,1,[查看](https://cg.originmood.com/NewsContent/zh_TW/mlbb_news_9644.html)
2023-06-01,賽事,,,PVP爭霸賽第一期獎勵發放通知及下期預告,0,[查看](https://cg.originmood.com/NewsContent/zh_TW/mlbb_news_9634.html)
2023-06-01,寵物／秘寶,,,炎熱夏至 甜蜜律動蜜瓜公主,3,[查看](https://cg.originmood.com/NewsContent/zh_TW/mlbb_news_9624.html)
2023-05-31,活動／營運,,,6月1日維護公告,0,[查看](https://cg.originmood.com/NewsContent/zh_TW/mlbb_news_9614.html)
2023-05-27,賽事,,,關於5月27日PVP爭霸賽八強賽的公告,0,[查看](https://cg.originmood.com/NewsContent/zh_TW/mlbb_news_9604.html)
2023-05-25,賽事,,,任務爭霸賽第五季開啟,6,[查看](https://cg.originmood.com/NewsContent/zh_TW/mlbb_news_9594.html)
2023-05-25,節慶／活動,,,《魔力寶貝：永恆初心》二週年最終彈,5,[查看](https://cg.originmood.com/NewsContent/zh_TW/mlbb_news_9584.html)
2023-05-24,活動／營運,,,5月25日維護公告,0,[查看](https://cg.originmood.com/NewsContent/zh_TW/mlbb_news_9574.html)
2023-05-18,節慶／活動,,,《魔力寶貝：永恆初心》二週年第三彈,6,[查看](https://cg.originmood.com/NewsContent/zh_TW/mlbb_news_9564.html)
2023-05-17,活動／營運,新任務、限時任務,開放傳說之劍任務：鎮魂之歌；開放限時任務：週年慶祝福活動,5月18日維護公告,0,[查看](https://cg.originmood.com/NewsContent/zh_TW/mlbb_news_9554.html)
2023-05-12,賽事,,,PVP爭霸賽正式賽（第一期）開啟預告,3,[查看](https://cg.originmood.com/NewsContent/zh_TW/mlbb_news_9544.html)
2023-05-12,節慶／活動,,,《魔力寶貝：永恆初心》二週年第一彈首抽活動點數返還公告。,0,[查看](https://cg.originmood.com/NewsContent/zh_TW/mlbb_news_9534.html)
2023-05-11,節慶／活動,,,《魔力寶貝：永恆初心》二週年第二彈,5,[查看](https://cg.originmood.com/NewsContent/zh_TW/mlbb_news_9524.html)
2023-05-10,活動／營運,,,5月11日維護公告,0,[查看](https://cg.originmood.com/NewsContent/zh_TW/mlbb_news_9514.html)
2023-05-06,活動／營運,,,5月7日臨時維護公告,0,[查看](https://cg.originmood.com/NewsContent/zh_TW/mlbb_news_9504.html)
2023-05-04,賽事,,,PVP爭霸賽測試賽獎勵發放通知及下期預告,0,[查看](https://cg.originmood.com/NewsContent/zh_TW/mlbb_news_9494.html)
2023-05-03,活動／營運,限時任務、新地圖,開放限時任務：尾狐棲息地；開放限時任務：二週年集字活動；開放地圖：白砂村,5月5日維護公告,0,[查看](https://cg.originmood.com/NewsContent/zh_TW/mlbb_news_9484.html)
2023-04-29,節慶／活動,,,《魔力寶貝：永恆初心》二週年活動盛大開啟,12,[查看](https://cg.originmood.com/NewsContent/zh_TW/mlbb_news_9464.html)
2023-04-27,地圖／任務,,,任務賽第四季開啟公告,6,[查看](https://cg.originmood.com/NewsContent/zh_TW/mlbb_news_9454.html)
2023-04-27,寵物／秘寶,,,強襲之心 永無止境,3,[查看](https://cg.originmood.com/NewsContent/zh_TW/mlbb_news_9444.html)
2023-04-26,活動／營運,,,4月27日維護公告,0,[查看](https://cg.originmood.com/NewsContent/zh_TW/mlbb_news_9434.html)
2023-04-26,賽事,,,PVP爭霸正式賽報名規則公告,0,[查看](https://cg.originmood.com/NewsContent/zh_TW/mlbb_news_9424.html)
2023-04-22,賽事,,,PVP爭霸賽參賽指引,0,[查看](https://cg.originmood.com/NewsContent/zh_TW/mlbb_news_9414.html)
2023-04-19,活動／營運,,,4月20日維護公告,0,[查看](https://cg.originmood.com/NewsContent/zh_TW/mlbb_news_9404.html)
2023-04-17,賽事,,,關於PVP爭霸賽重新報名公告,0,[查看](https://cg.originmood.com/NewsContent/zh_TW/mlbb_news_9394.html)
2023-04-17,賽事,,,關於PVP爭霸賽無法加入替補成員問題公告,0,[查看](https://cg.originmood.com/NewsContent/zh_TW/mlbb_news_9334.html)
2023-04-17,賽事,,,PVP爭霸測賽（測試賽）開啟公告,3,[查看](https://cg.originmood.com/NewsContent/zh_TW/mlbb_news_9324.html)
2023-04-14,賽事,,,PVP爭霸測試賽規則說明,0,[查看](https://cg.originmood.com/NewsContent/zh_TW/mlbb_news_9304.html)
2023-04-13,地圖／任務,,,速通星辰塔 智鬥機甲巨獸,6,[查看](https://cg.originmood.com/NewsContent/zh_TW/mlbb_news_9294.html)
2023-04-12,活動／營運,,,4月13日維護公告,0,[查看](https://cg.originmood.com/NewsContent/zh_TW/mlbb_news_9284.html)
2023-04-04,寵物／秘寶,,,神之使者 天使降臨,3,[查看](https://cg.originmood.com/NewsContent/zh_TW/mlbb_news_9264.html)
2023-04-04,活動／營運,,,累積消費活動上線啦,0,[查看](https://cg.originmood.com/NewsContent/zh_TW/mlbb_news_9254.html)
2023-03-30,活動／營運,,,四月商城特惠道具限時上線,0,[查看](https://cg.originmood.com/NewsContent/zh_TW/mlbb_news_9234.html)
2023-03-30,活動／營運,,,3月30日臨時維護公告,0,[查看](https://cg.originmood.com/NewsContent/zh_TW/mlbb_news_9224.html)
2023-03-29,寵物／秘寶,,,不屈意志 來自地獄的怒吼,9,[查看](https://cg.originmood.com/NewsContent/zh_TW/mlbb_news_9214.html)
2023-03-29,活動／營運,,,3月30日維護公告,0,[查看](https://cg.originmood.com/NewsContent/zh_TW/mlbb_news_9204.html)
2023-03-22,活動／營運,,,3月23日維護公告,0,[查看](https://cg.originmood.com/NewsContent/zh_TW/mlbb_news_9194.html)
2023-03-16,寵物／秘寶,,,鬼焰燎原 冥府之主霸氣降臨,3,[查看](https://cg.originmood.com/NewsContent/zh_TW/mlbb_news_9184.html)
2023-03-15,寵物／秘寶,,,連破競速賽 勇奪珍稀豪禮,1,[查看](https://cg.originmood.com/NewsContent/zh_TW/mlbb_news_9174.html)
2023-03-15,活動／營運,,,3月16日維護公告,0,[查看](https://cg.originmood.com/NewsContent/zh_TW/mlbb_news_9164.html)
2023-03-08,活動／營運,,,3月9日維護公告,0,[查看](https://cg.originmood.com/NewsContent/zh_TW/mlbb_news_9154.html)
2023-03-03,寵物／秘寶,,,霸天巨獸 牛鬼領主,12,[查看](https://cg.originmood.com/NewsContent/zh_TW/mlbb_news_9144.html)
2023-03-02,寵物／秘寶,,,公主的往事 聖晶之約,10,[查看](https://cg.originmood.com/NewsContent/zh_TW/mlbb_news_9134.html)
2023-03-01,活動／營運,,,3月2日維護公告,0,[查看](https://cg.originmood.com/NewsContent/zh_TW/mlbb_news_9124.html)
2023-02-22,活動／營運,,,2月23日維護公告,0,[查看](https://cg.originmood.com/NewsContent/zh_TW/mlbb_news_9114.html)
2023-02-16,活動／營運,,,2月16日臨時維護公告,0,[查看](https://cg.originmood.com/NewsContent/zh_TW/mlbb_news_9094.html)
2023-02-15,地圖／任務,,,探索冰原禁地 直面死亡的氣息,4,[查看](https://cg.originmood.com/NewsContent/zh_TW/mlbb_news_9084.html)
2023-02-15,活動／營運,新任務,開放任務：冰原禁地,2月16日維護公告,0,[查看](https://cg.originmood.com/NewsContent/zh_TW/mlbb_news_9074.html)
2023-02-08,活動／營運,,,2月9日維護公告,0,[查看](https://cg.originmood.com/NewsContent/zh_TW/mlbb_news_9064.html)
2023-02-03,地圖／任務,,,關於調整任務賽積分獎勵的公告,0,[查看](https://cg.originmood.com/NewsContent/zh_TW/mlbb_news_9054.html)
2023-02-02,地圖／任務,,,勇奪任務小達人 赤鳳陪伴共團圓,6,[查看](https://cg.originmood.com/NewsContent/zh_TW/mlbb_news_9044.html)
2023-02-02,寵物／秘寶,,,歡樂享不停 好寵與你度佳節,3,[查看](https://cg.originmood.com/NewsContent/zh_TW/mlbb_news_9034.html)
2023-02-02,寵物／秘寶,,,兄弟羈絆 一念仙魔,8,[查看](https://cg.originmood.com/NewsContent/zh_TW/mlbb_news_9024.html)
2023-02-01,活動／營運,,,2月2日維護公告,0,[查看](https://cg.originmood.com/NewsContent/zh_TW/mlbb_news_9004.html)
2023-01-19,節慶／活動,,,關於新春活動更新問題公告,0,[查看](https://cg.originmood.com/NewsContent/zh_TW/mlbb_news_8994.html)
2023-01-18,節慶／活動,,,新春招財齊拜年,13,[查看](https://cg.originmood.com/NewsContent/zh_TW/mlbb_news_8984.html)
2023-01-18,活動／營運,,,1月19日維護公告,0,[查看](https://cg.originmood.com/NewsContent/zh_TW/mlbb_news_8974.html)
2023-01-11,活動／營運,,,1月12日不停機維護公告,0,[查看](https://cg.originmood.com/NewsContent/zh_TW/mlbb_news_8954.html)
2023-01-05,寵物／秘寶,,,勇者派好物 月靈伴你迎新年,5,[查看](https://cg.originmood.com/NewsContent/zh_TW/mlbb_news_8944.html)
2023-01-04,活動／營運,,,1月5日維護公告,0,[查看](https://cg.originmood.com/NewsContent/zh_TW/mlbb_news_8934.html)
2023-01-01,活動／營運,,,關於大頭露比頭飾異常的公告,0,[查看](https://cg.originmood.com/NewsContent/zh_TW/mlbb_news_8924.html)
2022-12-31,寵物／秘寶,,,新生露比賀新年 火力全開齊冒險,13,[查看](https://cg.originmood.com/NewsContent/zh_TW/mlbb_news_8914.html)
2022-12-31,活動／營運,,,關於冰靴精靈能力異常公告,0,[查看](https://cg.originmood.com/NewsContent/zh_TW/mlbb_news_8904.html)
2022-12-28,活動／營運,,,1月1日維護公告,0,[查看](https://cg.originmood.com/NewsContent/zh_TW/mlbb_news_8894.html)
2022-12-23,活動／營運,,,12月23日臨時維護公告,0,[查看](https://cg.originmood.com/NewsContent/zh_TW/mlbb_news_8874.html)
2022-12-22,活動／營運,,,12月22日臨時維護公告,0,[查看](https://cg.originmood.com/NewsContent/zh_TW/mlbb_news_8864.html)
2022-12-21,節慶／活動,,,聖誕第二彈 聖誕王子,11,[查看](https://cg.originmood.com/NewsContent/zh_TW/mlbb_news_8854.html)
2022-12-21,活動／營運,限時任務,開放限時任務：聖誕活動（二）,12月22日維護公告,0,[查看](https://cg.originmood.com/NewsContent/zh_TW/mlbb_news_8844.html)
2022-12-14,活動／營運,,,12月15日不維護公告,0,[查看](https://cg.originmood.com/NewsContent/zh_TW/mlbb_news_8834.html)
2022-12-12,寵物／秘寶,,,邪魅的暗夜旅團 咒殺型改造人,2,[查看](https://cg.originmood.com/NewsContent/zh_TW/mlbb_news_8824.html)
2022-12-08,節慶／活動,,,聖誕第一彈 精靈花環大聚會,4,[查看](https://cg.originmood.com/NewsContent/zh_TW/mlbb_news_8814.html)
2022-12-07,活動／營運,限時任務,開放限時任務：聖誕活動（一）,12月8日維護公告,0,[查看](https://cg.originmood.com/NewsContent/zh_TW/mlbb_news_8804.html)
2022-12-01,活動／營運,,,關於魔力盲盒（十）的概率公告,0,[查看](https://cg.originmood.com/NewsContent/zh_TW/mlbb_news_8794.html)
2022-11-30,活動／營運,,,12月1日維護公告,0,[查看](https://cg.originmood.com/NewsContent/zh_TW/mlbb_news_8784.html)
2022-11-24,活動／營運,,,11月25日維護公告,0,[查看](https://cg.originmood.com/NewsContent/zh_TW/mlbb_news_8774.html)
2022-11-24,寵物／秘寶,,,感恩巡迴禮 仙靈降賜福,5,[查看](https://cg.originmood.com/NewsContent/zh_TW/mlbb_news_8764.html)
2022-11-23,活動／營運,限時任務,開放限時任務：感恩節活動,11月24日維護公告,0,[查看](https://cg.originmood.com/NewsContent/zh_TW/mlbb_news_8754.html)
2022-11-16,活動／營運,,,11月17日不維護停機公告,0,[查看](https://cg.originmood.com/NewsContent/zh_TW/mlbb_news_8744.html)
2022-11-11,寵物／秘寶,,,至暗君王 撒旦降臨,2,[查看](https://cg.originmood.com/NewsContent/zh_TW/mlbb_news_8714.html)
2022-11-10,地圖／任務,,,相遇天空元素使 決戰落神峰,1,[查看](https://cg.originmood.com/NewsContent/zh_TW/mlbb_news_8704.html)
2022-11-09,活動／營運,新任務,開放傳說之劍任務：洛亞花園,11月10日維護公告,0,[查看](https://cg.originmood.com/NewsContent/zh_TW/mlbb_news_8694.html)
2022-11-03,寵物／秘寶,,,關於11月商城新品的公告,5,[查看](https://cg.originmood.com/NewsContent/zh_TW/mlbb_news_8684.html)
2022-11-02,活動／營運,,,11月3日維護公告,0,[查看](https://cg.originmood.com/NewsContent/zh_TW/mlbb_news_8674.html)
2022-11-01,賽事,,,關於精靈王國資料片與PVP賽事的最新資訊,0,[查看](https://cg.originmood.com/NewsContent/zh_TW/mlbb_news_8664.html)
2022-10-31,活動／營運,,,11月商城新品上線公告,0,[查看](https://cg.originmood.com/NewsContent/zh_TW/mlbb_news_8654.html)
2022-10-28,節慶／活動,,,回歸迎新活動兌換頁面延長公告,0,[查看](https://cg.originmood.com/NewsContent/zh_TW/mlbb_news_8644.html)
2022-10-28,活動／營運,,,關於商城冒險者禮包鑰匙延長下架時間的公告,0,[查看](https://cg.originmood.com/NewsContent/zh_TW/mlbb_news_8634.html)
2022-10-27,活動／營運,,,10月27日臨時維護公告,0,[查看](https://cg.originmood.com/NewsContent/zh_TW/mlbb_news_8624.html)
2022-10-27,節慶／活動,,,萬聖驚魂夜 百鬼會假面,7,[查看](https://cg.originmood.com/NewsContent/zh_TW/mlbb_news_8614.html)
2022-10-26,活動／營運,限時任務、新任務,開放限時任務：萬聖節晚會；開放任務：斷空學院；開放任務：師姐的回憶,10月27日維護公告,0,[查看](https://cg.originmood.com/NewsContent/zh_TW/mlbb_news_8604.html)
2022-10-19,活動／營運,,,10月20日維護公告,0,[查看](https://cg.originmood.com/NewsContent/zh_TW/mlbb_news_8574.html)
2022-10-14,活動／營運,,,關於使用物品後攻擊異常的公告,0,[查看](https://cg.originmood.com/NewsContent/zh_TW/mlbb_news_8514.html)
2022-10-13,活動／營運,,,10月14日維護公告,0,[查看](https://cg.originmood.com/NewsContent/zh_TW/mlbb_news_8494.html)
2022-10-13,地圖／任務,,,《魔力寶貝：永恆初心》精靈大陸活動第二彈,12,[查看](https://cg.originmood.com/NewsContent/zh_TW/mlbb_news_8484.html)
2022-10-12,活動／營運,新任務,開放傳說之劍任務：真視之境；開放傳說之劍任務：狩獵女神；開放任務：競技場修行,10月13日維護公告,0,[查看](https://cg.originmood.com/NewsContent/zh_TW/mlbb_news_8474.html)
2022-10-09,寵物／秘寶,,,詛咒一族 赤紅與金黃的騎士,4,[查看](https://cg.originmood.com/NewsContent/zh_TW/mlbb_news_8464.html)
2022-10-05,活動／營運,地圖預告,預告 10月13日 開放：精靈城,10月6日不停機維護公告,0,[查看](https://cg.originmood.com/NewsContent/zh_TW/mlbb_news_8434.html)
2022-09-30,地圖／任務,,,關於調整本次任務的補償公告,0,[查看](https://cg.originmood.com/NewsContent/zh_TW/mlbb_news_8424.html)
2022-09-30,活動／營運,,,9月30日臨時維護公告,0,[查看](https://cg.originmood.com/NewsContent/zh_TW/mlbb_news_8414.html)
2022-09-29,活動／營運,,,9月29日臨時維護公告,0,[查看](https://cg.originmood.com/NewsContent/zh_TW/mlbb_news_8404.html)
2022-09-29,節慶／活動,,,「10月回歸迎新活動」,1,[查看](https://cg.originmood.com/NewsContent/zh_TW/mlbb_news_8374.html)
2022-09-29,地圖／任務,,,《魔力寶貝：永恆初心》慶祝勇者踏足精靈大陸 好禮活動盛大開放,2,[查看](https://cg.originmood.com/NewsContent/zh_TW/mlbb_news_8364.html)
2022-09-28,活動／營運,新任務,開放傳說之劍任務：沉睡之役,9月29日維護公告,0,[查看](https://cg.originmood.com/NewsContent/zh_TW/mlbb_news_8344.html)
2022-09-21,活動／營運,地圖預告,預告 9月29日 開放：精靈王國,9月22日不停機維護公告,0,[查看](https://cg.originmood.com/NewsContent/zh_TW/mlbb_news_8334.html)
2022-09-14,寵物／秘寶,,,殺戮魔劍現世 探尋精靈之謎,2,[查看](https://cg.originmood.com/NewsContent/zh_TW/mlbb_news_8314.html)
2022-09-14,活動／營運,新任務,開放傳說之劍前置任務：精靈之謎,9月15日維護公告,0,[查看](https://cg.originmood.com/NewsContent/zh_TW/mlbb_news_8304.html)
2022-09-09,寵物／秘寶,,,再遇失翼之龍 神龍杜瓦的呼喚,2,[查看](https://cg.originmood.com/NewsContent/zh_TW/mlbb_news_8294.html)
2022-09-08,活動／營運,,,關於添加寶石製作裝備出現異常修復公告,0,[查看](https://cg.originmood.com/NewsContent/zh_TW/mlbb_news_8284.html)
2022-09-07,活動／營運,,,9月8日維護公告,0,[查看](https://cg.originmood.com/NewsContent/zh_TW/mlbb_news_8274.html)
2022-09-01,活動／營運,,,關於魔力器靈盲盒（九）的概率公告,0,[查看](https://cg.originmood.com/NewsContent/zh_TW/mlbb_news_8273.html)
2022-09-01,活動／營運,,,關於更新後出現閃退的公告,0,[查看](https://cg.originmood.com/NewsContent/zh_TW/mlbb_news_8263.html)
2022-08-31,地圖／任務,,,廣寒宮大危機 降服暴走仙兔,8,[查看](https://cg.originmood.com/NewsContent/zh_TW/mlbb_news_8253.html)
2022-08-31,活動／營運,限時任務,開放限時中秋任務：廣寒宮危機,9月1日維護公告,0,[查看](https://cg.originmood.com/NewsContent/zh_TW/mlbb_news_8243.html)
2022-08-24,活動／營運,,,8月25日不停機維護公告,0,[查看](https://cg.originmood.com/NewsContent/zh_TW/mlbb_news_8213.html)
2022-08-18,寵物／秘寶,,,太陽風暴肆虐 冰與火的抉擇,3,[查看](https://cg.originmood.com/NewsContent/zh_TW/mlbb_news_8203.html)
2022-08-17,活動／營運,限時任務,開放限時任務：冰與火的抉擇,8月18日維護公告,0,[查看](https://cg.originmood.com/NewsContent/zh_TW/mlbb_news_8193.html)
2022-08-12,寵物／秘寶,,,冥界幽靈鬧法蘭 中元祭掃願君安,8,[查看](https://cg.originmood.com/NewsContent/zh_TW/mlbb_news_8073.html)
2022-08-10,活動／營運,,,8月11日維護公告,0,[查看](https://cg.originmood.com/NewsContent/zh_TW/mlbb_news_8053.html)
2022-08-05,寵物／秘寶,,,酒之殿堂的戰神 寒冰牛魔王震撼登場,2,[查看](https://cg.originmood.com/NewsContent/zh_TW/mlbb_news_8033.html)
2022-08-04,活動／營運,,,8月4日臨時維護公告,0,[查看](https://cg.originmood.com/NewsContent/zh_TW/mlbb_news_8023.html)
2022-08-03,節慶／活動,,,七夕的結晶 相遇布卡小精靈,6,[查看](https://cg.originmood.com/NewsContent/zh_TW/mlbb_news_8013.html)
2022-08-03,活動／營運,限時任務,開放七夕限時任務：七夕精靈,8月4日維護公告,0,[查看](https://cg.originmood.com/NewsContent/zh_TW/mlbb_news_8003.html)
2022-08-01,寵物／秘寶,,,關於魔力盲盒（八）可獲得的寵物能力公告,2,[查看](https://cg.originmood.com/NewsContent/zh_TW/mlbb_news_7993.html)
2022-07-27,活動／營運,,,7月28日停機公告,0,[查看](https://cg.originmood.com/NewsContent/zh_TW/mlbb_news_7983.html)
2022-07-21,節慶／活動,,,《魔力寶貝：永恆初心》21週年慶最終彈,3,[查看](https://cg.originmood.com/NewsContent/zh_TW/mlbb_news_7973.html)
2022-07-21,活動／營運,限時任務,開放21週年限時任務：純白的連破戰,7月21日維護公告,0,[查看](https://cg.originmood.com/NewsContent/zh_TW/mlbb_news_7963.html)
2022-07-20,活動／營運,,,7月21日臨時維護公告,0,[查看](https://cg.originmood.com/NewsContent/zh_TW/mlbb_news_7953.html)
2022-07-13,活動／營運,,,7月14日不停機公告,0,[查看](https://cg.originmood.com/NewsContent/zh_TW/mlbb_news_7943.html)
2022-07-08,地圖／任務,,,21週年慶典寵物島任務賽排名獎勵說明,0,[查看](https://cg.originmood.com/NewsContent/zh_TW/mlbb_news_7923.html)
2022-07-07,節慶／活動,,,《魔力寶貝：永恆初心》21週年慶第一彈,5,[查看](https://cg.originmood.com/NewsContent/zh_TW/mlbb_news_7913.html)
2022-07-06,活動／營運,限時任務,開放21週年限時任務：寵物島狂歡,7月7日維護公告,0,[查看](https://cg.originmood.com/NewsContent/zh_TW/mlbb_news_7903.html)
2022-07-01,地圖／任務,,,關於限時任務暴走的魔鴨一族部分調整的公告,0,[查看](https://cg.originmood.com/NewsContent/zh_TW/mlbb_news_7883.html)
2022-06-30,寵物／秘寶,,,糧倉大危機 智鬥魔鴨一族,6,[查看](https://cg.originmood.com/NewsContent/zh_TW/mlbb_news_7863.html)
2022-06-29,活動／營運,,,6月30日維護公告,0,[查看](https://cg.originmood.com/NewsContent/zh_TW/mlbb_news_7853.html)
2022-06-22,活動／營運,,,6月23日維護公告,0,[查看](https://cg.originmood.com/NewsContent/zh_TW/mlbb_news_7843.html)
2022-06-17,地圖／任務,,,關於野獸道場獲取水晶幣異常的公告,0,[查看](https://cg.originmood.com/NewsContent/zh_TW/mlbb_news_7833.html)
2022-06-16,地圖／任務,,,野獸道場 速度與激情的歷練,2,[查看](https://cg.originmood.com/NewsContent/zh_TW/mlbb_news_7823.html)
2022-06-15,活動／營運,,,6月16日維護公告,0,[查看](https://cg.originmood.com/NewsContent/zh_TW/mlbb_news_7813.html)
2022-06-08,活動／營運,,,6月9日維護公告,0,[查看](https://cg.originmood.com/NewsContent/zh_TW/mlbb_news_7803.html)
2022-06-03,活動／營運,,,6月3日臨時維護公告,0,[查看](https://cg.originmood.com/NewsContent/zh_TW/mlbb_news_7773.html)
2022-06-02,活動／營運,,,關於本次副本怪物異常的公告,0,[查看](https://cg.originmood.com/NewsContent/zh_TW/mlbb_news_7763.html)
2022-06-02,寵物／秘寶,,,鬼魅無頭 沙海將軍來襲,2,[查看](https://cg.originmood.com/NewsContent/zh_TW/mlbb_news_7753.html)
2022-06-02,節慶／活動,,,超越變異! 端午再戰進化龍祖!,2,[查看](https://cg.originmood.com/NewsContent/zh_TW/mlbb_news_7743.html)
2022-06-01,活動／營運,,,6月2日維護公告,0,[查看](https://cg.originmood.com/NewsContent/zh_TW/mlbb_news_7733.html)
2022-05-26,節慶／活動,,,最終決戰！李貝留斯的逆襲！ 《魔力寶貝：永恆初心》一週年慶典活動最終彈！,2,[查看](https://cg.originmood.com/NewsContent/zh_TW/mlbb_news_7703.html)
2022-05-25,活動／營運,,,5月26日維護公告,0,[查看](https://cg.originmood.com/NewsContent/zh_TW/mlbb_news_7693.html)
2022-05-19,節慶／活動,,,週年慶祝福禮包領取方式,0,[查看](https://cg.originmood.com/NewsContent/zh_TW/mlbb_news_7653.html)
2022-05-19,節慶／活動,,,破除各地結界 迎戰邪神降臨！ 《魔力寶貝：永恆初心》一週年慶典活動第三彈！,2,[查看](https://cg.originmood.com/NewsContent/zh_TW/mlbb_news_7643.html)
2022-05-18,活動／營運,,,5月19日維護公告,0,[查看](https://cg.originmood.com/NewsContent/zh_TW/mlbb_news_7633.html)
2022-05-13,活動／營運,,,5月13日維護公告,0,[查看](https://cg.originmood.com/NewsContent/zh_TW/mlbb_news_7613.html)
2022-05-12,活動／營運,,,5月12日臨時維護公告,0,[查看](https://cg.originmood.com/NewsContent/zh_TW/mlbb_news_7603.html)
2022-05-11,節慶／活動,,,穿越遠古戰場 重鑄不朽神器！ 《魔力寶貝：永恆初心》一週年慶典活動第二彈！,2,[查看](https://cg.originmood.com/NewsContent/zh_TW/mlbb_news_7583.html)
2022-05-11,活動／營運,,,5月12日維護公告,0,[查看](https://cg.originmood.com/NewsContent/zh_TW/mlbb_news_7573.html)
2022-05-06,活動／營運,,,5月6日維護公告,0,[查看](https://cg.originmood.com/NewsContent/zh_TW/mlbb_news_7523.html)
2022-05-05,節慶／活動,,,回歸迎新活動問題修復公告,0,[查看](https://cg.originmood.com/NewsContent/zh_TW/mlbb_news_7513.html)
2022-05-05,活動／營運,,,儲值福利回饋活動,0,[查看](https://cg.originmood.com/NewsContent/zh_TW/mlbb_news_7503.html)
2022-05-05,節慶／活動,,,共赴週年慶典 並肩決戰逆神！ 《魔力寶貝：永恆初心》一週年慶典活動盛大開啟,0,[查看](https://cg.originmood.com/NewsContent/zh_TW/mlbb_news_7493.html)
2022-05-05,寵物／秘寶,,,「5月5日聖龍寶盒」,2,[查看](https://cg.originmood.com/NewsContent/zh_TW/mlbb_news_7483.html)
2022-05-05,寵物／秘寶,,,「逆神再臨」,2,[查看](https://cg.originmood.com/NewsContent/zh_TW/mlbb_news_7473.html)
2022-05-05,節慶／活動,,,「回歸迎新活動」,16,[查看](https://cg.originmood.com/NewsContent/zh_TW/mlbb_news_7463.html)
2022-05-04,活動／營運,,,5月5日維護公告,0,[查看](https://cg.originmood.com/NewsContent/zh_TW/mlbb_news_7453.html)
2022-05-01,活動／營運,,,5月1日商城新品上架公告,0,[查看](https://cg.originmood.com/NewsContent/zh_TW/mlbb_news_7443.html)
2022-04-28,節慶／活動,,,《魔力寶貝：永恆初心》初心網絡X大宇資訊1週年慶典預告！,0,[查看](https://cg.originmood.com/NewsContent/zh_TW/mlbb_news_7433.html)
2022-04-27,活動／營運,,,4月28日維護公告,0,[查看](https://cg.originmood.com/NewsContent/zh_TW/mlbb_news_7423.html)
2022-04-21,寵物／秘寶,,,詛咒的不祥之地 鎮壓深淵魔王,4,[查看](https://cg.originmood.com/NewsContent/zh_TW/mlbb_news_7413.html)
2022-04-20,活動／營運,,,4月21日維護公告,0,[查看](https://cg.originmood.com/NewsContent/zh_TW/mlbb_news_7403.html)
2022-04-16,寵物／秘寶,,,寵物研究所開放公告,0,[查看](https://cg.originmood.com/NewsContent/zh_TW/mlbb_news_7343.html)
2022-04-14,活動／營運,,,延長維護時間公告,0,[查看](https://cg.originmood.com/NewsContent/zh_TW/mlbb_news_7333.html)
2022-04-14,活動／營運,,,延長維護時間公告,0,[查看](https://cg.originmood.com/NewsContent/zh_TW/mlbb_news_7323.html)
2022-04-13,活動／營運,,,4月14日維護公告,0,[查看](https://cg.originmood.com/NewsContent/zh_TW/mlbb_news_7313.html)
2022-04-07,寵物／秘寶,,,拯救盜賊團 封印滅世魔刃,5,[查看](https://cg.originmood.com/NewsContent/zh_TW/mlbb_news_7303.html)
2022-04-06,活動／營運,,,4月7日維護公告,0,[查看](https://cg.originmood.com/NewsContent/zh_TW/mlbb_news_7293.html)
2022-04-02,寵物／秘寶,,,祭奠心美 忍王梅茲參見,2,[查看](https://cg.originmood.com/NewsContent/zh_TW/mlbb_news_7283.html)
2022-03-30,活動／營運,,,3月31日維護公告,0,[查看](https://cg.originmood.com/NewsContent/zh_TW/mlbb_news_7273.html)
2022-03-25,活動／營運,,,合服公告,0,[查看](https://cg.originmood.com/NewsContent/zh_TW/mlbb_news_7263.html)
2022-03-24,活動／營運,,,3月25日維護公告,0,[查看](https://cg.originmood.com/NewsContent/zh_TW/mlbb_news_7253.html)
2022-03-24,地圖／任務,,,寵物裝備競技場PK時消耗耐久及任務賽排名優化公告,0,[查看](https://cg.originmood.com/NewsContent/zh_TW/mlbb_news_7243.html)
2022-03-24,活動／營運,,,3月24日臨時維護公告,0,[查看](https://cg.originmood.com/NewsContent/zh_TW/mlbb_news_7233.html)
2022-03-24,地圖／任務,,,幽靈道場 速度與技巧的挑戰,6,[查看](https://cg.originmood.com/NewsContent/zh_TW/mlbb_news_7223.html)
2022-03-23,活動／營運,限時任務,開放限時任務：幽靈道場試煉,3月24日停機公告,0,[查看](https://cg.originmood.com/NewsContent/zh_TW/mlbb_news_7213.html)
2022-03-16,活動／營運,,,3月17日不停機公告,0,[查看](https://cg.originmood.com/NewsContent/zh_TW/mlbb_news_7203.html)
2022-03-15,活動／營運,,,3月16日維護公告,0,[查看](https://cg.originmood.com/NewsContent/zh_TW/mlbb_news_7193.html)
2022-03-10,活動／營運,,,3月11日維護公告,0,[查看](https://cg.originmood.com/NewsContent/zh_TW/mlbb_news_7183.html)
2022-03-10,寵物／秘寶,,,物資大派送 寵物裝備爭奪賽,0,[查看](https://cg.originmood.com/NewsContent/zh_TW/mlbb_news_7173.html)
2022-03-10,寵物／秘寶,,,一把斧頭現，千軍萬馬來相見,2,[查看](https://cg.originmood.com/NewsContent/zh_TW/mlbb_news_7163.html)
2022-03-09,活動／營運,,,3月10日維護公告,0,[查看](https://cg.originmood.com/NewsContent/zh_TW/mlbb_news_7153.html)
2022-03-04,職業／系統,,,非戰鬥系S階裝備與技能上限公告,0,[查看](https://cg.originmood.com/NewsContent/zh_TW/mlbb_news_7143.html)
2022-03-04,職業／系統,,,戰鬥系S階裝備與技能上限公告,0,[查看](https://cg.originmood.com/NewsContent/zh_TW/mlbb_news_7133.html)
2022-03-03,寵物／秘寶,,,點燃它的怒火 召喚煉獄牛頭怪！,3,[查看](https://cg.originmood.com/NewsContent/zh_TW/mlbb_news_7123.html)
2022-03-02,活動／營運,,,3月3日維護公告,0,[查看](https://cg.originmood.com/NewsContent/zh_TW/mlbb_news_7113.html)
2022-02-27,活動／營運,,,3月1日維護公告,0,[查看](https://cg.originmood.com/NewsContent/zh_TW/mlbb_news_7103.html)
2022-02-23,寵物／秘寶,,,晉升S階，邂逅天馬群,7,[查看](https://cg.originmood.com/NewsContent/zh_TW/mlbb_news_7083.html)
2022-02-23,活動／營運,,,2月24日維護公告,0,[查看](https://cg.originmood.com/NewsContent/zh_TW/mlbb_news_7073.html)
2022-02-16,活動／營運,,,2月17日維護公告,0,[查看](https://cg.originmood.com/NewsContent/zh_TW/mlbb_news_7043.html)
2022-02-10,節慶／活動,,,情人節不孤單 與她共度元宵節,9,[查看](https://cg.originmood.com/NewsContent/zh_TW/mlbb_news_7023.html)
2022-02-09,活動／營運,,,2月10日維護公告,0,[查看](https://cg.originmood.com/NewsContent/zh_TW/mlbb_news_7013.html)
2022-02-03,活動／營運,,,本週將不停機維護的公告,0,[查看](https://cg.originmood.com/NewsContent/zh_TW/mlbb_news_7003.html)
2022-01-29,活動／營運,,,伺服器分流無法登入問題,0,[查看](https://cg.originmood.com/NewsContent/zh_TW/mlbb_news_6983.html)
2022-01-29,節慶／活動,,,關於勇者回歸活動的問題,0,[查看](https://cg.originmood.com/NewsContent/zh_TW/mlbb_news_6973.html)
2022-01-28,寵物／秘寶,,,一生的羈絆 打虎兄弟來拜年,4,[查看](https://cg.originmood.com/NewsContent/zh_TW/mlbb_news_6963.html)
2022-01-27,活動／營運,,,1月27日臨時維護公告,0,[查看](https://cg.originmood.com/NewsContent/zh_TW/mlbb_news_6953.html)
2022-01-27,節慶／活動,,,勇者回歸活動,12,[查看](https://cg.originmood.com/NewsContent/zh_TW/mlbb_news_6943.html)
2022-01-26,寵物／秘寶,,,萌虎賀新年 年貨送萬家,6,[查看](https://cg.originmood.com/NewsContent/zh_TW/mlbb_news_6933.html)
2022-01-26,活動／營運,限時任務,開放限時任務：虎靈山救援,1月27日維護公告,0,[查看](https://cg.originmood.com/NewsContent/zh_TW/mlbb_news_6923.html)
2022-01-19,活動／營運,,,1月20日維護公告,0,[查看](https://cg.originmood.com/NewsContent/zh_TW/mlbb_news_6913.html)
2022-01-13,寵物／秘寶,,,光與闇的花火 大戰深淵小丑魚,6,[查看](https://cg.originmood.com/NewsContent/zh_TW/mlbb_news_6833.html)
2022-01-12,活動／營運,新任務,開放海底世界任務：影子刺客,1月13日維護公告,0,[查看](https://cg.originmood.com/NewsContent/zh_TW/mlbb_news_6823.html)
2022-01-05,活動／營運,,,1月6日維護公告,0,[查看](https://cg.originmood.com/NewsContent/zh_TW/mlbb_news_6713.html)
2021-12-30,活動／營運,,,12月31日維護公告,0,[查看](https://cg.originmood.com/NewsContent/zh_TW/mlbb_news_6683.html)
2021-12-30,活動／營運,,,12月30日臨時維護公告,0,[查看](https://cg.originmood.com/NewsContent/zh_TW/mlbb_news_6663.html)
2021-12-30,節慶／活動,,,關於聖誕火焰鼠能力問題的公告,1,[查看](https://cg.originmood.com/NewsContent/zh_TW/mlbb_news_6653.html)
2021-12-30,節慶／活動,,,聖誕活動第二彈 聖誕鼠王的求助,5,[查看](https://cg.originmood.com/NewsContent/zh_TW/mlbb_news_6643.html)
2021-12-29,活動／營運,限時任務,開放限時任務：聖誕鼠王的求助,12月30日維護公告,0,[查看](https://cg.originmood.com/NewsContent/zh_TW/mlbb_news_6633.html)
2021-12-23,活動／營運,,,12月23日臨時維護公告,0,[查看](https://cg.originmood.com/NewsContent/zh_TW/mlbb_news_6623.html)
2021-12-23,節慶／活動,,,聖誕活動第一彈 尋找聖誕老人,8,[查看](https://cg.originmood.com/NewsContent/zh_TW/mlbb_news_6613.html)
2021-12-22,活動／營運,限時任務,開放限時任務：尋找聖誕老人,12月23日維護公告,0,[查看](https://cg.originmood.com/NewsContent/zh_TW/mlbb_news_6603.html)
2021-12-17,活動／營運,,,12月17日維護延長公告,0,[查看](https://cg.originmood.com/NewsContent/zh_TW/mlbb_news_6593.html)
2021-12-17,活動／營運,,,齊集扭蛋 勁爆專屬,0,[查看](https://cg.originmood.com/NewsContent/zh_TW/mlbb_news_6583.html)
2021-12-15,活動／營運,新任務,開放各職業專屬腕輪任務：公爵的贈禮,12月17日維護公告,0,[查看](https://cg.originmood.com/NewsContent/zh_TW/mlbb_news_6573.html)
2021-12-14,活動／營運,,,12月14日臨時維護公告,0,[查看](https://cg.originmood.com/NewsContent/zh_TW/mlbb_news_6563.html)
2021-12-10,寵物／秘寶,,,進擊雙十二 歐特奇美拉降臨,2,[查看](https://cg.originmood.com/NewsContent/zh_TW/mlbb_news_6553.html)
2021-12-09,活動／營運,,,12月9日臨時維護公告,0,[查看](https://cg.originmood.com/NewsContent/zh_TW/mlbb_news_6543.html)
2021-12-09,寵物／秘寶,,,魔法大學來使 置換雪之精靈,12,[查看](https://cg.originmood.com/NewsContent/zh_TW/mlbb_news_6533.html)
2021-12-08,活動／營運,,,12月9日維護公告,0,[查看](https://cg.originmood.com/NewsContent/zh_TW/mlbb_news_6523.html)
2021-12-02,活動／營運,,,12月2日臨時維護公告,0,[查看](https://cg.originmood.com/NewsContent/zh_TW/mlbb_news_6513.html)
2021-12-01,活動／營運,,,12月2日維護公告,0,[查看](https://cg.originmood.com/NewsContent/zh_TW/mlbb_news_6503.html)
2021-11-30,活動／營運,,,12月1日維護公告,0,[查看](https://cg.originmood.com/NewsContent/zh_TW/mlbb_news_6493.html)
2021-11-26,活動／營運,,,關於永恆摩羯、雙魚、牧羊、金牛合服的公告,0,[查看](https://cg.originmood.com/NewsContent/zh_TW/mlbb_news_6433.html)
2021-11-26,活動／營運,,,11月26日臨時維護公告,0,[查看](https://cg.originmood.com/NewsContent/zh_TW/mlbb_news_6423.html)
2021-11-25,寵物／秘寶,,,海族異動 風雨欲來,11,[查看](https://cg.originmood.com/NewsContent/zh_TW/mlbb_news_6413.html)
2021-11-24,活動／營運,,,11月26日維護公告,0,[查看](https://cg.originmood.com/NewsContent/zh_TW/mlbb_news_6403.html)
2021-11-17,活動／營運,,,11月18日維護公告,0,[查看](https://cg.originmood.com/NewsContent/zh_TW/mlbb_news_6393.html)
2021-11-12,活動／營運,,,11月12日臨時維護公告,0,[查看](https://cg.originmood.com/NewsContent/zh_TW/mlbb_news_6383.html)
2021-11-11,寵物／秘寶,,,四重驚喜，震撼雙十一,8,[查看](https://cg.originmood.com/NewsContent/zh_TW/mlbb_news_6373.html)
2021-11-10,活動／營運,限時任務,開放限時任務：魷魚的遊戲,11月11日維護公告,0,[查看](https://cg.originmood.com/NewsContent/zh_TW/mlbb_news_6363.html)
2021-11-03,活動／營運,,,11月4日維護公告,0,[查看](https://cg.originmood.com/NewsContent/zh_TW/mlbb_news_6353.html)
2021-11-01,活動／營運,,,11月1日臨時維護公告,0,[查看](https://cg.originmood.com/NewsContent/zh_TW/mlbb_news_6343.html)
2021-11-01,活動／營運,,,累計消費活動第三期公告,0,[查看](https://cg.originmood.com/NewsContent/zh_TW/mlbb_news_6333.html)
2021-10-29,活動／營運,,,11月1日維護公告,0,[查看](https://cg.originmood.com/NewsContent/zh_TW/mlbb_news_6323.html)
2021-10-28,活動／營運,,,10月28日臨時維護公告,0,[查看](https://cg.originmood.com/NewsContent/zh_TW/mlbb_news_6313.html)
2021-10-28,節慶／活動,,,狂歡萬聖節 扮鬼來要糖,5,[查看](https://cg.originmood.com/NewsContent/zh_TW/mlbb_news_6303.html)
2021-10-27,活動／營運,限時任務,開放限時任務：萬聖節活動,10月28日維護公告,0,[查看](https://cg.originmood.com/NewsContent/zh_TW/mlbb_news_6293.html)
2021-10-24,活動／營運,,,10月25日維護公告,0,[查看](https://cg.originmood.com/NewsContent/zh_TW/mlbb_news_6273.html)
2021-10-20,活動／營運,,,10月21日維護公告,0,[查看](https://cg.originmood.com/NewsContent/zh_TW/mlbb_news_6263.html)
2021-10-18,活動／營運,,,10月18日臨時維護公告,0,[查看](https://cg.originmood.com/NewsContent/zh_TW/mlbb_news_6253.html)
2021-10-15,活動／營運,,,10月15日臨時維護公告,0,[查看](https://cg.originmood.com/NewsContent/zh_TW/mlbb_news_6243.html)
2021-10-14,活動／營運,,,10月14日維護結束公告,0,[查看](https://cg.originmood.com/NewsContent/zh_TW/mlbb_news_6233.html)
2021-10-14,地圖／任務,新任務,開放前置任務：魚人的歌聲,海底世界前置任務：魚人的歌聲,8,[查看](https://cg.originmood.com/NewsContent/zh_TW/mlbb_news_6223.html)
2021-10-13,活動／營運,新任務,開放海底世界前置任務：魚人的歌聲,10月14日維護公告,0,[查看](https://cg.originmood.com/NewsContent/zh_TW/mlbb_news_6213.html)
2021-10-09,寵物／秘寶,,,霸氣外露，強襲牛鬼10月10日震撼登場！！！,2,[查看](https://cg.originmood.com/NewsContent/zh_TW/mlbb_news_6203.html)
2021-10-06,活動／營運,,,10月7日維護公告,0,[查看](https://cg.originmood.com/NewsContent/zh_TW/mlbb_news_6193.html)
2021-10-01,活動／營運,,,10月1日臨時維護公告,0,[查看](https://cg.originmood.com/NewsContent/zh_TW/mlbb_news_6183.html)
2021-09-30,活動／營運,,,魔力扭蛋活動介紹,0,[查看](https://cg.originmood.com/NewsContent/zh_TW/mlbb_news_6173.html)
2021-09-30,活動／營運,,,9月30日臨時維護公告,0,[查看](https://cg.originmood.com/NewsContent/zh_TW/mlbb_news_6163.html)
2021-09-30,活動／營運,,,累計消費活動第二期公告,0,[查看](https://cg.originmood.com/NewsContent/zh_TW/mlbb_news_6153.html)
2021-09-30,地圖／任務,限時任務,開放限時任務：青鸞迷蹤-抉擇,限時任務：青鸞迷蹤-抉擇,3,[查看](https://cg.originmood.com/NewsContent/zh_TW/mlbb_news_6143.html)
2021-09-29,活動／營運,,,9月30日維護公告,0,[查看](https://cg.originmood.com/NewsContent/zh_TW/mlbb_news_6133.html)
2021-09-29,活動／營運,,,關於艾爾巴尼亞王國提前體驗開啟公告,0,[查看](https://cg.originmood.com/NewsContent/zh_TW/mlbb_news_6123.html)
2021-09-28,節慶／活動,,,中秋大富翁活動故障修復公告,0,[查看](https://cg.originmood.com/NewsContent/zh_TW/mlbb_notice_6113.html)
2021-09-22,活動／營運,,,9月23日維護公告,0,[查看](https://cg.originmood.com/NewsContent/zh_TW/mlbb_news_6103.html)
2021-09-17,節慶／活動,,,關於本次中秋節活動將新增兌換NPC的公告,0,[查看](https://cg.originmood.com/NewsContent/zh_TW/mlbb_news_6083.html)
2021-09-16,節慶／活動,,,中秋大富翁活動 與您共度佳節,0,[查看](https://cg.originmood.com/NewsContent/zh_TW/mlbb_news_5903.html)
2021-09-16,地圖／任務,,,中秋節限時任務,0,[查看](https://cg.originmood.com/NewsContent/zh_TW/mlbb_news_5893.html)
2021-09-15,活動／營運,限時任務,開放活動：中秋節限時任務,9月16日維護公告,0,[查看](https://cg.originmood.com/NewsContent/zh_TW/mlbb_news_5863.html)
2021-09-14,活動／營運,,,關於賬號安全公告,0,[查看](https://cg.originmood.com/NewsContent/zh_TW/mlbb_news_5843.html)
2021-09-10,地圖／任務,,,【海底世界資料片】 - 進度預告,0,[查看](https://cg.originmood.com/NewsContent/zh_TW/mlbb_news_5833.html)
2021-09-08,活動／營運,,,9月9日維護公告,0,[查看](https://cg.originmood.com/NewsContent/zh_TW/mlbb_news_5773.html)
2021-09-08,活動／營運,,,傳說降臨，深邃幻影９月９日限時登場！！！,0,[查看](https://cg.originmood.com/NewsContent/zh_TW/mlbb_news_5763.html)
2021-09-04,活動／營運,,,關於前往艾爾巴尼亞王國的公告,0,[查看](https://cg.originmood.com/NewsContent/zh_TW/mlbb_news_5673.html)
2021-09-03,職業／系統,,,關於寵物技能欄顯示異常的公告,0,[查看](https://cg.originmood.com/NewsContent/zh_TW/mlbb_news_5663.html)
2021-09-03,活動／營運,,,遠航蘇國 封印石魔,0,[查看](https://cg.originmood.com/NewsContent/zh_TW/mlbb_news_5653.html)
2021-09-01,活動／營運,新地圖,開放地圖與任務：蘇之國,9月3日維護公告,0,[查看](https://cg.originmood.com/NewsContent/zh_TW/mlbb_news_5593.html)
2021-09-01,活動／營運,,,累計消費活動公告,0,[查看](https://cg.originmood.com/NewsContent/zh_TW/mlbb_news_5533.html)
2021-08-31,活動／營運,,,9月1日維護公告,0,[查看](https://cg.originmood.com/NewsContent/zh_TW/mlbb_news_5523.html)
2021-08-25,活動／營運,,,8月26日維護公告,0,[查看](https://cg.originmood.com/NewsContent/zh_TW/mlbb_news_5493.html)
2021-08-24,活動／營運,,,遊戲網路波動的公告,0,[查看](https://cg.originmood.com/NewsContent/zh_TW/mlbb_news_5483.html)
2021-08-24,活動／營運,,,8月24日臨時維護公告,0,[查看](https://cg.originmood.com/NewsContent/zh_TW/mlbb_news_5473.html)
2021-08-18,活動／營運,新地圖,開放地圖與任務：亞諾曼王國,8月19日維護公告,0,[查看](https://cg.originmood.com/NewsContent/zh_TW/mlbb_news_5463.html)
2021-08-18,活動／營運,地圖預告,預告開放亞諾曼王國；公告另列暫不開放的地圖與任務,亞諾曼王國即將開放,0,[查看](https://cg.originmood.com/NewsContent/zh_TW/mlbb_news_5453.html)
2021-08-17,活動／營運,,,「輝煌之路！勇者留名」獎勵發放公告,0,[查看](https://cg.originmood.com/NewsContent/zh_TW/mlbb_news_5443.html)
2021-08-13,活動／營運,,,臨時維護完成公告,0,[查看](https://cg.originmood.com/NewsContent/zh_TW/mlbb_news_5433.html)
2021-08-12,活動／營運,,,臨時維護公告,0,[查看](https://cg.originmood.com/NewsContent/zh_TW/mlbb_news_5423.html)
2021-08-12,活動／營運,,,維護問題處理公告,0,[查看](https://cg.originmood.com/NewsContent/zh_TW/mlbb_news_5413.html)
2021-08-12,地圖／任務,,,七夕活動限時任務,0,[查看](https://cg.originmood.com/NewsContent/zh_TW/mlbb_news_5403.html)
2021-08-11,活動／營運,,,8月12日維護公告,0,[查看](https://cg.originmood.com/NewsContent/zh_TW/mlbb_news_5393.html)
2021-08-06,活動／營運,,,期待！亞諾曼相關系列將於本月內登場,0,[查看](https://cg.originmood.com/NewsContent/zh_TW/mlbb_news_5383.html)
2021-08-05,活動／營運,,,【永恆金牛】開服,0,[查看](https://cg.originmood.com/NewsContent/zh_TW/mlbb_notice_5363.html)
2021-08-05,活動／營運,,,精彩緊湊的頭目連戰已經登場,0,[查看](https://cg.originmood.com/NewsContent/zh_TW/mlbb_news_5373.html)
2021-08-05,節慶／活動,,,《魔力寶貝》20週年慶典最終彈！,0,[查看](https://cg.originmood.com/NewsContent/zh_TW/mlbb_news_5353.html)
2021-07-29,活動／營運,,,圖檔問題 - 修復指引,0,[查看](https://cg.originmood.com/NewsContent/zh_TW/mlbb_news_5333.html)
2021-07-29,節慶／活動,,,《魔力寶貝》20週年慶典第二彈！,0,[查看](https://cg.originmood.com/NewsContent/zh_TW/mlbb_news_5313.html)
2021-07-28,活動／營運,,,7月29日維護公告,0,[查看](https://cg.originmood.com/NewsContent/zh_TW/mlbb_news_5303.html)
2021-07-23,節慶／活動,,,《魔力寶貝》20週年慶典勁爆來襲！,0,[查看](https://cg.originmood.com/NewsContent/zh_TW/mlbb_news_5293.html)
2021-07-22,活動／營運,,,7月22日維護公告,0,[查看](https://cg.originmood.com/NewsContent/zh_TW/mlbb_news_5283.html)
2021-07-17,節慶／活動,,,《魔力寶貝》20週年慶典活動預告,0,[查看](https://cg.originmood.com/NewsContent/zh_TW/mlbb_news_5273.html)
2021-07-14,活動／營運,,,7月15日維護公告,0,[查看](https://cg.originmood.com/NewsContent/zh_TW/mlbb_news_5263.html)
2021-07-10,活動／營運,,,星系移民接受報名,0,[查看](https://cg.originmood.com/NewsContent/zh_TW/mlbb_notice_5253.html)
2021-07-09,活動／營運,,,賬號註冊語音驗證及賬號安全問答功能上線,0,[查看](https://cg.originmood.com/NewsContent/zh_TW/mlbb_notice_5243.html)
2021-07-08,活動／營運,,,全新變異魔物 雷霆與劇毒的主宰登場,0,[查看](https://cg.originmood.com/NewsContent/zh_TW/mlbb_notice_5233.html)
2021-07-07,活動／營運,,,7月8日維護公告,0,[查看](https://cg.originmood.com/NewsContent/zh_TW/mlbb_news_5223.html)
2021-06-30,活動／營運,,,7月1日維護公告,0,[查看](https://cg.originmood.com/NewsContent/zh_TW/mlbb_notice_5203.html)
2021-06-25,活動／營運,,,6月27日違規帳號處理公告,0,[查看](https://cg.originmood.com/NewsContent/zh_TW/mlbb_notice_5193.html)
2021-06-24,活動／營運,,,勇者秘寶 正式開啟,0,[查看](https://cg.originmood.com/NewsContent/zh_TW/mlbb_notice_5183.html)
2021-06-23,活動／營運,,,6月24日維護公告,0,[查看](https://cg.originmood.com/NewsContent/zh_TW/mlbb_notice_5173.html)
2021-06-17,活動／營運,,,6月17日違規帳號處理公告,0,[查看](https://cg.originmood.com/NewsContent/zh_TW/mlbb_notice_5163.html)
2021-06-16,活動／營運,,,6月17日維護公告,0,[查看](https://cg.originmood.com/NewsContent/zh_TW/mlbb_notice_5153.html)
2021-06-15,活動／營運,,,圖檔問題 - 修復指引,0,[查看](https://cg.originmood.com/NewsContent/zh_TW/mlbb_notice_5143.html)
2021-06-13,節慶／活動,,,賀端午祭龍祖活動公告,0,[查看](https://cg.originmood.com/NewsContent/zh_TW/mlbb_notice_5133.html)
2021-06-10,活動／營運,,,6月10日違規帳號處理公告,0,[查看](https://cg.originmood.com/NewsContent/zh_TW/mlbb_other_5113.html)
2021-06-10,活動／營運,,,【永恆牧羊】開服預告,0,[查看](https://cg.originmood.com/NewsContent/zh_TW/mlbb_notice_5123.html)
2021-06-09,活動／營運,,,6月10日維護公告,0,[查看](https://cg.originmood.com/NewsContent/zh_TW/mlbb_news_5103.html)
2021-06-09,節慶／活動,,,【魔力寶貝 20週年】預熱活動 第二彈,0,[查看](https://cg.originmood.com/NewsContent/zh_TW/mlbb_news_5093.html)
2021-06-04,節慶／活動,,,【《魔力寶貝》 20週年預熱活動第一彈】獎勵領取公告,0,[查看](https://cg.originmood.com/NewsContent/zh_TW/mlbb_notice_5083.html)
2021-06-03,活動／營運,,,6月3日維護公告,0,[查看](https://cg.originmood.com/NewsContent/zh_TW/mlbb_notice_5073.html)
2021-06-02,活動／營運,,,6月2日違規帳號處理公告,0,[查看](https://cg.originmood.com/NewsContent/zh_TW/mlbb_notice_5063.html)
2021-05-28,活動／營運,,,5月28日違規帳號處理公告,0,[查看](https://cg.originmood.com/NewsContent/zh_TW/mlbb_news_5053.html)
2021-05-26,活動／營運,,,5月27日維護公告,0,[查看](https://cg.originmood.com/NewsContent/zh_TW/mlbb_notice_5033.html)
2021-05-25,活動／營運,,,5月25日違規帳號處理公告,0,[查看](https://cg.originmood.com/NewsContent/zh_TW/mlbb_notice_4983.html)
2021-05-24,活動／營運,,,5月24日違規帳號處理公告,0,[查看](https://cg.originmood.com/NewsContent/zh_TW/mlbb_notice_4973.html)
2021-05-23,活動／營運,,,5月23日違規帳號處理公告,0,[查看](https://cg.originmood.com/NewsContent/zh_TW/mlbb_notice_4963.html)
2021-05-22,活動／營運,,,5月22日違規帳號處理公告,0,[查看](https://cg.originmood.com/NewsContent/zh_TW/mlbb_notice_4953.html)
2021-05-21,活動／營運,,,5月21日違規帳號處理公告,0,[查看](https://cg.originmood.com/NewsContent/zh_TW/mlbb_notice_4943.html)
2021-05-21,活動／營運,,,伺服器加開公告,0,[查看](https://cg.originmood.com/NewsContent/zh_TW/mlbb_notice_4923.html)
2021-05-20,活動／營運,,,5月20日違規帳號處理公告,0,[查看](https://cg.originmood.com/NewsContent/zh_TW/mlbb_notice_4913.html)
2021-05-19,活動／營運,,,5月20日維護公告,0,[查看](https://cg.originmood.com/NewsContent/zh_TW/mlbb_notice_4903.html)
2021-05-19,活動／營運,,,5月19日違規帳號處理公告,0,[查看](https://cg.originmood.com/NewsContent/zh_TW/mlbb_notice_4893.html)
2021-05-17,地圖／任務,,,1.5版本海底世界版本將於第三季度登場,0,[查看](https://cg.originmood.com/NewsContent/zh_TW/mlbb_notice_4883.html)
2021-05-17,活動／營運,,,非法程式使用者封禁名單,0,[查看](https://cg.originmood.com/NewsContent/zh_TW/mlbb_notice_4873.html)
2021-05-14,活動／營運,,,本日下午5點加開【永恆魔蝎】伺服器,0,[查看](https://cg.originmood.com/NewsContent/zh_TW/mlbb_notice_4863.html)
2021-05-14,活動／營運,,,停權公告（2021.5.14）,0,[查看](https://cg.originmood.com/NewsContent/zh_TW/mlbb_notice_4853.html)
2021-05-13,活動／營運,,,【商城開啟】,0,[查看](https://cg.originmood.com/NewsContent/zh_TW/mlbb_notice_4833.html)
2021-05-12,活動／營運,,,預約獎勵領取開放公告,0,[查看](https://cg.originmood.com/NewsContent/zh_TW/mlbb_notice_4823.html)
2021-05-12,活動／營運,,,強烈建議登錄“永恆獅子”進行遊戲,0,[查看](https://cg.originmood.com/NewsContent/zh_TW/mlbb_notice_4813.html)
2021-05-06,活動／營運,,,上線版本內容說明,0,[查看](https://cg.originmood.com/NewsContent/zh_TW/mlbb_notice_4803.html)
2021-04-30,活動／營運,,,【公測開服 時間公佈】,0,[查看](https://cg.originmood.com/NewsContent/zh_TW/mlbb_news_4783.html)
2021-04-21,活動／營運,,,致法蘭城勇者們的感謝狀,0,[查看](https://cg.originmood.com/NewsContent/zh_TW/mlbb_notice_4763.html)
2021-04-16,活動／營運,,,封測開啟公告,0,[查看](https://cg.originmood.com/NewsContent/zh_TW/mlbb_notice_4723.html)
2021-04-15,活動／營運,,,封測預告,0,[查看](https://cg.originmood.com/NewsContent/zh_TW/mlbb_notice_4713.html)
2021-04-12,活動／營運,,,封測Q&A,0,[查看](https://cg.originmood.com/NewsContent/zh_TW/mlbb_notice_4693.html)
2021-04-09,活動／營運,,,基礎版本內容公示,0,[查看](https://cg.originmood.com/NewsContent/zh_TW/mlbb_notice_4683.html)
2021-04-08,活動／營運,,,《魔力寶貝:永恆初心》確定4月16日早上10:00 封測同步預告公測日,0,[查看](https://cg.originmood.com/NewsContent/zh_TW/mlbb_notice_4673.html)
2021-04-07,活動／營運,,,致全體勇者的道歉信,0,[查看](https://cg.originmood.com/NewsContent/zh_TW/mlbb_notice_4653.html)
2021-04-06,活動／營運,,,維護進度公告,0,[查看](https://cg.originmood.com/NewsContent/zh_TW/mlbb_news_4583.html)
2021-04-02,活動／營運,,,伺服器全面調整維護公告,0,[查看](https://cg.originmood.com/NewsContent/zh_TW/mlbb_notice_4563.html)
2021-04-02,活動／營運,,,致全體勇者的道歉信,0,[查看](https://cg.originmood.com/NewsContent/zh_TW/mlbb_notice_4553.html)
2021-04-02,活動／營運,,,伺服器問題處理公告,0,[查看](https://cg.originmood.com/NewsContent/zh_TW/mlbb_news_4573.html)
2021-04-01,活動／營運,,,伺服器緊急加開公告,0,[查看](https://cg.originmood.com/NewsContent/zh_TW/mlbb_notice_4533.html)
2021-04-01,活動／營運,,,違規帳號處理公告,0,[查看](https://cg.originmood.com/NewsContent/zh_TW/mlbb_notice_4523.html)
2021-04-01,活動／營運,,,臨時維護公告（已完成）,0,[查看](https://cg.originmood.com/NewsContent/zh_TW/mlbb_notice_4513.html)
2021-03-30,活動／營運,,,《魔力寶貝:永恆初心》公佈4月1日10:00 AM正式公測！同步開放主程式下載,0,[查看](https://cg.originmood.com/NewsContent/zh_TW/mlbb_notice_4503.html)
2021-03-26,活動／營運,,,遊戲帳號註冊說明,0,[查看](https://cg.originmood.com/NewsContent/zh_TW/mlbb_other_4353.html)
2021-03-26,活動／營運,,,《魔力寶貝：永恆初心》遊戲官網上線公告,0,[查看](https://cg.originmood.com/NewsContent/zh_TW/mlbb_notice_4363.html)
2021-03-24,活動／營運,,,3月24日精彩時刻（Q&A）,0,[查看](https://cg.originmood.com/NewsContent/zh_TW/mlbb_info_4493.html)
2021-03-19,活動／營運,,,《魔力寶貝：永恆初心》透露公測初步日程 針對遊戲設定釋出問答整理,0,[查看](https://cg.originmood.com/NewsContent/zh_TW/mlbb_news_4343.html)
2021-03-19,活動／營運,,,3月19日精彩時刻（Q&A）,0,[查看](https://cg.originmood.com/NewsContent/zh_TW/mlbb_info_4443.html)
2021-03-17,活動／營運,,,3月17日精彩時刻（Q&A）,0,[查看](https://cg.originmood.com/NewsContent/zh_TW/mlbb_info_4433.html)
2021-03-15,活動／營運,,,3月15日精彩時刻（Q&A）,0,[查看](https://cg.originmood.com/NewsContent/zh_TW/mlbb_info_4423.html)
2021-03-12,活動／營運,,,《魔力寶貝：永恆初心》今日起開放事前登錄,0,[查看](https://cg.originmood.com/NewsContent/zh_TW/mlbb_news_4333.html)
2021-03-10,活動／營運,,,3月10日精彩時刻（Q&A）,0,[查看](https://cg.originmood.com/NewsContent/zh_TW/mlbb_info_4403.html)
2021-03-05,職業／系統,,,《魔力寶貝：永恆初心》公開職業、技能等版本設定 強調堅決打擊非法程式,0,[查看](https://cg.originmood.com/NewsContent/zh_TW/mlbb_news_4323.html)
2021-02-26,活動／營運,,,網遊《魔力寶貝》全新永恆初心免費版 初心網絡X大宇資訊隆重呈獻！,0,[查看](https://cg.originmood.com/NewsContent/zh_TW/mlbb_news_4413.html)
