活動日期,公告日,活動／期別,合成公式,公告連結
2026-07-09～2026-07-23,2026-07-09,探索帕琪娜火山裂縫 揭開龍蝦太晶之謎,"任意等級的龍蝦霸王 ＋ 太晶之源碎片×500 ＋ 金幣100,000G ＝ / ├ 太晶龍蝦霸王召喚書（概率80%） / └ 太晶之源×1（概率20%）",[查看](https://cg.originmood.com/NewsContent/zh_TW/mlbb_news_17504.html)
2026-07-09～2026-07-23,2026-07-09,探索帕琪娜火山裂縫 揭開龍蝦太晶之謎,"任意等級的沼澤龍蝦 ＋ 太晶之源碎片×500 ＋ 金幣100,000G ＝ / ├ 太晶沼澤龍蝦召喚書（概率80%） / └ 太晶之源×1（概率20%)",[查看](https://cg.originmood.com/NewsContent/zh_TW/mlbb_news_17504.html)
2026-07-09～2026-07-23,2026-07-09,探索帕琪娜火山裂縫 揭開龍蝦太晶之謎,"任意等級的太晶龍蝦霸王 ＋ 太晶之源×10 ＋ 金幣100,000G ＝ / ├ 黑潮龍蝦召喚書（概率5%） / └ 太晶龍蝦霸王召喚書（概率95%）",[查看](https://cg.originmood.com/NewsContent/zh_TW/mlbb_news_17504.html)
2026-07-09～2026-07-23,2026-07-09,探索帕琪娜火山裂縫 揭開龍蝦太晶之謎,"任意等級的太晶沼澤龍蝦 ＋ 太晶之源×10 ＋ 金幣100,000G ＝ / ├ 黑潮龍蝦召喚書（概率1%） / └ 太晶沼澤龍蝦召喚書（概率99%）",[查看](https://cg.originmood.com/NewsContent/zh_TW/mlbb_news_17504.html)
2026-07-07～2026-08-08,2026-07-07,湛藍的傳說 潮汐魟王降臨,Lv1的潮汐魟王 ＋ 潮汐王冠×1 ＝ Lv1的潮汐魟王,[查看](https://cg.originmood.com/NewsContent/zh_TW/mlbb_news_17454.html)
2026-07-07～2026-08-08,2026-07-07,湛藍的傳說 潮汐魟王降臨,Lv1的湛藍飛魟 ＋ 潮汐王冠×3 ＝ Lv1的潮汐魟王,[查看](https://cg.originmood.com/NewsContent/zh_TW/mlbb_news_17454.html)
2026-06-11～2026-07-16,2026-06-11,任務爭霸賽第33季開啟,"Lv1的狐丸 ＋ 狐族設計圖ABCD ＋ 金幣100,000G ＝ Lv1的狐丸",[查看](https://cg.originmood.com/NewsContent/zh_TW/mlbb_news_17354.html)
2026-06-06～2026-07-07,2026-06-04,黑暗中的愛之極光 百合與白銀的永恆誓約,Lv1的百合騎士 ＋ 純白誓約之冕×3 ＝ Lv1的百合聖騎士,[查看](https://cg.originmood.com/NewsContent/zh_TW/mlbb_news_17294.html)
2026-06-06～2026-07-07,2026-06-04,黑暗中的愛之極光 百合與白銀的永恆誓約,Lv1的百合聖騎士 ＋ 純白誓約之冕×1 ＝ Lv1的百合聖騎士,[查看](https://cg.originmood.com/NewsContent/zh_TW/mlbb_news_17294.html)
2026-06-06～2026-07-07,2026-06-04,黑暗中的愛之極光 百合與白銀的永恆誓約,Lv1的白銀聖鬥士 ＋ 純白誓約之冕×1 ＝ Lv1的白銀聖鬥士,[查看](https://cg.originmood.com/NewsContent/zh_TW/mlbb_news_17294.html)
2026-06-06～2026-07-07,2026-06-04,黑暗中的愛之極光 百合與白銀的永恆誓約,Lv1的白銀格鬥士 ＋ 純白誓約之冕×3 ＝ Lv1的白銀聖鬥士,[查看](https://cg.originmood.com/NewsContent/zh_TW/mlbb_news_17294.html)
2026-05-28～2026-06-11,2026-05-27,五週年收官獻禮 訂製屬於你的心愛陪伴,"Lv1的神樂 ＋ 神樂之聖角×1 ＋ 閃耀變異之源×10 ＋ 金幣50,000G ＝ / ├ Lv1的神樂（概率98%） / └ Lv1的天叢雲神樂（概率2%）",[查看](https://cg.originmood.com/NewsContent/zh_TW/mlbb_news_17094.html)
2026-05-28～2026-06-11,2026-05-27,五週年收官獻禮 訂製屬於你的心愛陪伴,"Lv1的天叢雲神樂 ＋ 神樂之聖角×1 ＋ 閃耀變異之源×10 ＋ 金幣50,000G ＝ / ├ Lv1的天叢雲神樂（概率70%） / └ Lv1的御法神神樂（概率30%）",[查看](https://cg.originmood.com/NewsContent/zh_TW/mlbb_news_17094.html)
2026-05-21～2026-05-28,2026-05-21,《魔力寶貝：永恆初心》五週年活動第四彈 王者道場試煉開啟,"任意等級的的烈焰元素使 ＋ 火元素之卵×1 ＋ 閃耀變異之源×10 ＋ 金幣50,000G ＝ / ├ Lv1的烈焰元素使（概率95%） / └ Lv1的火之使徒（概率5%）",[查看](https://cg.originmood.com/NewsContent/zh_TW/mlbb_news_17074.html)
2026-05-14～2026-06-04,2026-05-13,五週年慶第三彈 黄金迷宫之雷影,"Lv1的影 ＋ 雷影之聖角×1 ＋ 閃耀變異之源×10 ＋ 金幣50,000G ＝ / ├ Lv1的影（概率97%） / ├ Lv1的御魂雷影（概率2%） / └ Lv1的鬼泣雷影（概率1%）",[查看](https://cg.originmood.com/NewsContent/zh_TW/mlbb_news_17034.html)
2026-05-07～2026-05-14,2026-05-06,週年保底大獎翻倍 法蘭巡遊領好禮,"蕾米兒設計圖A×1 ＋ 蕾米兒設計圖B×1 ＋ 蕾米兒設計圖C×1 ＋ 蕾米兒設計圖D×1 ＋ 蕾米兒設計圖E×1 ＋ 金幣50,000G ＝ LV1蕾米兒",[查看](https://cg.originmood.com/NewsContent/zh_TW/mlbb_news_16954.html)
2026-05-05～2026-06-06,2026-05-04,跨越凡塵的蛻變，凜冬巨龍破冰降世,Lv1的虛空魔龍 ＋ 凜冬之怒×1 ＝ Lv1的凜冬龍王,[查看](https://cg.originmood.com/NewsContent/zh_TW/mlbb_news_16934.html)
2026-05-05～2026-06-06,2026-05-04,跨越凡塵的蛻變，凜冬巨龍破冰降世,Lv1的凜冬巨龍 ＋ 凜冬之怒×3 ＝ Lv1的凜冬龍王,[查看](https://cg.originmood.com/NewsContent/zh_TW/mlbb_news_16934.html)
2026-04-30～2026-05-14,2026-04-29,《魔力寶貝：永恆初心》五週年慶溫情啟幕 御法劍仙「神樂」降臨,"Lv1的神樂 ＋ 神樂之聖角×1 ＋ 閃耀變異之源×10 ＋ 金幣50,000G ＝ / ├ Lv1的神樂（概率98%） / └ Lv1的天叢雲神樂（概率2%）",[查看](https://cg.originmood.com/NewsContent/zh_TW/mlbb_news_16894.html)
2026-04-30～2026-05-28（公告原文末年為 2025）,2026-04-29,《魔力寶貝：永恆初心》五週年慶溫情啟幕 御法劍仙「神樂」降臨,"任意等級的初心花妖 ＋ 永恆花仙進化券×1 ＋ 金幣100,000G ＝ Lv1永恆花仙",[查看](https://cg.originmood.com/NewsContent/zh_TW/mlbb_news_16894.html)
2026-04-30～2026-05-28（公告原文末年為 2025）,2026-04-29,《魔力寶貝：永恆初心》五週年慶溫情啟幕 御法劍仙「神樂」降臨,"任意等級的初心花妖 ＋ 寶貝蛋糕進化券×1 ＋ 金幣100,000G ＝ Lv1寶貝蛋糕",[查看](https://cg.originmood.com/NewsContent/zh_TW/mlbb_news_16894.html)
2026-04-09～2026-04-23,2026-04-09,神櫻綻放 春日女神限定召喚,"Lv1的櫻 ＋ 櫻之聖角×1 ＋ 閃耀變異之源×10 ＋ 金幣50,000G ＝ / ├ Lv1的櫻（概率95%） / └ Lv1的天叢雲櫻（概率5%）",[查看](https://cg.originmood.com/NewsContent/zh_TW/mlbb_news_16794.html)
2026-04-04～2026-05-05,2026-04-01,聖光破曉 虛空之龍震撼來襲,Lv1的虛空魔龍 ＋ 虛空印記×1 ＝ Lv1的虛空魔龍,[查看](https://cg.originmood.com/NewsContent/zh_TW/mlbb_news_16764.html)
2026-04-04～2026-05-05,2026-04-01,聖光破曉 虛空之龍震撼來襲,Lv1的梅莉珊卓 ＋ 虛空印記×3 ＝ Lv1的虛空魔龍,[查看](https://cg.originmood.com/NewsContent/zh_TW/mlbb_news_16764.html)
未載明（公告日 2026-03-25）,2026-03-25,最強家族招募大作戰 貪慾牛魔限時來襲,"任意等級的賽拉芬寶寶III ＋ 神祈之魂×1 ＋ 喚靈契約符×10 ＋ 金幣100,000G ＝ / ├ LV1的賽拉芬寶寶III（概率80%） / └ LV1的賽拉芬寶寶IV（概率20%）",[查看](https://cg.originmood.com/NewsContent/zh_TW/mlbb_news_16724.html)
未載明（公告日 2026-03-25）,2026-03-25,最強家族招募大作戰 貪慾牛魔限時來襲,"任意等級的賽拉芬寶寶II ＋ 神祈之魂×1 ＋ 喚靈契約符×10 ＋ 金幣100,000G ＝ / ├ LV1的賽拉芬寶寶II（概率80%） / └ LV1的賽拉芬寶寶III（概率20%）",[查看](https://cg.originmood.com/NewsContent/zh_TW/mlbb_news_16724.html)
未載明（公告日 2026-03-25）,2026-03-25,最強家族招募大作戰 貪慾牛魔限時來襲,"任意等級的賽拉芬寶寶I ＋ 神祈之魂×1 ＋ 喚靈契約符×10 ＋ 金幣100,000G ＝ / ├ LV1的賽拉芬寶寶I（概率80%） / └ LV1的賽拉芬寶寶II（概率20%）",[查看](https://cg.originmood.com/NewsContent/zh_TW/mlbb_news_16724.html)
未載明（公告日 2026-03-25）,2026-03-25,最強家族招募大作戰 貪慾牛魔限時來襲,"任意等級的巴力寶寶III ＋ 黑暗之魂×1 ＋ 喚靈契約符×10 ＋ 金幣100,000G ＝ / ├ LV1的巴力寶寶III（概率80%） / └ LV1的巴力寶寶IV（概率20%）",[查看](https://cg.originmood.com/NewsContent/zh_TW/mlbb_news_16724.html)
未載明（公告日 2026-03-25）,2026-03-25,最強家族招募大作戰 貪慾牛魔限時來襲,"任意等級的巴力寶寶II ＋ 黑暗之魂×1 ＋ 喚靈契約符×10 ＋ 金幣100,000G ＝ / ├ LV1的巴力寶寶II（概率80%） / └ LV1的巴力寶寶III（概率20%）",[查看](https://cg.originmood.com/NewsContent/zh_TW/mlbb_news_16724.html)
未載明（公告日 2026-03-25）,2026-03-25,最強家族招募大作戰 貪慾牛魔限時來襲,"任意等級的巴力寶寶I ＋ 黑暗之魂×1 ＋ 喚靈契約符×10 ＋ 金幣100,000G ＝ / ├ LV1的巴力寶寶I（概率80%） / └ LV1的巴力寶寶II（概率20%）",[查看](https://cg.originmood.com/NewsContent/zh_TW/mlbb_news_16724.html)
未載明（公告日 2026-03-25）,2026-03-25,最強家族招募大作戰 貪慾牛魔限時來襲,"任意等級的喵喵寶寶III ＋ 虛空之魂×1 ＋ 喚靈契約符×10 ＋ 金幣100,000G ＝ / ├ LV1的喵喵寶寶III（概率80%） / └ LV1的喵喵寶寶IV（概率20%）",[查看](https://cg.originmood.com/NewsContent/zh_TW/mlbb_news_16724.html)
未載明（公告日 2026-03-25）,2026-03-25,最強家族招募大作戰 貪慾牛魔限時來襲,"任意等級的喵喵寶寶II ＋ 虛空之魂×1 ＋ 喚靈契約符×10 ＋ 金幣100,000G ＝ / ├ LV1的喵喵寶寶II（概率80%） / └ LV1的喵喵寶寶III（概率20%）",[查看](https://cg.originmood.com/NewsContent/zh_TW/mlbb_news_16724.html)
未載明（公告日 2026-03-25）,2026-03-25,最強家族招募大作戰 貪慾牛魔限時來襲,"任意等級的喵喵寶寶I ＋ 虛空之魂×1 ＋ 喚靈契約符×10 ＋ 金幣100,000G ＝ / ├ LV1的喵喵寶寶I（概率80%） / └ LV1的喵喵寶寶II（概率20%）",[查看](https://cg.originmood.com/NewsContent/zh_TW/mlbb_news_16724.html)
未載明（公告日 2026-03-12）,2026-03-12,連破試煉迴廊 傳承寵物珍貴技能,"LV1的異型蜂 ＋ 異型火蜂設計圖ABC ＋ 金幣100,000G ＝ / ├ Lv1的異型火蜂（概率10%） / └ Lv1的異型蜂（概率90%）",[查看](https://cg.originmood.com/NewsContent/zh_TW/mlbb_news_16684.html)
2026-03-03～2026-04-04,2026-03-03,雪之冰華傳說 通往神域的覺醒門扉,Lv1的雪 ＋ 雪之聖角×3 ＝ Lv1的天叢雲雪,[查看](https://cg.originmood.com/NewsContent/zh_TW/mlbb_news_16644.html)
2026-03-03～2026-04-04,2026-03-03,雪之冰華傳說 通往神域的覺醒門扉,Lv1的天叢雲雪 ＋ 雪之聖角×1 ＝ Lv1的天叢雲雪,[查看](https://cg.originmood.com/NewsContent/zh_TW/mlbb_news_16644.html)
2026-02-12～2026-02-26,2026-02-12,光之指引救贖之子 保底必得馬年限定寵物,"任意等級的飛馬公主 ＋ 飛馬公主設計圖ABC×1 ＋ 金幣100,000G ＝ / ├ lv1改造飛馬公主（概率5%） / └ lv1飛馬公主（概率95%）",[查看](https://cg.originmood.com/NewsContent/zh_TW/mlbb_news_16554.html)
2026-02-12～2026-02-26,2026-02-12,光之指引救贖之子 保底必得馬年限定寵物,"任意等級的露比 ＋ 露比設計圖ABC×1 ＋ 金幣100,000G ＝ / ├ lv1改造露比（概率5%） / └ lv1露比（概率95%）",[查看](https://cg.originmood.com/NewsContent/zh_TW/mlbb_news_16554.html)
2026-02-12～2026-02-26,2026-02-12,光之指引救贖之子 保底必得馬年限定寵物,"任意等級的布偶夏莉 ＋ 布偶夏莉設計圖ABC×1 ＋ 金幣100,000G ＝ / ├ lv1改造布偶夏莉（概率5%） / └ lv1布偶夏莉（概率95%）",[查看](https://cg.originmood.com/NewsContent/zh_TW/mlbb_news_16554.html)
2026-02-12～2026-02-26,2026-02-12,光之指引救贖之子 保底必得馬年限定寵物,"任意等級的冰原獨角獸 ＋ 冰原獨角獸設計圖ABC×1 ＋ 金幣100,000G ＝ / ├ lv1改造冰原獨角獸（概率5%） / └ lv1冰原獨角獸（概率95%）",[查看](https://cg.originmood.com/NewsContent/zh_TW/mlbb_news_16554.html)
2026-02-12～2026-02-26,2026-02-12,光之指引救贖之子 保底必得馬年限定寵物,"Lv1的舞 ＋ 舞之聖角×1 ＋ 閃耀變異之源×10 ＋ 金幣50,000G ＝ / ├ Lv1的舞（概率95%） / └ Lv1的天叢雲舞（概率5%）",[查看](https://cg.originmood.com/NewsContent/zh_TW/mlbb_news_16554.html)
2026-02-12～2026-03-12,2026-02-12,光之指引救贖之子 保底必得馬年限定寵物,"Lv1的噗栗醬 ＋ 聖誕星人許願卡×1 ＋ 金幣100,000G ＝ / ├ Lv1的噗栗君（概率33%） / ├ Lv1的噗栗醬（概率33%） / ├ Lv1的噗栗桑（概率33%） / └ Lv1的噗栗大王（概率1%）",[查看](https://cg.originmood.com/NewsContent/zh_TW/mlbb_news_16554.html)
2026-02-12～2026-03-12,2026-02-12,光之指引救贖之子 保底必得馬年限定寵物,"Lv1的噗栗桑 ＋ 聖誕星人許願卡×1 ＋ 金幣100,000G ＝ / ├ Lv1的噗栗君（概率33%） / ├ Lv1的噗栗醬（概率33%） / ├ Lv1的噗栗桑（概率33%） / └ Lv1的噗栗大王（概率1%）",[查看](https://cg.originmood.com/NewsContent/zh_TW/mlbb_news_16554.html)
2026-02-12～2026-03-12,2026-02-12,光之指引救贖之子 保底必得馬年限定寵物,"Lv1的噗栗君 ＋ 聖誕星人許願卡×1 ＋ 金幣100,000G ＝ / ├ Lv1的噗栗君（概率33%） / ├ Lv1的噗栗醬（概率33%） / ├ Lv1的噗栗桑（概率33%） / └ Lv1的噗栗大王（概率1%）",[查看](https://cg.originmood.com/NewsContent/zh_TW/mlbb_news_16554.html)
2026-02-02～2026-03-03,2026-01-30,駕馭禁忌之力 簽訂噬歲時序的傳說,Lv1的噬歲狼王 ＋ 災厄王印×1 ＝ Lv1的噬歲狼王,[查看](https://cg.originmood.com/NewsContent/zh_TW/mlbb_news_16484.html)
2026-02-02～2026-03-03,2026-01-30,駕馭禁忌之力 簽訂噬歲時序的傳說,Lv1的嗜血狂狼 ＋ 災厄王印×3 ＝ Lv1的噬歲狼王,[查看](https://cg.originmood.com/NewsContent/zh_TW/mlbb_news_16484.html)
2026-01-22～2026-02-05,2026-01-21,黃金迷宮與神龍的傳說 保底必得限定黃金獸,LV1的布丁史萊姆 ＋ 布丁史萊姆設計圖ABC ＝ Lv1的黃金史萊姆,[查看](https://cg.originmood.com/NewsContent/zh_TW/mlbb_news_16444.html)
2026-01-01～2026-02-02,2025-12-31,千年血脈的呼喚勇者小隊再集結 首日9折&首週血脈共鳴成功率直升三倍,Lv1的魔術師艾夏菲 ＋ 勇者之魂×3 ＝ Lv1的大魔導師艾夏菲,[查看](https://cg.originmood.com/NewsContent/zh_TW/mlbb_news_16364.html)
2026-01-01～2026-02-02,2025-12-31,千年血脈的呼喚勇者小隊再集結 首日9折&首週血脈共鳴成功率直升三倍,Lv1的戰斧帕里修斯 ＋ 勇者之魂×3 ＝ Lv1的戰斧大師帕里修斯,[查看](https://cg.originmood.com/NewsContent/zh_TW/mlbb_news_16364.html)
2026-01-01～2026-02-02,2025-12-31,千年血脈的呼喚勇者小隊再集結 首日9折&首週血脈共鳴成功率直升三倍,Lv1的戰斧大師帕里修斯 ＋ 勇者之魂×1 ＝ Lv1的戰斧大師帕里修斯,[查看](https://cg.originmood.com/NewsContent/zh_TW/mlbb_news_16364.html)
2026-01-01～2026-02-02,2025-12-31,千年血脈的呼喚勇者小隊再集結 首日9折&首週血脈共鳴成功率直升三倍,Lv1的巫王耶克爾 ＋ 勇者之魂×1 ＝ Lv1的巫王耶克爾,[查看](https://cg.originmood.com/NewsContent/zh_TW/mlbb_news_16364.html)
2026-01-01～2026-02-02,2025-12-31,千年血脈的呼喚勇者小隊再集結 首日9折&首週血脈共鳴成功率直升三倍,Lv1的巫師耶克爾 ＋ 勇者之魂×3 ＝ Lv1的巫王耶克爾,[查看](https://cg.originmood.com/NewsContent/zh_TW/mlbb_news_16364.html)
2026-01-01～2026-02-02,2025-12-31,千年血脈的呼喚勇者小隊再集結 首日9折&首週血脈共鳴成功率直升三倍,Lv1的大魔導師艾夏菲 ＋ 勇者之魂×1 ＝ Lv1的大魔導師艾夏菲,[查看](https://cg.originmood.com/NewsContent/zh_TW/mlbb_news_16364.html)
2026-01-01～2026-02-02,2025-12-31,千年血脈的呼喚勇者小隊再集結 首日9折&首週血脈共鳴成功率直升三倍,Lv1的劍術大師里昂 ＋ 勇者之魂×1 ＝ Lv1的劍術大師里昂,[查看](https://cg.originmood.com/NewsContent/zh_TW/mlbb_news_16364.html)
2026-01-01～2026-02-02,2025-12-31,千年血脈的呼喚勇者小隊再集結 首日9折&首週血脈共鳴成功率直升三倍,Lv1的劍士里昂 ＋ 勇者之魂×3 ＝ Lv1的劍術大師里昂,[查看](https://cg.originmood.com/NewsContent/zh_TW/mlbb_news_16364.html)
2025-12-25～2026-01-22,2025-12-24,失蹤的馴鹿大作戰 與搗蛋大王的約定,任意等級的聖誕馴鹿 ＋ 聖誕馴鹿設計圖ABC ＝ Lv1的改造馴鹿,[查看](https://cg.originmood.com/NewsContent/zh_TW/mlbb_news_16344.html)
2025-12-25～2026-01-22,2025-12-24,失蹤的馴鹿大作戰 與搗蛋大王的約定,任意等級的聖誕水藍鼠 ＋ 聖誕水藍鼠設計圖ABC ＝ Lv1的改造聖誕水藍鼠,[查看](https://cg.originmood.com/NewsContent/zh_TW/mlbb_news_16344.html)
2025-12-25～2026-01-22,2025-12-24,失蹤的馴鹿大作戰 與搗蛋大王的約定,任意等級的糖果大地鼠 ＋ 糖果大地鼠設計圖ABC ＝ Lv1的改造糖果大地鼠,[查看](https://cg.originmood.com/NewsContent/zh_TW/mlbb_news_16344.html)
2025-12-25～2026-01-22,2025-12-24,失蹤的馴鹿大作戰 與搗蛋大王的約定,"Lv1的奔旦醬 ＋ 聖誕星人許願卡×1 ＋ 金幣100,000G ＝ / ├ Lv1的奔旦君（概率33%） / ├ Lv1的奔旦醬（概率33%） / ├ Lv1的奔旦桑（概率33%） / └ Lv1的奔旦大王（概率1%）",[查看](https://cg.originmood.com/NewsContent/zh_TW/mlbb_news_16344.html)
2025-12-25～2026-01-22,2025-12-24,失蹤的馴鹿大作戰 與搗蛋大王的約定,"Lv1的奔旦桑 ＋ 聖誕星人許願卡×1 ＋ 金幣100,000G ＝ / ├ Lv1的奔旦君（概率33%） / ├ Lv1的奔旦醬（概率33%） / ├ Lv1的奔旦桑（概率33%） / └ Lv1的奔旦大王（概率1%）",[查看](https://cg.originmood.com/NewsContent/zh_TW/mlbb_news_16344.html)
2025-12-25～2026-01-22,2025-12-24,失蹤的馴鹿大作戰 與搗蛋大王的約定,"Lv1的奔旦君 ＋ 聖誕星人許願卡×1 ＋ 金幣100,000G ＝ / ├ Lv1的奔旦君（概率33%） / ├ Lv1的奔旦醬（概率33%） / ├ Lv1的奔旦桑（概率33%） / └ Lv1的奔旦大王（概率1%）",[查看](https://cg.originmood.com/NewsContent/zh_TW/mlbb_news_16344.html)
2025-12-25～2026-01-22,2025-12-24,失蹤的馴鹿大作戰 與搗蛋大王的約定,"Lv1赤燄或碧燄 ＋ 變異之源×3 ＋ 希望火柴盒×10 ＋ 精靈王契約×50 ＋ 金幣100,000G ＝ 火柴小王子",[查看](https://cg.originmood.com/NewsContent/zh_TW/mlbb_news_16344.html)
2025-12-12～2026-01-01,2025-12-12,虛無暗淵之主 沉睡的紫獄龍王,Lv1的紫獄龍王 ＋ 紫龍魂契×1 ＝ Lv1的紫獄龍王,[查看](https://cg.originmood.com/NewsContent/zh_TW/mlbb_news_16314.html)
2025-12-12～2026-01-01,2025-12-12,虛無暗淵之主 沉睡的紫獄龍王,Lv1的幻紫飛龍 ＋ 紫龍魂契×3 ＝ Lv1的紫獄龍王,[查看](https://cg.originmood.com/NewsContent/zh_TW/mlbb_news_16314.html)
2025-12-11～2025-12-25,2025-12-10,惡龍大亂鬥 拯救聖誕火雞,"Lv1的巫蛇妖姬 ＋ 女媧重石×1 ＋ 金幣100,000G ＝ / ├ Lv1的八重紫（概率3%） / └ Lv1的巫蛇妖姬（概率97%）",[查看](https://cg.originmood.com/NewsContent/zh_TW/mlbb_news_16284.html)
2025-12-05～2026-01-01,2025-12-05,法蘭聖誕序曲 暖冬歸途獻豪禮,"Lv1的劈哩醬 ＋ 聖誕星人許願卡×1 ＋ 金幣100,000G ＝ / ├ Lv1的劈哩君（概率33%） / ├ Lv1的劈哩醬（概率33%） / ├ Lv1的劈哩桑（概率33%） / └ Lv1的劈哩大王（概率1%）",[查看](https://cg.originmood.com/NewsContent/zh_TW/mlbb_news_16264.html)
2025-12-05～2026-01-01,2025-12-05,法蘭聖誕序曲 暖冬歸途獻豪禮,"Lv1的劈哩桑 ＋ 聖誕星人許願卡×1 ＋ 金幣100,000G ＝ / ├ Lv1的劈哩君（概率33%） / ├ Lv1的劈哩醬（概率33%） / ├ Lv1的劈哩桑（概率33%） / └ Lv1的劈哩大王（概率1%）",[查看](https://cg.originmood.com/NewsContent/zh_TW/mlbb_news_16264.html)
2025-12-05～2026-01-01,2025-12-05,法蘭聖誕序曲 暖冬歸途獻豪禮,"Lv1的劈哩君 ＋ 聖誕星人許願卡×1 ＋ 金幣100,000G ＝ / ├ Lv1的劈哩君（概率33%） / ├ Lv1的劈哩醬（概率33%） / ├ Lv1的劈哩桑（概率33%） / └ Lv1的劈哩大王（概率1%）",[查看](https://cg.originmood.com/NewsContent/zh_TW/mlbb_news_16264.html)
2025-11-11～2025-12-12,2025-11-10,跨越死亡冥域的契約 掌控不朽龍王之力,Lv1的紫金暴龍王 ＋ 冥龍之心×1 ＝ Lv1的紫金暴龍王,[查看](https://cg.originmood.com/NewsContent/zh_TW/mlbb_news_16164.html)
2025-11-11～2025-12-12,2025-11-10,跨越死亡冥域的契約 掌控不朽龍王之力,Lv1的紫金冥龍 ＋ 冥龍之心×3 ＝ / ├ Lv1的紫金暴龍王（概率50%） / └ Lv1的渡（概率50%）,[查看](https://cg.originmood.com/NewsContent/zh_TW/mlbb_news_16164.html)
2025-11-11～2025-12-12,2025-11-10,跨越死亡冥域的契約 掌控不朽龍王之力,Lv1的渡 ＋ 冥龍之心×1 ＝ Lv1的渡,[查看](https://cg.originmood.com/NewsContent/zh_TW/mlbb_news_16164.html)
2025-10-30～2025-11-13,2025-10-29,勇闖寵物傳承聖殿 狂歡萬聖驚魂夜,"任意等級的的天空元素使 ＋ 風元素之卵×1 ＋ 閃耀變異之源×10 ＋ 金幣50,000G ＝ / ├ Lv1的天空元素使（概率95%） / └ Lv1的風之使徒（概率5%）",[查看](https://cg.originmood.com/NewsContent/zh_TW/mlbb_news_16124.html)
2025-10-10～2025-11-11,2025-10-10,改造狂想曲 超越極限的雙重詠嘆,Lv1的艾德奇美拉 ＋ 共生記憶活體×3 ＝ / ├ Lv1的寒冰奇美拉（概率50%） / └ Lv1的綾香（概率50%）,[查看](https://cg.originmood.com/NewsContent/zh_TW/mlbb_news_16044.html)
2025-10-10～2025-11-11,2025-10-10,改造狂想曲 超越極限的雙重詠嘆,Lv1的聖紋地龍 ＋ 共生記憶活體×1 ＝ Lv1的寒冰奇美拉,[查看](https://cg.originmood.com/NewsContent/zh_TW/mlbb_news_16044.html)
2025-10-10～2025-11-11,2025-10-10,改造狂想曲 超越極限的雙重詠嘆,Lv1的綾香 ＋ 共生記憶活體×1 ＝ Lv1的綾香,[查看](https://cg.originmood.com/NewsContent/zh_TW/mlbb_news_16044.html)
2025-10-02～2025-10-16,2025-10-01,中秋月宮遇奇緣 嫦娥邀君解危局,"任意等級的黑醬麻薯兔兔 ＋ 閃耀變異之源×3 ＋ 大福糯團×10 ＋ 精靈王契約×100 ＋ 金幣100,000G ＝ Lv1黑糖大福兔兔",[查看](https://cg.originmood.com/NewsContent/zh_TW/mlbb_news_16004.html)
2025-10-02～2025-10-16,2025-10-01,中秋月宮遇奇緣 嫦娥邀君解危局,"任意等級的白櫻麻薯兔兔 ＋ 閃耀變異之源×3 ＋ 大福糯團×10 ＋ 精靈王契約×100 ＋ 金幣100,000G ＝ Lv1雪見大福兔兔",[查看](https://cg.originmood.com/NewsContent/zh_TW/mlbb_news_16004.html)
2025-10-02～2025-10-16,2025-10-01,中秋月宮遇奇緣 嫦娥邀君解危局,"Lv100以上的黃金樹精 ＋ 變異之源×3 ＋ 黃金樹根×10 ＋ 精靈王契約×100 ＋ 金幣100,000G ＝ Lv1黃金樹靈",[查看](https://cg.originmood.com/NewsContent/zh_TW/mlbb_news_16004.html)
未載明（公告日 2025-09-17）,2025-09-17,孵化家族至尊聖獸 海洋使徒的四方之契,"任意等級的的海洋元素使 ＋ 水元素之卵×1 ＋ 閃耀變異之源×10 ＋ 金幣50,000G ＝ / ├ Lv1的海洋元素使（概率95%） / └ Lv1的海洋使徒（概率5%）",[查看](https://cg.originmood.com/NewsContent/zh_TW/mlbb_news_15874.html)
2025-09-09～2025-10-10,2025-09-09,聖紋啟示錄 龍與騎士的誓約,Lv1的魔紋幼龍 ＋ 地核晶石×3 ＝ / ├ Lv1的聖紋地龍（概率50%） / └ Lv1的聖槍騎士（概率50%）,[查看](https://cg.originmood.com/NewsContent/zh_TW/mlbb_news_15804.html)
2025-09-09～2025-10-10,2025-09-09,聖紋啟示錄 龍與騎士的誓約,Lv1的聖紋地龍 ＋ 地核晶石×1 ＝ Lv1的聖紋地龍,[查看](https://cg.originmood.com/NewsContent/zh_TW/mlbb_news_15804.html)
2025-09-09～2025-10-10,2025-09-09,聖紋啟示錄 龍與騎士的誓約,Lv1的聖槍騎士 ＋ 地核晶石×1 ＝ Lv1的聖槍騎士,[查看](https://cg.originmood.com/NewsContent/zh_TW/mlbb_news_15804.html)
未載明（公告日 2025-09-04）,2025-09-04,中元幽冥之瞳 骷髏王的王權迴響,"Lv1的伯爵之棺 ＋ 不死冥蝠×1 ＋ 閃耀變異之源×10 ＋ 金幣50,000G ＝ / ├ Lv1的伯爵之棺（概率95%） / └ Lv1的魔女妮可（概率5%）",[查看](https://cg.originmood.com/NewsContent/zh_TW/mlbb_news_15784.html)
2025-08-08～2025-09-09,2025-08-07,血染千魂妖刀 白焰的救贖對決,Lv1的鬼眼村正 ＋ 噬主之魄×3 ＝ / ├ Lv1的白焰（概率5%） / └ Lv1的鬼眼村正（概率95%）,[查看](https://cg.originmood.com/NewsContent/zh_TW/mlbb_news_15704.html)
2025-08-08～2025-09-09,2025-08-07,血染千魂妖刀 白焰的救贖對決,Lv1的白焰 ＋ 噬主之魄×3 ＝ Lv1的白焰,[查看](https://cg.originmood.com/NewsContent/zh_TW/mlbb_news_15704.html)
2025-08-08～2025-09-09,2025-08-07,血染千魂妖刀 白焰的救贖對決,Lv1的妖刀 ＋ 噬主之魄×3 ＝ / ├ Lv1的白焰（概率5%） / └ Lv1的鬼眼村正（概率95%）,[查看](https://cg.originmood.com/NewsContent/zh_TW/mlbb_news_15704.html)
2025-06-06～2025-07-07,2025-06-06,命運雙子 共譜星辰之路,Lv1的流星 ＋ 雙子晶核×1 ＝ Lv1的流星,[查看](https://cg.originmood.com/NewsContent/zh_TW/mlbb_news_15384.html)
2025-06-06～2025-07-07,2025-06-06,命運雙子 共譜星辰之路,Lv1的星雲 ＋ 雙子晶核×1 ＝ Lv1的星雲,[查看](https://cg.originmood.com/NewsContent/zh_TW/mlbb_news_15384.html)
2025-05-15～2025-05-22,2025-05-14,《魔力寶貝：永恆初心》四週年活動第三彈 王者道場試煉開啟,"任意等級的的大地元素使 ＋ 地元素之卵×1 ＋ 閃耀變異之源×10 ＋ 金幣50,000G ＝ / ├ Lv1的大地元素使（概率95%） / └ Lv1的地之使徒（概率5%）",[查看](https://cg.originmood.com/NewsContent/zh_TW/mlbb_news_15274.html)
2025-05-08～2025-05-15（公告原文末年為 2024）,2025-05-07,《魔力寶貝：永恆初心》四週年活動第二彈火熱進行中,鈦白嚇人箱 ＋ 改造鈦白嚇人箱設計圖ABCDE ＝ 改造鈦白嚇人箱,[查看](https://cg.originmood.com/NewsContent/zh_TW/mlbb_news_15254.html)
2025-05-08～2025-05-15（公告原文末年為 2024）,2025-05-07,《魔力寶貝：永恆初心》四週年活動第二彈火熱進行中,"改造鈦白嚇人箱 ＋ 白雪設計圖ABCDE ＋ 金幣1,000,000G ＝ 白雪",[查看](https://cg.originmood.com/NewsContent/zh_TW/mlbb_news_15254.html)
2025-05-05～2025-06-06,2025-05-04,銀龍傳說再現 重塑世界法則,Lv1的裁決白龍王 ＋ 龍脈光能寶石×1 ＝ Lv1的裁決白龍王,[查看](https://cg.originmood.com/NewsContent/zh_TW/mlbb_news_15234.html)
2025-05-05～2025-06-06,2025-05-04,銀龍傳說再現 重塑世界法則,Lv1的神聖白龍王 ＋ 龍脈光能寶石×1 ＝ Lv1的神聖白龍王,[查看](https://cg.originmood.com/NewsContent/zh_TW/mlbb_news_15234.html)
2025-05-01～2025-05-29,2025-05-01,《魔力寶貝：永恆初心》四週年慶典燃情啟幕！神代戰神「玄黎」破界降臨，與你共鑄不朽傳說！,小紅鼠 ＋ 奈斯紅米×1 ＝ 火焰倉鼠,[查看](https://cg.originmood.com/NewsContent/zh_TW/mlbb_news_15224.html)
2025-05-01～2025-05-29,2025-05-01,《魔力寶貝：永恆初心》四週年慶典燃情啟幕！神代戰神「玄黎」破界降臨，與你共鑄不朽傳說！,小白鼠或小紅鼠 ＋ 奈斯橙米×1 ＝ 胖寶倉鼠,[查看](https://cg.originmood.com/NewsContent/zh_TW/mlbb_news_15224.html)
2025-05-01～2025-05-29,2025-05-01,《魔力寶貝：永恆初心》四週年慶典燃情啟幕！神代戰神「玄黎」破界降臨，與你共鑄不朽傳說！,小白鼠 ＋ 奈斯白米×1 ＝ 雪地倉鼠,[查看](https://cg.originmood.com/NewsContent/zh_TW/mlbb_news_15224.html)
2025-04-04～2025-05-05,2025-04-03,無盡櫻海綻放 緋紅巨龍歸來,Lv1的緋紅巨龍 ＋ 灼炎龍心玉×1 ＝ Lv1的緋紅巨龍,[查看](https://cg.originmood.com/NewsContent/zh_TW/mlbb_news_15044.html)
未載明（公告日 2025-02-06）,2025-02-06,今宵共賞月 愛鼠來相伴,丘比特 ＋ 愛神丘比特設計圖A×1 ＋ 愛神丘比特設計圖B×1 ＋ 愛神丘比特設計圖C×1 ＋ 愛神丘比特設計圖D×1 ＋ 愛神丘比特設計圖E×1 ＝ 愛神丘比特,[查看](https://cg.originmood.com/NewsContent/zh_TW/mlbb_news_14704.html)
2025-01-01～2025-02-02,2025-01-01,遠古傳承的交織 賽格梅特之魂,Lv40以上的新生賽格梅特 ＋ 女皇長槍×1 ＋ 阿爾卡迪亞記憶×10 ＝ Lv1騎士賽格梅特,[查看](https://cg.originmood.com/NewsContent/zh_TW/mlbb_news_14474.html)
2025-01-01～2025-02-02,2025-01-01,遠古傳承的交織 賽格梅特之魂,Lv40以上的新生賽格梅特 ＋ 女皇長劍×1 ＋ 阿爾卡迪亞記憶×10 ＝ Lv1劍士賽格梅特,[查看](https://cg.originmood.com/NewsContent/zh_TW/mlbb_news_14474.html)
2025-01-01～2025-02-02,2025-01-01,遠古傳承的交織 賽格梅特之魂,Lv40以上的新生賽格梅特 ＋ 女皇護腕×1 ＋ 阿爾卡迪亞記憶×10 ＝ Lv1格鬥家賽格梅特,[查看](https://cg.originmood.com/NewsContent/zh_TW/mlbb_news_14474.html)
2025-01-01～2025-02-02,2025-01-01,遠古傳承的交織 賽格梅特之魂,Lv40以上的新生賽格梅特 ＋ 女皇獵弓×1 ＋ 阿爾卡迪亞記憶×10 ＝ Lv1弓箭手賽格梅特,[查看](https://cg.originmood.com/NewsContent/zh_TW/mlbb_news_14474.html)
2025-01-01～2025-02-02,2025-01-01,遠古傳承的交織 賽格梅特之魂,Lv40以上的新生賽格梅特 ＋ 女皇戰斧×1 ＋ 阿爾卡迪亞記憶×10 ＝ Lv1戰斧賽格梅特,[查看](https://cg.originmood.com/NewsContent/zh_TW/mlbb_news_14474.html)
2025-01-01～2025-02-02,2025-01-01,遠古傳承的交織 賽格梅特之魂,Lv40以上的新生賽格梅特 ＋ 女皇咒鈴×1 ＋ 阿爾卡迪亞記憶×10 ＝ Lv1咒師賽格梅特,[查看](https://cg.originmood.com/NewsContent/zh_TW/mlbb_news_14474.html)
2025-01-01～2025-02-02,2025-01-01,遠古傳承的交織 賽格梅特之魂,任意等級的騎士賽格梅特 ＋ 閃耀變異之源×10 ＋ 阿爾卡迪亞記憶×30 ＝ / ├ Lv1聖咒賽格梅特（概率95%） / └ Lv1的女皇賽格梅特（概率5%）,[查看](https://cg.originmood.com/NewsContent/zh_TW/mlbb_news_14474.html)
2025-01-01～2025-02-02,2025-01-01,遠古傳承的交織 賽格梅特之魂,任意等級的格鬥家賽格梅特 ＋ 閃耀變異之源×10 ＋ 阿爾卡迪亞記憶×30 ＝ / ├ Lv1聖鬥賽格梅特（概率95%） / └ Lv1的女皇賽格梅特（概率5%）,[查看](https://cg.originmood.com/NewsContent/zh_TW/mlbb_news_14474.html)
2025-01-01～2025-02-02,2025-01-01,遠古傳承的交織 賽格梅特之魂,任意等級的戰斧賽格梅特 ＋ 閃耀變異之源×10 ＋ 阿爾卡迪亞記憶×30 ＝ / ├ Lv1的聖斧賽格梅特（概率95%） / └ Lv1的女皇賽格梅特（概率5%）,[查看](https://cg.originmood.com/NewsContent/zh_TW/mlbb_news_14474.html)
2025-01-01～2025-02-02,2025-01-01,遠古傳承的交織 賽格梅特之魂,任意等級的弓箭手賽格梅特 ＋ 閃耀變異之源×10 ＋ 阿爾卡迪亞記憶×30 ＝ / ├ Lv1聖弓賽格梅特（概率95%） / └ Lv1的女皇賽格梅特（概率5%）,[查看](https://cg.originmood.com/NewsContent/zh_TW/mlbb_news_14474.html)
2025-01-01～2025-02-02,2025-01-01,遠古傳承的交織 賽格梅特之魂,任意等級的咒師賽格梅特 ＋ 閃耀變異之源×10 ＋ 阿爾卡迪亞記憶×30 ＝ / ├ Lv1聖騎賽格梅特（概率95%） / └ Lv1的女皇賽格梅特（概率5%）,[查看](https://cg.originmood.com/NewsContent/zh_TW/mlbb_news_14474.html)
2025-01-01～2025-02-02,2025-01-01,遠古傳承的交織 賽格梅特之魂,任意等級的劍士賽格梅特 ＋ 閃耀變異之源×10 ＋ 阿爾卡迪亞記憶×30 ＝ / ├ Lv1聖劍賽格梅特（概率95%） / └ Lv1的女皇賽格梅特（概率5%）,[查看](https://cg.originmood.com/NewsContent/zh_TW/mlbb_news_14474.html)
未載明（公告日 2024-11-22）,2024-11-22,惡魔龍骨狂舞 感恩節大挑戰,"Lv1幼年聖金龍骨 ＋ 聖金魔紋基因×3 ＋ 閃耀變異之源×10 ＋ 精靈王契約×100 ＋ 金幣100,000G ＝ 聖金龍骨",[查看](https://cg.originmood.com/NewsContent/zh_TW/mlbb_news_14254.html)
未載明（公告日 2024-11-22）,2024-11-22,惡魔龍骨狂舞 感恩節大挑戰,"Lv1幼年岩帝龍骨 ＋ 岩帝魔紋基因×3 ＋ 閃耀變異之源×10 ＋ 精靈王契約×100 ＋ 金幣100,000G ＝ 岩帝龍骨",[查看](https://cg.originmood.com/NewsContent/zh_TW/mlbb_news_14254.html)
未載明（公告日 2024-11-22）,2024-11-22,惡魔龍骨狂舞 感恩節大挑戰,Lv1仙靈 ＋ 變異之源×3 ＋ 逐月石×10 ＋ 精靈王契約×100 ＝ 逐月仙靈,[查看](https://cg.originmood.com/NewsContent/zh_TW/mlbb_news_14254.html)
未載明（公告日 2024-11-22）,2024-11-22,惡魔龍骨狂舞 感恩節大挑戰,Lv1仙靈 ＋ 變異之源×3 ＋ 星輝石×10 ＋ 精靈王契約×100 ＝ 星輝仙靈,[查看](https://cg.originmood.com/NewsContent/zh_TW/mlbb_news_14254.html)
2024-10-24～2024-11-07,2024-10-24,午夜狂歡 萬鬼夜行,任意等級的鐮刀魔 ＋ 鐮刀魔設計圖ABCDE×1 ＝ Lv1改造鐮刀魔,[查看](https://cg.originmood.com/NewsContent/zh_TW/mlbb_news_14144.html)
2024-10-24～2024-11-07,2024-10-24,午夜狂歡 萬鬼夜行,任意等級的暗黑僧侶 ＋ 暗黑僧侶設計圖ABCDE×1 ＝ Lv1改造暗黑僧侶,[查看](https://cg.originmood.com/NewsContent/zh_TW/mlbb_news_14144.html)
2024-10-24～2024-11-07,2024-10-24,午夜狂歡 萬鬼夜行,任意等級的斬首者 ＋ 斬首者設計圖ABCDE×1 ＝ Lv1改造斬首者,[查看](https://cg.originmood.com/NewsContent/zh_TW/mlbb_news_14144.html)
2024-10-24～2024-11-07,2024-10-24,午夜狂歡 萬鬼夜行,任意等級的冥界死神 ＋ 冥界死神設計圖ABCDE×1 ＝ Lv1改造冥界死神,[查看](https://cg.originmood.com/NewsContent/zh_TW/mlbb_news_14144.html)
2024-10-10～2024-10-17,2024-10-10,夢魘降臨 解秘惡魔的呢喃,"Lv1的夢之惡魔 ＋ 惡魔之力×1 ＋ 閃耀變異之源×10 ＋ 金幣50,000G ＝ / ├ Lv1的夢之惡魔（概率95%） / └ Lv1的惡魔女帝（概率5%）",[查看](https://cg.originmood.com/NewsContent/zh_TW/mlbb_news_14084.html)
2024-09-12～2024-09-26,2024-09-12,中秋月下會嫦娥 月宮奇遇結仙緣,"Lv100以上的黃金樹精 ＋ 變異之源×3 ＋ 黃金樹根×10 ＋ 精靈王契約×100 ＋ 金幣100,000G ＝ Lv1黃金樹靈",[查看](https://cg.originmood.com/NewsContent/zh_TW/mlbb_news_13934.html)
2024-09-09～2024-10-10,2024-09-06,召喚風暴軍團 掌控疾風之力,Lv1的兵長馬里諾 ＋ 風暴魂晶×188 ＝ / ├ Lv1的風暴軍團長武魂（概率5%） / ├ Lv1的風暴軍團長魔魂（概率5%） / └ Lv1的兵長馬里諾（概率90%）,[查看](https://cg.originmood.com/NewsContent/zh_TW/mlbb_news_13904.html)
未載明（公告日 2024-08-29）,2024-08-29,麗夏村的騷亂 隱密的魅影惡魔,"Lv1的魅之惡魔 ＋ 惡魔之力×1 ＋ 閃耀變異之源×10 ＋ 金幣50,000G ＝ / ├ Lv1的魅之惡魔（概率95%） / └ Lv1的惡魔女帝（概率5%）",[查看](https://cg.originmood.com/NewsContent/zh_TW/mlbb_news_13884.html)
2024-08-15～2024-08-29,2024-08-15,中元節驚悚來襲 魔女妮可的低語,"Lv1的死靈 ＋ 死靈精華×1 ＋ 變異之源×10 ＋ 金幣50,000G ＝ / ├ Lv1的死靈（概率90%） / └ Lv1的魔道死靈（概率10%）",[查看](https://cg.originmood.com/NewsContent/zh_TW/mlbb_news_13784.html)
2024-08-08～2024-09-09,2024-08-08,《魔力寶貝》23週年慶最終彈,Lv1的依格羅斯 ＋ 神聖之羽×188 ＝ / ├ Lv1的依格羅斯（概率90%） / ├ Lv1的神聖天使（概率5%） / └ Lv1的時雨天（概率5%）,[查看](https://cg.originmood.com/NewsContent/zh_TW/mlbb_news_13744.html)
2024-07-18～2024-08-15,2024-07-17,魔力寶貝23週年慶第一彈正式開啟,Lv100以上的虛弱的雷霆詛咒者 ＋ 詛咒之鈴（雷）×1 ＋ 幽冥之火×50 ＝ Lv1雷霆詛咒者,[查看](https://cg.originmood.com/NewsContent/zh_TW/mlbb_news_13624.html)
2024-07-18～2024-08-15,2024-07-17,魔力寶貝23週年慶第一彈正式開啟,Lv100以上的虛弱的火焰詛咒者 ＋ 詛咒之鈴（火）×1 ＋ 幽冥之火×50 ＝ Lv1火焰詛咒者,[查看](https://cg.originmood.com/NewsContent/zh_TW/mlbb_news_13624.html)
2024-07-18～2024-08-15,2024-07-17,魔力寶貝23週年慶第一彈正式開啟,Lv100以上的虛弱的寒冰詛咒者 ＋ 詛咒之鈴（水）×1 ＋ 幽冥之火×50 ＝ Lv1寒冰詛咒者,[查看](https://cg.originmood.com/NewsContent/zh_TW/mlbb_news_13624.html)
2024-07-18～2024-08-15,2024-07-17,魔力寶貝23週年慶第一彈正式開啟,Lv100以上的虛弱的大地詛咒者 ＋ 詛咒之鈴（地）×1 ＋ 幽冥之火×50 ＝ Lv1大地詛咒者,[查看](https://cg.originmood.com/NewsContent/zh_TW/mlbb_news_13624.html)
2024-07-18～2024-08-01,2024-07-17,魔力寶貝23週年慶第一彈正式開啟,"Lv1的幻之惡魔 ＋ 惡魔之力×1 ＋ 閃耀變異之源×10 ＋ 金幣50,000G ＝ / ├ Lv1的幻之惡魔（概率95%） / └ Lv1的惡魔女帝（概率5%）",[查看](https://cg.originmood.com/NewsContent/zh_TW/mlbb_news_13624.html)
未載明（公告日 2024-07-05）,2024-07-05,改造藝術的巔峰 黑暗奇美拉登場,Lv1的阿魯巴斯試做體 ＋ 奇美拉試做基因×888 ＝ Lv1的艾克尼奇美拉,[查看](https://cg.originmood.com/NewsContent/zh_TW/mlbb_news_13544.html)
2024-06-20～2024-07-04,2024-06-19,玩轉小任務 轉盤樂翻天,"彼特設計圖A-E ＋ 金幣50,000G ＝ lv1彼特",[查看](https://cg.originmood.com/NewsContent/zh_TW/mlbb_news_13394.html)
2024-06-20～2024-07-04,2024-06-19,玩轉小任務 轉盤樂翻天,"lv1殺人螳螂 ＋ 變異之源×3 ＋ 地獄魔炎花×10 ＋ 精靈王契約×100 ＋ 金幣100,000G ＝ lv1地獄殺人螳螂",[查看](https://cg.originmood.com/NewsContent/zh_TW/mlbb_news_13394.html)
2024-06-20～2024-07-04,2024-06-19,玩轉小任務 轉盤樂翻天,"lv1戰錘魔偶 ＋ 變異之源×3 ＋ 審判之鐮×10 ＋ 精靈王契約×50 ＋ 金幣100,000G ＝ lv1審判魔靈",[查看](https://cg.originmood.com/NewsContent/zh_TW/mlbb_news_13394.html)
未載明（公告日 2024-06-06）,2024-06-06,歸來的王者 煉獄軍團長登場,"烏莉兒設計圖A-E ＋ 金幣50,000G ＝ lv1烏莉兒",[查看](https://cg.originmood.com/NewsContent/zh_TW/mlbb_news_13264.html)
未載明（公告日 2024-06-06）,2024-06-06,歸來的王者 煉獄軍團長登場,"lv1火焰翼龍 ＋ 火焰翼龍設計圖A-E ＋ 金幣50,000G ＝ lv1改造火焰翼龍",[查看](https://cg.originmood.com/NewsContent/zh_TW/mlbb_news_13264.html)
未載明（公告日 2024-06-06）,2024-06-06,歸來的王者 煉獄軍團長登場,"lv1殺人蜂 ＋ 殺人蜂設計圖A-E ＋ 金幣50,000G ＝ lv1改造殺人蜂",[查看](https://cg.originmood.com/NewsContent/zh_TW/mlbb_news_13264.html)
未載明（公告日 2024-06-06）,2024-06-06,歸來的王者 煉獄軍團長登場,"lv1布丁史萊姆 ＋ 布丁史萊姆設計圖A-E ＋ 金幣50,000G ＝ lv1改造布丁史萊姆",[查看](https://cg.originmood.com/NewsContent/zh_TW/mlbb_news_13264.html)
未載明（公告日 2024-06-06）,2024-06-06,歸來的王者 煉獄軍團長登場,"lv1山賊 ＋ 山賊設計圖A-E ＋ 金幣50,000G ＝ lv1山賊王",[查看](https://cg.originmood.com/NewsContent/zh_TW/mlbb_news_13264.html)
未載明（公告日 2024-06-06）,2024-06-06,歸來的王者 煉獄軍團長登場,"lv1墮天使 ＋ 墮天使設計圖A-E ＋ 金幣50,000G ＝ lv1改造墮天使",[查看](https://cg.originmood.com/NewsContent/zh_TW/mlbb_news_13264.html)
未載明（公告日 2024-06-06）,2024-06-06,歸來的王者 煉獄軍團長登場,Lv1的猩紅騎士 ＋ 鋼鐵之心×888 ＝ Lv1的煉獄軍團長,[查看](https://cg.originmood.com/NewsContent/zh_TW/mlbb_news_13264.html)
未載明（公告日 2024-05-23）,2024-05-23,《魔力寶貝：永恆初心》三週年活動最終彈,"lv1迷你石像怪 ＋ 迷你石像怪設計圖A ＋ 迷你石像怪設計圖B ＋ 迷你石像怪設計圖C ＋ 迷你石像怪設計圖D ＋ 迷你石像怪設計圖E ＋ 金幣50,000G ＝ lv1改造迷你石像怪",[查看](https://cg.originmood.com/NewsContent/zh_TW/mlbb_news_13104.html)
未載明（公告日 2024-05-23）,2024-05-23,《魔力寶貝：永恆初心》三週年活動最終彈,"lv1赤熊 ＋ 赤熊設計圖A ＋ 赤熊設計圖B ＋ 赤熊設計圖C ＋ 赤熊設計圖D ＋ 赤熊設計圖E ＋ 金幣50,000G ＝ lv1改造赤熊",[查看](https://cg.originmood.com/NewsContent/zh_TW/mlbb_news_13104.html)
未載明（公告日 2024-05-23）,2024-05-23,《魔力寶貝：永恆初心》三週年活動最終彈,"lv1貓妖 ＋ 貓妖設計圖A ＋ 貓妖設計圖B ＋ 貓妖設計圖C ＋ 貓妖設計圖D ＋ 貓妖設計圖E ＋ 金幣50,000G ＝ lv1改造貓妖",[查看](https://cg.originmood.com/NewsContent/zh_TW/mlbb_news_13104.html)
未載明（公告日 2024-05-23）,2024-05-23,《魔力寶貝：永恆初心》三週年活動最終彈,"lv1水藍菇 ＋ 水藍菇設計圖A ＋ 水藍菇設計圖B ＋ 水藍菇設計圖C ＋ 水藍菇設計圖D ＋ 水藍菇設計圖E ＋ 金幣50,000G ＝ lv1改造水藍菇",[查看](https://cg.originmood.com/NewsContent/zh_TW/mlbb_news_13104.html)
未載明（公告日 2024-05-23）,2024-05-23,《魔力寶貝：永恆初心》三週年活動最終彈,"lv1地獄骷髏 ＋ 地獄骷髏設計圖A ＋ 地獄骷髏設計圖B ＋ 地獄骷髏設計圖C ＋ 地獄骷髏設計圖D ＋ 地獄骷髏設計圖E ＋ 金幣50,000G ＝ lv1改造地獄骷髏",[查看](https://cg.originmood.com/NewsContent/zh_TW/mlbb_news_13104.html)
2024-05-02～2024-05-30,2024-05-02,《魔力寶貝：永恆初心》三週年活動盛大開啟,純白雛龍 ＋ 碧空寶珠×1 ＋ 影獸的果實×10 ＝ Lv1的碧空幼龍,[查看](https://cg.originmood.com/NewsContent/zh_TW/mlbb_news_12864.html)
2024-05-02～2024-05-30,2024-05-02,《魔力寶貝：永恆初心》三週年活動盛大開啟,Lv100碧空幼龍 ＋ 碧空寶珠×1 ＋ 影獸的果實×50 ＝ Lv1的碧空飛龍,[查看](https://cg.originmood.com/NewsContent/zh_TW/mlbb_news_12864.html)
未載明（公告日 2024-04-04）,2024-04-04,古代沙漠傳說 埃及三頭龍復生,Lv1的埃及三頭龍 ＋ 冥府血脈×888 ＝ / ├ Lv1埃及冥龍:卡洛斯（概率33%） / ├ Lv1埃及冥龍：海因茨（概率33%） / └ Lv1埃及冥龍：索爾格（概率34%）,[查看](https://cg.originmood.com/NewsContent/zh_TW/mlbb_news_12184.html)
未載明（公告日 2024-03-21）,2024-03-21,開拓新大陸 櫻花樹精綁架事件,Lv1櫻花冰冷樹精 ＋ 變異之源×3 ＋ 櫻花魔枝×10 ＋ 精靈王契約×50 ＝ 櫻花冰冷樹精長老,[查看](https://cg.originmood.com/NewsContent/zh_TW/mlbb_news_11964.html)
未載明（公告日 2024-03-21）,2024-03-21,開拓新大陸 櫻花樹精綁架事件,Lv100的冰冷樹精 ＋ 變異之源×3 ＋ 櫻花培養液×10 ＋ 精靈王契約×50 ＝ 櫻花冰冷樹精,[查看](https://cg.originmood.com/NewsContent/zh_TW/mlbb_news_11964.html)
未載明（公告日 2024-03-07）,2024-03-07,決鬥絕望之森 掌控雷霆的魔王,Lv1蒼蠅王 ＋ 變異之源×3 ＋ 碧電能量×10 ＋ 精靈王契約×50 ＝ 別西卜,[查看](https://cg.originmood.com/NewsContent/zh_TW/mlbb_news_11824.html)
未載明（公告日 2024-03-07）,2024-03-07,決鬥絕望之森 掌控雷霆的魔王,Lv100以上穴龍 ＋ 變異之源×3 ＋ 黃電能量×10 ＋ 精靈王契約×50 ＝ 雷鳴穴龍,[查看](https://cg.originmood.com/NewsContent/zh_TW/mlbb_news_11824.html)
未載明（公告日 2024-03-01）,2024-03-01,引領正義的使命 貝尼恰斯教團,Lv1的寒冰巨龍 ＋ 聖龍之契×888 ＝ Lv1寒冰龍王,[查看](https://cg.originmood.com/NewsContent/zh_TW/mlbb_news_11804.html)
未載明（公告日 2024-03-01）,2024-03-01,引領正義的使命 貝尼恰斯教團,Lv1百合少女 ＋ 百合之花×1 ＝ Lv1百合少女,[查看](https://cg.originmood.com/NewsContent/zh_TW/mlbb_news_11804.html)
未載明（公告日 2024-03-01）,2024-03-01,引領正義的使命 貝尼恰斯教團,Lv1白銀騎士 ＋ 白銀之心×1 ＝ Lv1白銀騎士,[查看](https://cg.originmood.com/NewsContent/zh_TW/mlbb_news_11804.html)
未載明（公告日 2024-02-21）,2024-02-21,元宵情人節 探尋天空城,丘比特 ＋ 愛神丘比特設計圖A×1 ＋ 愛神丘比特設計圖B×1 ＋ 愛神丘比特設計圖C×1 ＋ 愛神丘比特設計圖D×1 ＋ 愛神丘比特設計圖E×1 ＝ 愛神丘比特,[查看](https://cg.originmood.com/NewsContent/zh_TW/mlbb_news_11704.html)
未載明（公告日 2024-02-07）,2024-02-07,辰龍賜福 結締龍族羈絆,Lv1紅蓮法師 ＋ 辰龍之力×5 ＝ / ├ Lv1紅蓮法師（概率95%） / └ Lv1辰龍神使紅蓮（概率5%）,[查看](https://cg.originmood.com/NewsContent/zh_TW/mlbb_news_11634.html)
未載明（公告日 2024-02-07）,2024-02-07,辰龍賜福 結締龍族羈絆,Lv1紅炎巨龍 ＋ 辰龍之力×5 ＝ / ├ Lv1紅炎巨龍（概率95%） / └ Lv1辰龍紅炎（概率5%）,[查看](https://cg.originmood.com/NewsContent/zh_TW/mlbb_news_11634.html)
未載明（公告日 2024-02-07）,2024-02-07,辰龍賜福 結締龍族羈絆,任意等級的辰龍紅炎 ＋ 轉生辰願×1 ＝ Lv1紅炎巨龍,[查看](https://cg.originmood.com/NewsContent/zh_TW/mlbb_news_11634.html)
未載明（公告日 2024-02-07）,2024-02-07,辰龍賜福 結締龍族羈絆,任意等級的辰龍神使紅蓮 ＋ 轉生辰願×1 ＝ Lv1紅蓮,[查看](https://cg.originmood.com/NewsContent/zh_TW/mlbb_news_11634.html)
未載明（公告日 2024-02-07）,2024-02-07,辰龍賜福 結締龍族羈絆,Lv1紅蓮 ＋ 紅蓮設計圖ABCDE×1 ＝ Lv1紅蓮法師,[查看](https://cg.originmood.com/NewsContent/zh_TW/mlbb_news_11634.html)
2024-02-01～2024-02-29,2024-02-01,迎新回歸活動,Lv1白豬寶寶 ＋ 純白精華×100 ＝ Lv1白豬太郎,[查看](https://cg.originmood.com/NewsContent/zh_TW/mlbb_news_11604.html)
2024-02-01～2024-02-29,2024-02-01,迎新回歸活動,Lv1白豬太郎 ＋ 純白精華×100 ＝ / ├ Lv1純白豬王（概率5%） / └ Lv1白豬太郎（概率95%）,[查看](https://cg.originmood.com/NewsContent/zh_TW/mlbb_news_11604.html)
未載明（公告日 2024-02-01）,2024-02-01,新春遇神龍 龍寶大救援,Lv1龍寶 ＋ 小神龍之力×388 ＝ 水龍寶,[查看](https://cg.originmood.com/NewsContent/zh_TW/mlbb_news_11584.html)
未載明（公告日 2024-02-01）,2024-02-01,新春遇神龍 龍寶大救援,Lv1風龍寶 ＋ 小神龍之力×2888 ＝ 小神龍,[查看](https://cg.originmood.com/NewsContent/zh_TW/mlbb_news_11584.html)
未載明（公告日 2024-02-01）,2024-02-01,新春遇神龍 龍寶大救援,Lv1炎龍寶 ＋ 小神龍之力×1688 ＝ 風龍寶,[查看](https://cg.originmood.com/NewsContent/zh_TW/mlbb_news_11584.html)
未載明（公告日 2024-02-01）,2024-02-01,新春遇神龍 龍寶大救援,Lv1水龍寶 ＋ 小神龍之力×888 ＝ 炎龍寶,[查看](https://cg.originmood.com/NewsContent/zh_TW/mlbb_news_11584.html)
未載明（公告日 2024-02-01）,2024-02-01,新春遇神龍 龍寶大救援,Lv1小神龍 ＋ 小神龍之力×3888 ＋ 衝浪神木×1 ＝ / ├ 衝浪小神龍（概率50%） / └ 衝浪小魔龍（概率50%）,[查看](https://cg.originmood.com/NewsContent/zh_TW/mlbb_news_11584.html)
2024-01-18～2024-02-01,2024-01-18,海巨獸之影 金鱗龍魚來襲,"Lv1鸚鵡綠螺 ＋ 變異之源×3 ＋ 烏賊進化液×10 ＋ 精靈王契約×10 ＋ 金幣100,000G ＝ Lv1西比亞烏賊",[查看](https://cg.originmood.com/NewsContent/zh_TW/mlbb_news_11534.html)
未載明（公告日 2024-01-04）,2024-01-04,聖誕花環會 相遇帝王獅,Lv1雪獅 ＋ 變異之源×3 ＋ 暴雪花×10 ＋ 精靈王契約×50 ＝ 暴雪魔獸,[查看](https://cg.originmood.com/NewsContent/zh_TW/mlbb_news_11014.html)
未載明（公告日 2024-01-04）,2024-01-04,聖誕花環會 相遇帝王獅,Lv1鐵獅 ＋ 變異之源×3 ＋ 赤焰花×10 ＋ 精靈王契約×50 ＝ 赤焰獅王,[查看](https://cg.originmood.com/NewsContent/zh_TW/mlbb_news_11014.html)
未載明（公告日 2024-01-04）,2024-01-04,聖誕花環會 相遇帝王獅,Lv1銅獅 ＋ 變異之源×3 ＋ 黃金花×10 ＋ 精靈王契約×50 ＝ 黃金帝獅,[查看](https://cg.originmood.com/NewsContent/zh_TW/mlbb_news_11014.html)
未載明（公告日 2024-01-04）,2024-01-04,聖誕花環會 相遇帝王獅,Lv1月獅 ＋ 變異之源×3 ＋ 蝕月花×10 ＋ 精靈王契約×50 ＝ 蝕月炎獸,[查看](https://cg.originmood.com/NewsContent/zh_TW/mlbb_news_11014.html)
2024-01-01～2024-02-02,2023-12-28,女帝降臨 阿爾卡迪亞登場,任意等級的魔法師阿爾卡迪亞 ＋ 閃耀變異之源×10 ＋ 阿爾卡迪亞記憶×30 ＝ / ├ Lv1魔魂阿爾卡迪亞（概率95%） / └ Lv1女帝阿爾卡迪亞（概率5%）,[查看](https://cg.originmood.com/NewsContent/zh_TW/mlbb_news_10894.html)
2024-01-01～2024-02-02,2023-12-28,女帝降臨 阿爾卡迪亞登場,任意等級的格鬥家阿爾卡迪亞 ＋ 閃耀變異之源×10 ＋ 阿爾卡迪亞記憶×30 ＝ / ├ Lv1鬥魂阿爾卡迪亞（概率95%） / └ Lv1女帝阿爾卡迪亞（概率5%）,[查看](https://cg.originmood.com/NewsContent/zh_TW/mlbb_news_10894.html)
2024-01-01～2024-02-02,2023-12-28,女帝降臨 阿爾卡迪亞登場,任意等級的戰斧阿爾卡迪亞 ＋ 閃耀變異之源×10 ＋ 阿爾卡迪亞記憶×30 ＝ / ├ Lv1戰魂阿爾卡迪亞（概率95%） / └ Lv1女帝阿爾卡迪亞（概率5%）,[查看](https://cg.originmood.com/NewsContent/zh_TW/mlbb_news_10894.html)
2024-01-01～2024-02-02,2023-12-28,女帝降臨 阿爾卡迪亞登場,任意等級的弓箭手阿爾卡迪亞 ＋ 閃耀變異之源×10 ＋ 阿爾卡迪亞記憶×30 ＝ / ├ Lv1技魂阿爾卡迪亞（概率95%） / └ Lv1女帝阿爾卡迪亞（概率5%）,[查看](https://cg.originmood.com/NewsContent/zh_TW/mlbb_news_10894.html)
2024-01-01～2024-02-02,2023-12-28,女帝降臨 阿爾卡迪亞登場,任意等級的咒術師阿爾卡迪亞 ＋ 閃耀變異之源×10 ＋ 阿爾卡迪亞記憶×30 ＝ / ├ Lv1靈魂阿爾卡迪亞（概率95%） / └ Lv1女帝阿爾卡迪亞（概率5%）,[查看](https://cg.originmood.com/NewsContent/zh_TW/mlbb_news_10894.html)
2024-01-01～2024-02-02,2023-12-28,女帝降臨 阿爾卡迪亞登場,任意等級的劍士阿爾卡迪亞 ＋ 閃耀變異之源×10 ＋ 阿爾卡迪亞記憶×30 ＝ / ├ Lv1武魂阿爾卡迪亞（概率95%） / └ Lv1女帝阿爾卡迪亞（概率5%）,[查看](https://cg.originmood.com/NewsContent/zh_TW/mlbb_news_10894.html)
2024-01-01～2024-02-02,2023-12-28,女帝降臨 阿爾卡迪亞登場,Lv40以上的新生阿爾卡迪亞 ＋ 女帝魔杖×1 ＋ 阿爾卡迪亞記憶×10 ＝ Lv1魔法師阿爾卡迪亞,[查看](https://cg.originmood.com/NewsContent/zh_TW/mlbb_news_10894.html)
2024-01-01～2024-02-02,2023-12-28,女帝降臨 阿爾卡迪亞登場,Lv40以上的新生阿爾卡迪亞 ＋ 女帝長劍×1 ＋ 阿爾卡迪亞記憶×10 ＝ Lv1劍士阿爾卡迪亞,[查看](https://cg.originmood.com/NewsContent/zh_TW/mlbb_news_10894.html)
2024-01-01～2024-02-02,2023-12-28,女帝降臨 阿爾卡迪亞登場,Lv40以上的新生阿爾卡迪亞 ＋ 女帝護腕×1 ＋ 阿爾卡迪亞記憶×10 ＝ Lv1格鬥家阿爾卡迪亞,[查看](https://cg.originmood.com/NewsContent/zh_TW/mlbb_news_10894.html)
2024-01-01～2024-02-02,2023-12-28,女帝降臨 阿爾卡迪亞登場,Lv40以上的新生阿爾卡迪亞 ＋ 女帝獵弓×1 ＋ 阿爾卡迪亞記憶×10 ＝ Lv1弓箭手阿爾卡迪亞,[查看](https://cg.originmood.com/NewsContent/zh_TW/mlbb_news_10894.html)
2024-01-01～2024-02-02,2023-12-28,女帝降臨 阿爾卡迪亞登場,Lv40以上的新生阿爾卡迪亞 ＋ 女帝戰斧×1 ＋ 阿爾卡迪亞記憶×10 ＝ Lv1戰斧阿爾卡迪亞,[查看](https://cg.originmood.com/NewsContent/zh_TW/mlbb_news_10894.html)
2024-01-01～2024-02-02,2023-12-28,女帝降臨 阿爾卡迪亞登場,Lv40以上的新生阿爾卡迪亞 ＋ 女帝咒鈴×1 ＋ 阿爾卡迪亞記憶×10 ＝ Lv1咒術師阿爾卡迪亞,[查看](https://cg.originmood.com/NewsContent/zh_TW/mlbb_news_10894.html)
未載明（公告日 2023-12-20）,2023-12-20,冰雪奇緣 來自聖誕的新夥伴,"Lv1的舞動花妖 ＋ 變異之源×3 ＋ 琉璃草×10 ＋ 精靈王契約×50 ＋ 金幣100,000G ＝ Lv1琉璃花妖王",[查看](https://cg.originmood.com/NewsContent/zh_TW/mlbb_news_10844.html)
未載明（公告日 2023-12-20）,2023-12-20,冰雪奇緣 來自聖誕的新夥伴,"Lv1水藍鼠 ＋ 變異之源×3 ＋ 聖誕冰雪×10 ＋ 精靈王契約×50 ＋ 金幣100,000G ＝ Lv1冰雪水藍鼠",[查看](https://cg.originmood.com/NewsContent/zh_TW/mlbb_news_10844.html)
2023-12-14～2023-01-01,2023-12-13,黑夜之影 夢魘奪魂之主,Lv1陰影 ＋ 奪魂陰影設計圖ABCDE×1 ＝ Lv1奪魂陰影,[查看](https://cg.originmood.com/NewsContent/zh_TW/mlbb_news_10804.html)
2023-12-14～2023-01-01,2023-12-13,黑夜之影 夢魘奪魂之主,Lv1闇影 ＋ 奪魂闇影設計圖ABCDE×1 ＝ Lv1奪魂闇影,[查看](https://cg.originmood.com/NewsContent/zh_TW/mlbb_news_10804.html)
2023-12-14～2023-01-01,2023-12-13,黑夜之影 夢魘奪魂之主,Lv1奪魂陰影 ＋ 奪魂晶礦×1 ＝ / ├ Lv1奪魂陰影（概率95%） / └ Lv1奪魂陰影之主（概率5%）,[查看](https://cg.originmood.com/NewsContent/zh_TW/mlbb_news_10804.html)
2023-12-14～2023-01-01,2023-12-13,黑夜之影 夢魘奪魂之主,Lv1奪魂闇影 ＋ 奪魂晶礦×1 ＝ / ├ Lv1奪魂闇影（概率95%） / └ Lv1奪魂闇影之主（概率5%）,[查看](https://cg.originmood.com/NewsContent/zh_TW/mlbb_news_10804.html)
2023-12-14～2023-01-01,2023-12-13,黑夜之影 夢魘奪魂之主,任意等級的奪魂陰影之主 ＋ 轉生影珠×1 ＝ Lv1奪魂陰影,[查看](https://cg.originmood.com/NewsContent/zh_TW/mlbb_news_10804.html)
2023-12-14～2023-01-01,2023-12-13,黑夜之影 夢魘奪魂之主,任意等級的奪魂闇影之主 ＋ 轉生影珠×1 ＝ Lv1奪魂闇影,[查看](https://cg.originmood.com/NewsContent/zh_TW/mlbb_news_10804.html)
未載明（公告日 2023-12-06）,2023-12-06,蒼月聖域的呼喚 探尋元素秘境,"任意等級的雪兒精靈 ＋ 變異之源×3 ＋ 極寒雪兒精靈進化卡×10 ＋ 精靈王契約×50 ＋ 金幣100,000G ＝ Lv1極寒雪兒精靈",[查看](https://cg.originmood.com/NewsContent/zh_TW/mlbb_news_10764.html)
未載明（公告日 2023-12-06）,2023-12-06,蒼月聖域的呼喚 探尋元素秘境,"任意等級的聖誕精靈 ＋ 變異之源×3 ＋ 銀雪聖誕精靈進化卡×10 ＋ 精靈王契約×50 ＋ 金幣100,000G ＝ Lv1銀雪聖誕精靈",[查看](https://cg.originmood.com/NewsContent/zh_TW/mlbb_news_10764.html)
未載明（公告日 2023-12-06）,2023-12-06,蒼月聖域的呼喚 探尋元素秘境,"任意等級的絲諾精靈 ＋ 變異之源×3 ＋ 寒晶絲諾精靈進化卡×10 ＋ 精靈王契約×50 ＋ 金幣100,000G ＝ Lv1寒晶絲諾精靈",[查看](https://cg.originmood.com/NewsContent/zh_TW/mlbb_news_10764.html)
未載明（公告日 2023-12-06）,2023-12-06,蒼月聖域的呼喚 探尋元素秘境,"任意等級的愛絲精靈 ＋ 變異之源×3 ＋ 冰雪愛絲精靈進化卡×10 ＋ 精靈王契約×50 ＋ 金幣100,000G ＝ Lv1冰雪愛絲精靈",[查看](https://cg.originmood.com/NewsContent/zh_TW/mlbb_news_10764.html)
未載明（公告日 2023-11-23）,2023-11-23,挑戰星辰塔 鍛造傳奇套裝,"Lv1魔術地雷 ＋ 變異之源×3 ＋ 魔術核心×10 ＋ 精靈王契約×50 ＋ 金幣100,000G ＝ Lv1魔術機甲ROX",[查看](https://cg.originmood.com/NewsContent/zh_TW/mlbb_news_10704.html)
未載明（公告日 2023-11-23）,2023-11-23,挑戰星辰塔 鍛造傳奇套裝,"Lv1闇影地雷 ＋ 變異之源×3 ＋ 闇影核心×10 ＋ 精靈王契約×50 ＋ 金幣100,000G ＝ Lv1闇影機甲NXT",[查看](https://cg.originmood.com/NewsContent/zh_TW/mlbb_news_10704.html)
未載明（公告日 2023-11-23）,2023-11-23,挑戰星辰塔 鍛造傳奇套裝,"Lv1閃光地雷 ＋ 變異之源×3 ＋ 閃光核心×10 ＋ 精靈王契約×50 ＋ 金幣100,000G ＝ Lv1閃光機甲AEX",[查看](https://cg.originmood.com/NewsContent/zh_TW/mlbb_news_10704.html)
未載明（公告日 2023-11-23）,2023-11-23,挑戰星辰塔 鍛造傳奇套裝,"Lv1強襲地雷 ＋ 變異之源×3 ＋ 強襲核心×10 ＋ 精靈王契約×50 ＋ 金幣100,000G ＝ Lv1強襲機甲LMX",[查看](https://cg.originmood.com/NewsContent/zh_TW/mlbb_news_10704.html)
2023-11-11～2023-12-12,2023-11-10,刀客之志 狂魔與少年,Lv1劍次 ＋ 刀客劍次設計圖ABCDE×1 ＝ Lv1刀客劍次,[查看](https://cg.originmood.com/NewsContent/zh_TW/mlbb_news_10564.html)
2023-11-11～2023-12-12,2023-11-10,刀客之志 狂魔與少年,任意等級的狂魔劍次 ＋ 轉生刀魄×1 ＝ Lv1刀客劍次,[查看](https://cg.originmood.com/NewsContent/zh_TW/mlbb_news_10564.html)
2023-11-11～2023-12-12,2023-11-10,刀客之志 狂魔與少年,Lv1刀客劍次 ＋ 狂魔刀譜×1 ＝ / ├ Lv1刀客劍次（概率95%） / └ Lv1狂魔劍次（概率5%）,[查看](https://cg.originmood.com/NewsContent/zh_TW/mlbb_news_10564.html)
2023-11-09～2023-12-28,2023-11-09,新職業登場！無雙刀客參上,任意等級的牛丸 ＋ 變異之源×10 ＋ 精靈王契約×10 ＝ / ├ Lv1牛丸（概率98%） / └ Lv1牛鬼丸（概率2%）,[查看](https://cg.originmood.com/NewsContent/zh_TW/mlbb_news_10534.html)
2023-11-09～2023-11-23,2023-11-09,新職業登場！無雙刀客參上,"任意等級的血腥魔刃 ＋ 閃耀變異之源×3 ＋ 流刃鍛刀石×10 ＋ 精靈王契約×50 ＋ 金幣100,000G ＝ Lv1血腥流刃",[查看](https://cg.originmood.com/NewsContent/zh_TW/mlbb_news_10534.html)
2023-11-09～2023-11-23,2023-11-09,新職業登場！無雙刀客參上,"任意等級的石像魔王 ＋ 閃耀變異之源×3 ＋ 石像魔王塊×10 ＋ 精靈王契約×50 ＋ 金幣100,000G ＝ Lv1深淵石像魔王",[查看](https://cg.originmood.com/NewsContent/zh_TW/mlbb_news_10534.html)
2023-11-09～2023-11-23,2023-11-09,新職業登場！無雙刀客參上,"Lv1的殺龍之刃 ＋ 變異之源×3 ＋ 逆刃鍛刀石×10 ＋ 精靈王契約×50 ＋ 金幣100,000G ＝ Lv1殺龍逆刃",[查看](https://cg.originmood.com/NewsContent/zh_TW/mlbb_news_10534.html)
未載明（公告日 2023-10-25）,2023-10-25,萬聖狂欢 百魅之夜,任意等級的鐮刀魔 ＋ 鐮刀魔設計圖ABCDE×1 ＝ Lv1改造鐮刀魔,[查看](https://cg.originmood.com/NewsContent/zh_TW/mlbb_news_10474.html)
未載明（公告日 2023-10-25）,2023-10-25,萬聖狂欢 百魅之夜,任意等級的暗黑僧侶 ＋ 暗黑僧侶設計圖ABCDE×1 ＝ Lv1改造暗黑僧侶,[查看](https://cg.originmood.com/NewsContent/zh_TW/mlbb_news_10474.html)
未載明（公告日 2023-10-25）,2023-10-25,萬聖狂欢 百魅之夜,任意等級的斬首者 ＋ 斬首者設計圖ABCDE×1 ＝ Lv1改造斬首者,[查看](https://cg.originmood.com/NewsContent/zh_TW/mlbb_news_10474.html)
未載明（公告日 2023-10-25）,2023-10-25,萬聖狂欢 百魅之夜,任意等級的冥界死神 ＋ 冥界死神設計圖ABCDE×1 ＝ Lv1改造冥界死神,[查看](https://cg.originmood.com/NewsContent/zh_TW/mlbb_news_10474.html)
2023-10-10～2023-11-11,2023-10-09,劍之侍魂 武魂狂人,Lv1武士和馬 ＋ 侍魂之證×1 ＝ / ├ Lv1武士和馬（概率95%） / └ Lv1侍魂和馬（概率5%）,[查看](https://cg.originmood.com/NewsContent/zh_TW/mlbb_news_10404.html)
2023-10-10～2023-11-11,2023-10-09,劍之侍魂 武魂狂人,Lv1和馬 ＋ 武士和馬設計圖ABCDE×1 ＝ Lv1武士和馬,[查看](https://cg.originmood.com/NewsContent/zh_TW/mlbb_news_10404.html)
2023-10-10～2023-11-11,2023-10-09,劍之侍魂 武魂狂人,任意等級的侍魂和馬 ＋ 轉生武魂×1 ＝ Lv1武士和馬,[查看](https://cg.originmood.com/NewsContent/zh_TW/mlbb_news_10404.html)
未載明（公告日 2023-09-22）,2023-09-22,嫦娥公主伴佳節 飛仙奔月共團圓（秘寶8折特惠！）,"任意等級的風月之靈 ＋ 變異之源×3 ＋ 月靈花×10 ＋ 精靈王契約×50 ＋ 金幣100,000G ＝ Lv1風月公主",[查看](https://cg.originmood.com/NewsContent/zh_TW/mlbb_news_10334.html)
未載明（公告日 2023-09-22）,2023-09-22,嫦娥公主伴佳節 飛仙奔月共團圓（秘寶8折特惠！）,"任意等級的皎月之靈 ＋ 閃耀變異之源×3 ＋ 皎月花×10 ＋ 精靈王契約×50 ＋ 金幣100,000G ＝ Lv1皎月公主",[查看](https://cg.originmood.com/NewsContent/zh_TW/mlbb_news_10334.html)
未載明（公告日 2023-09-22）,2023-09-22,嫦娥公主伴佳節 飛仙奔月共團圓（秘寶8折特惠！）,"任意等級的猩紅之靈 ＋ 變異之源×3 ＋ 月靈花×10 ＋ 精靈王契約×50 ＋ 金幣100,000G ＝ Lv1猩紅公主",[查看](https://cg.originmood.com/NewsContent/zh_TW/mlbb_news_10334.html)
未載明（公告日 2023-09-22）,2023-09-22,嫦娥公主伴佳節 飛仙奔月共團圓（秘寶8折特惠！）,"任意等級的水月之靈 ＋ 變異之源×3 ＋ 月靈花×10 ＋ 精靈王契約×50 ＋ 金幣100,000G ＝ Lv1水月公主",[查看](https://cg.originmood.com/NewsContent/zh_TW/mlbb_news_10334.html)
未載明（公告日 2023-09-22）,2023-09-22,嫦娥公主伴佳節 飛仙奔月共團圓（秘寶8折特惠！）,"任意等級的月宮之靈 ＋ 變異之源×3 ＋ 月靈花×10 ＋ 精靈王契約×50 ＋ 金幣100,000G ＝ Lv1月宮公主",[查看](https://cg.originmood.com/NewsContent/zh_TW/mlbb_news_10334.html)
未載明（公告日 2023-09-22）,2023-09-22,嫦娥公主伴佳節 飛仙奔月共團圓（秘寶8折特惠！）,"任意等級的暗月之靈 ＋ 閃耀變異之源×3 ＋ 暗月花×10 ＋ 精靈王契約×50 ＋ 金幣100,000G ＝ Lv1暗月公主",[查看](https://cg.originmood.com/NewsContent/zh_TW/mlbb_news_10334.html)
未載明（公告日 2023-09-21）,2023-09-21,霸氣魔蛇現世 元素使限時返場,Lv1炎精靈 ＋ 火元素之卵×3 ＋ 閃耀變異之源×10 ＋ 精靈王契約×100 ＝ 烈焰元素使,[查看](https://cg.originmood.com/NewsContent/zh_TW/mlbb_news_10324.html)
未載明（公告日 2023-09-21）,2023-09-21,霸氣魔蛇現世 元素使限時返場,Lv1木精靈 ＋ 地元素之卵×3 ＋ 閃耀變異之源×10 ＋ 精靈王契約×100 ＝ 大地元素使,[查看](https://cg.originmood.com/NewsContent/zh_TW/mlbb_news_10324.html)
未載明（公告日 2023-09-21）,2023-09-21,霸氣魔蛇現世 元素使限時返場,Lv1光精靈 ＋ 風元素之卵×3 ＋ 閃耀變異之源×10 ＋ 精靈王契約×100 ＝ 天空元素使,[查看](https://cg.originmood.com/NewsContent/zh_TW/mlbb_news_10324.html)
未載明（公告日 2023-09-21）,2023-09-21,霸氣魔蛇現世 元素使限時返場,"Lv1冰精靈 ＋ 水元素之卵×3 ＋ 閃耀變異之源×10 ＋ 精靈王契約×100 ＋ 金幣50,000G ＝ Lv1海洋元素使",[查看](https://cg.originmood.com/NewsContent/zh_TW/mlbb_news_10324.html)
2023-09-09～2023-10-10,2023-09-08,開啟回憶的羈絆 白銀之魂猶大,任意等級的天啟者猶大 ＋ 轉生鎧甲×1 ＝ Lv1猶大,[查看](https://cg.originmood.com/NewsContent/zh_TW/mlbb_news_10254.html)
2023-09-09～2023-10-10,2023-09-08,開啟回憶的羈絆 白銀之魂猶大,Lv1地獄將軍 ＋ 猶大設計圖ABCDE×1 ＝ Lv1猶大,[查看](https://cg.originmood.com/NewsContent/zh_TW/mlbb_news_10254.html)
2023-09-09～2023-10-10,2023-09-08,開啟回憶的羈絆 白銀之魂猶大,Lv1的猶大 ＋ 天啟鎧甲×1 ＝ / ├ Lv1猶大（概率95%） / └ Lv1天啟者猶大（概率5%）,[查看](https://cg.originmood.com/NewsContent/zh_TW/mlbb_news_10254.html)
未載明（公告日 2023-09-08）,2023-09-08,不死的試煉 挑戰幽靈道場,"任意等級的符能青鸞 ＋ 閃耀變異之源×3 ＋ 青鸞之翼×10 ＋ 精靈王契約×50 ＋ 金幣100,000G ＝ Lv1青鸞聖鳥",[查看](https://cg.originmood.com/NewsContent/zh_TW/mlbb_news_10234.html)
未載明（公告日 2023-09-08）,2023-09-08,不死的試煉 挑戰幽靈道場,"任意等級的幽紫妖靈 ＋ 閃耀變異之源×3 ＋ 幽靈魔鏡×10 ＋ 精靈王契約×50 ＋ 金幣100,000G ＝ Lv1幽紫魔靈",[查看](https://cg.originmood.com/NewsContent/zh_TW/mlbb_news_10234.html)
未載明（公告日 2023-09-08）,2023-09-08,不死的試煉 挑戰幽靈道場,"Lv1的德魯伊之鬼 ＋ 變異之源×3 ＋ 德魯伊之血×10 ＋ 精靈王契約×50 ＋ 金幣100,000G ＝ Lv1德魯伊之魂",[查看](https://cg.originmood.com/NewsContent/zh_TW/mlbb_news_10234.html)
未載明（公告日 2023-08-24）,2023-08-24,相遇花妖王 雷霆幻獸大加強,"任意等級的雷霆幻獸 ＋ 閃耀變異之源×3 ＋ 神獸之力×10 ＋ 精靈王契約×50 ＋ 金幣100,000G ＝ Lv1雷霆神獸",[查看](https://cg.originmood.com/NewsContent/zh_TW/mlbb_news_10184.html)
未載明（公告日 2023-08-24）,2023-08-24,相遇花妖王 雷霆幻獸大加強,"任意等級的蟲毒魔蟹 ＋ 閃耀變異之源×3 ＋ 毒蟹精魄×10 ＋ 精靈王契約×50 ＋ 金幣100,000G ＝ Lv1噬魂毒蟹",[查看](https://cg.originmood.com/NewsContent/zh_TW/mlbb_news_10184.html)
未載明（公告日 2023-08-24）,2023-08-24,相遇花妖王 雷霆幻獸大加強,"Lv1散步花妖 ＋ 變異之源×3 ＋ 星綠草×10 ＋ 精靈王契約×50 ＋ 金幣100,000G ＝ Lv1星綠花妖王",[查看](https://cg.originmood.com/NewsContent/zh_TW/mlbb_news_10184.html)
未載明（公告日 2023-08-09）,2023-08-09,22週年慶最終彈,"任意等級的黃金鼠王 ＋ 變異之源×3 22週年鼠王彩帶×10 ＋ 精靈王契約×50 ＋ 金幣100,000G ＝ Lv1 22週年鼠王",[查看](https://cg.originmood.com/NewsContent/zh_TW/mlbb_news_10104.html)
未載明（公告日 2023-08-09）,2023-08-09,22週年慶最終彈,"任意等級的純白液態史萊姆 ＋ 變異之源×3 22週年史萊姆精華×10 ＋ 精靈王契約×50 ＋ 金幣100,000G ＝ Lv1 22週年液態史萊姆",[查看](https://cg.originmood.com/NewsContent/zh_TW/mlbb_news_10104.html)
未載明（公告日 2023-08-09）,2023-08-09,22週年慶最終彈,"任意等級的懷舊樹精 ＋ 變異之源×3 22週年樹精寶珠×10 ＋ 精靈王契約×50 ＋ 金幣100,000G ＝ Lv1 22週年樹精",[查看](https://cg.originmood.com/NewsContent/zh_TW/mlbb_news_10104.html)
2023-08-08～2023-09-09,2023-08-07,改造的巔峰藝術 紅翼奇美拉的崛起,Lv1布雷歐 ＋ 布雷歐設計圖ABCDE×1 ＝ Lv1改造布雷歐,[查看](https://cg.originmood.com/NewsContent/zh_TW/mlbb_news_10084.html)
2023-08-08～2023-09-09,2023-08-07,改造的巔峰藝術 紅翼奇美拉的崛起,任意等級的紅翼奇美拉 ＋ 轉生火蛋殼×1 ＝ Lv1改造布雷歐,[查看](https://cg.originmood.com/NewsContent/zh_TW/mlbb_news_10084.html)
2023-08-08～2023-09-09,2023-08-07,改造的巔峰藝術 紅翼奇美拉的崛起,任意等級的改造布雷歐 ＋ 浴火雛菊×1 ＝ / ├ Lv1改造布雷歐（概率95%） / └ Lv1紅翼奇美拉（概率5%）,[查看](https://cg.originmood.com/NewsContent/zh_TW/mlbb_news_10084.html)
未載明（公告日 2023-07-27）,2023-07-27,22週年慶第一彈,"任意等級的赤炎黃蜂 ＋ 變異之源×3 22週年黃蜂基因×10 ＋ 精靈王契約×50 ＋ 金幣100,000G ＝ Lv1 22週年黃蜂",[查看](https://cg.originmood.com/NewsContent/zh_TW/mlbb_news_9994.html)
未載明（公告日 2023-07-27）,2023-07-27,22週年慶第一彈,"任意等級的櫻花螳螂 ＋ 變異之源×3 22週年螳螂基因×10 ＋ 精靈王契約×50 ＋ 金幣100,000G ＝ Lv1 22週年螳螂",[查看](https://cg.originmood.com/NewsContent/zh_TW/mlbb_news_9994.html)
未載明（公告日 2023-07-27）,2023-07-27,22週年慶第一彈,"任意等級的暗黑水龍蜥 ＋ 變異之源×3 22週年水龍蜥基因×10 ＋ 精靈王契約×50 ＋ 金幣100,000G ＝ Lv1 22週年水龍蜥",[查看](https://cg.originmood.com/NewsContent/zh_TW/mlbb_news_9994.html)
未載明（公告日 2023-07-20）,2023-07-20,被詛咒的魔靈 神隱魔偶之謎,"Lv1巨錘魔偶 ＋ 變異之源×3 ＋ 神隱之帽×10 ＋ 精靈王契約×50 ＋ 金幣100,000G ＝ Lv1神隱魔偶",[查看](https://cg.originmood.com/NewsContent/zh_TW/mlbb_news_9954.html)
2023-07-07～2023-08-08,2023-07-07,魔族改造人 不死暗醫登場,任意等級的暗醫阿魯巴斯 ＋ 轉生手術刀×1 ＝ Lv1阿魯巴斯克隆體,[查看](https://cg.originmood.com/NewsContent/zh_TW/mlbb_news_9844.html)
2023-07-07～2023-08-08,2023-07-07,魔族改造人 不死暗醫登場,任意等級的阿魯巴斯克隆體 ＋ 超級手術刀×1 ＝ / ├ Lv1阿魯巴斯克隆體（概率95%） / └ Lv1暗醫阿魯巴斯（概率5%）,[查看](https://cg.originmood.com/NewsContent/zh_TW/mlbb_news_9844.html)
2023-07-07～2023-08-08,2023-07-07,魔族改造人 不死暗醫登場,Lv阿魯巴斯 ＋ 阿魯巴斯克隆體設計圖ABCDE×1 ＝ Lv1阿魯巴斯克隆體,[查看](https://cg.originmood.com/NewsContent/zh_TW/mlbb_news_9844.html)
未載明（公告日 2023-07-06）,2023-07-06,海洋之誓 美人魚之旅,Lv1水母霸王 ＋ 變異之源×7 ＋ 海洋變異能量塊×100 ＝ Lv1雷暴娃娃水母,[查看](https://cg.originmood.com/NewsContent/zh_TW/mlbb_news_9834.html)
未載明（公告日 2023-07-06）,2023-07-06,海洋之誓 美人魚之旅,Lv1水母霸王 ＋ 水母再生結晶×1 ＝ Lv1雷暴娃娃水母,[查看](https://cg.originmood.com/NewsContent/zh_TW/mlbb_news_9834.html)
未載明（公告日 2023-07-06）,2023-07-06,海洋之誓 美人魚之旅,"Lv1小魚仙 ＋ 變異之源×3 ＋ 琴韻徽章×10 ＋ 精靈王契約×50 ＋ 金幣100,000G ＝ Lv1琴韻海妖",[查看](https://cg.originmood.com/NewsContent/zh_TW/mlbb_news_9834.html)
未載明（公告日 2023-06-21）,2023-06-21,端午戰龍王 龍祖山激鬥,"Lv100的樹精 ＋ 古代巨櫻種子×3 ＋ 閃耀變異之源×10 ＋ 精靈王契約×100 ＋ 金幣100,000G ＝ Lv1古代巨櫻樹王",[查看](https://cg.originmood.com/NewsContent/zh_TW/mlbb_news_9754.html)
未載明（公告日 2023-06-21）,2023-06-21,端午戰龍王 龍祖山激鬥,"任意等級的暗裔龍祖 ＋ 閃耀變異之源×3 ＋ 暗裔覺醒×10 ＋ 精靈王契約×50 ＋ 金幣100,000G ＝ Lv1暗裔龍王",[查看](https://cg.originmood.com/NewsContent/zh_TW/mlbb_news_9754.html)
未載明（公告日 2023-06-21）,2023-06-21,端午戰龍王 龍祖山激鬥,"Lv1口袋龍 ＋ 變異之源×3 ＋ 元素感知×10 ＋ 精靈王契約×50 ＋ 金幣100,000G ＝ Lv1反轉袋龍",[查看](https://cg.originmood.com/NewsContent/zh_TW/mlbb_news_9754.html)
2023-06-15～2023-06-21,2023-06-15,夏日的奇幻之旅 艷陽鼠王與百香公主的相遇,"Lv1鼠王 ＋ 變異之源×3 ＋ 艷陽傳承×10 ＋ 精靈王契約×50 ＋ 金幣100,000G ＝ Lv1艷陽鼠王",[查看](https://cg.originmood.com/NewsContent/zh_TW/mlbb_news_9724.html)
2023-06-15～2023-06-21,2023-06-15,夏日的奇幻之旅 艷陽鼠王與百香公主的相遇,"Lv1百香小妖 ＋ 變異之源×3 ＋ 百香精華×10 ＋ 精靈王契約×50 ＋ 金幣100,000G ＝ Lv1百香公主",[查看](https://cg.originmood.com/NewsContent/zh_TW/mlbb_news_9724.html)
2023-06-06～2023-07-07,2023-06-05,冠絕天際 龍威鎮魔界,Lv達哈卡 ＋ 九頭巨蛇設計圖ABCDE×1 ＝ Lv1九頭巨蛇,[查看](https://cg.originmood.com/NewsContent/zh_TW/mlbb_news_9654.html)
2023-06-06～2023-07-07,2023-06-05,冠絕天際 龍威鎮魔界,任意等級的喪屍魔龍 ＋ 轉生蛇毒×1 ＝ Lv1九頭巨蛇,[查看](https://cg.originmood.com/NewsContent/zh_TW/mlbb_news_9654.html)
2023-06-06～2023-07-07,2023-06-05,冠絕天際 龍威鎮魔界,任意等級的九頭巨蛇 ＋ 化龍泉水×1 ＝ / ├ Lv1九頭巨蛇（概率95%） / └ Lv1喪屍魔龍（概率5%）,[查看](https://cg.originmood.com/NewsContent/zh_TW/mlbb_news_9654.html)
未載明（公告日 2023-06-01）,2023-06-01,炎熱夏至 甜蜜律動蜜瓜公主,"Lv1蜜瓜小妖 ＋ 變異之源×3 ＋ 蜜瓜精華×10 ＋ 精靈王契約×50 ＋ 金幣100,000G ＝ Lv1蜜瓜公主",[查看](https://cg.originmood.com/NewsContent/zh_TW/mlbb_news_9624.html)
2023-05-25～2023-06-01,2023-05-25,《魔力寶貝：永恆初心》二週年最終彈,"任意等級的聖劍 ＋ 聖劍再生結晶×1 ＋ 金幣20,000G ＝ Lv1聖劍",[查看](https://cg.originmood.com/NewsContent/zh_TW/mlbb_news_9584.html)
2023-05-25～2023-06-01,2023-05-25,《魔力寶貝：永恆初心》二週年最終彈,"Lv1隕星之刃或 Lv1冰霜之刃或 Lv1滅魔之刃或 Lv1碧空之刃 ＋ 變異之源×3 ＋ 聖晶石×10 ＋ 精靈王契約×100 ＋ 金幣100,000G ＝ Lv1聖劍",[查看](https://cg.originmood.com/NewsContent/zh_TW/mlbb_news_9584.html)
2023-05-11～2023-05-18,2023-05-11,《魔力寶貝：永恆初心》二週年第二彈,"任意等級的魔劍 ＋ 魔劍再生結晶×1 ＋ 金幣20,000G ＝ Lv1魔劍",[查看](https://cg.originmood.com/NewsContent/zh_TW/mlbb_news_9524.html)
2023-05-11～2023-05-18,2023-05-11,《魔力寶貝：永恆初心》二週年第二彈,"Lv1裁岩劍或 Lv1霧雨劍或 Lv1赤炎劍或 Lv1疾風劍 ＋ 變異之源×3 ＋ 魔晶石×10 ＋ 精靈王契約×100 ＋ 金幣100,000G ＝ Lv1魔劍",[查看](https://cg.originmood.com/NewsContent/zh_TW/mlbb_news_9524.html)
2023-05-05～2023-06-06,2023-04-29,《魔力寶貝：永恆初心》二週年活動盛大開啟,任意等級的神聖巨龍 ＋ 轉生龍魂×1 ＝ Lv1神聖翼龍,[查看](https://cg.originmood.com/NewsContent/zh_TW/mlbb_news_9464.html)
2023-05-05～2023-06-06,2023-04-29,《魔力寶貝：永恆初心》二週年活動盛大開啟,任意等級的神聖翼龍 ＋ 聖龍血脈×1 ＝ / ├ Lv1神聖翼龍（概率90%） / └ Lv1神聖巨龍（概率10%）,[查看](https://cg.originmood.com/NewsContent/zh_TW/mlbb_news_9464.html)
2023-05-05～2023-06-03,2023-04-29,《魔力寶貝：永恆初心》二週年活動盛大開啟,Lv70七尾狐 ＋ 七尾狐之契×1 ＋ 尾狐細胞×40 ＝ Lv1九尾狐,[查看](https://cg.originmood.com/NewsContent/zh_TW/mlbb_news_9464.html)
2023-05-05～2023-06-03,2023-04-29,《魔力寶貝：永恆初心》二週年活動盛大開啟,Lv50五尾狐 ＋ 五尾狐之契×1 ＋ 尾狐細胞×30 ＝ Lv1七尾狐,[查看](https://cg.originmood.com/NewsContent/zh_TW/mlbb_news_9464.html)
2023-05-05～2023-06-03,2023-04-29,《魔力寶貝：永恆初心》二週年活動盛大開啟,Lv30三尾狐 ＋ 三尾狐之契×1 ＋ 尾狐細胞×20 ＝ Lv1五尾狐,[查看](https://cg.originmood.com/NewsContent/zh_TW/mlbb_news_9464.html)
2023-05-05～2023-06-03,2023-04-29,《魔力寶貝：永恆初心》二週年活動盛大開啟,Lv10一尾狐 ＋ 一尾狐之契×1 ＋ 尾狐細胞×10 ＝ Lv1三尾狐,[查看](https://cg.originmood.com/NewsContent/zh_TW/mlbb_news_9464.html)
2023-05-05～2023-05-11,2023-04-29,《魔力寶貝：永恆初心》二週年活動盛大開啟,"Lv1冰精靈 ＋ 水元素之卵×3 ＋ 閃耀變異之源×10 ＋ 精靈王契約×100 ＋ 金幣50,000G ＝ Lv1海洋元素使",[查看](https://cg.originmood.com/NewsContent/zh_TW/mlbb_news_9464.html)
2023-05-05～2023-06-03,2023-04-29,《魔力寶貝：永恆初心》二週年活動盛大開啟,Lv1九尾狐 ＋ 返祖之珠×1 ＋ 變異之源×10 ＝ / ├ Lv1銀狐（概率5%） / └ Lv1九尾狐（概率95%）,[查看](https://cg.originmood.com/NewsContent/zh_TW/mlbb_news_9464.html)
未載明（公告日 2023-04-27）,2023-04-27,強襲之心 永無止境,"Lv1強襲地雷 ＋ 變異之源×3 ＋ 強襲核心×10 ＋ 精靈王契約×50 ＋ 金幣100,000G ＝ Lv1強襲機甲AEX",[查看](https://cg.originmood.com/NewsContent/zh_TW/mlbb_news_9444.html)
未載明（公告日 2023-04-13）,2023-04-13,速通星辰塔 智鬥機甲巨獸,"Lv1閃光地雷 ＋ 變異之源×3 ＋ 閃光核心×10 ＋ 精靈王契約×50 ＋ 金幣100,000G ＝ Lv1閃光機甲AEX",[查看](https://cg.originmood.com/NewsContent/zh_TW/mlbb_news_9294.html)
未載明（公告日 2023-04-04）,2023-04-04,神之使者 天使降臨,任意等級的天使路西法 ＋ 轉生之羽×1 ＝ Lv1光明天使,[查看](https://cg.originmood.com/NewsContent/zh_TW/mlbb_news_9264.html)
未載明（公告日 2023-04-04）,2023-04-04,神之使者 天使降臨,任意等級的光明天使 ＋ 天使之羽×1 ＝ / ├ Lv1光明天使（概率90%） / └ Lv1天使路西法（概率10%）,[查看](https://cg.originmood.com/NewsContent/zh_TW/mlbb_news_9264.html)
2023-03-30～2023-04-27,2023-03-29,不屈意志 來自地獄的怒吼,"任意等級的天狼星 ＋ 變異之源×3 ＋ 地獄火×10 ＋ 精靈王契約×50 ＋ 金幣100,000G ＝ Lv1地獄星",[查看](https://cg.originmood.com/NewsContent/zh_TW/mlbb_news_9214.html)
未載明（公告日 2023-03-16）,2023-03-16,鬼焰燎原 冥府之主霸氣降臨,"Lv1冥界騎士 ＋ 變異之源×3 ＋ 冥界單劍×10 ＋ 精靈王契約×100 ＋ 金幣100,000G ＝ Lv1冥府之主",[查看](https://cg.originmood.com/NewsContent/zh_TW/mlbb_news_9184.html)
未載明（公告日 2023-03-15）,2023-03-15,連破競速賽 勇奪珍稀豪禮,"Lv1螳螂 ＋ 飛刃螳螂設計圖×ABCDE ＋ 金幣100,000G ＝ Lv1飛刃螳螂",[查看](https://cg.originmood.com/NewsContent/zh_TW/mlbb_news_9174.html)
2023-03-03～2023-04-04,2023-03-03,霸天巨獸 牛鬼領主,任意等級的煉獄牛頭怪 ＋ 領主之魂×1 ＝ / ├ Lv1煉獄牛頭怪（概率90%） / └ Lv1火焰牛鬼領主（概率10%）,[查看](https://cg.originmood.com/NewsContent/zh_TW/mlbb_news_9144.html)
2023-03-03～2023-04-04,2023-03-03,霸天巨獸 牛鬼領主,任意等級的烈風牛魔王 ＋ 領主之魂×1 ＝ / ├ Lv1烈風牛魔王（概率90%） / └ Lv1烈風牛鬼領主（概率10%）,[查看](https://cg.originmood.com/NewsContent/zh_TW/mlbb_news_9144.html)
2023-03-03～2023-04-04,2023-03-03,霸天巨獸 牛鬼領主,任意等級的強襲牛鬼 ＋ 領主之魂×1 ＝ / ├ Lv1強襲牛鬼（概率90%） / └ Lv1大地牛鬼領主（概率10%）,[查看](https://cg.originmood.com/NewsContent/zh_TW/mlbb_news_9144.html)
2023-03-03～2023-04-04,2023-03-03,霸天巨獸 牛鬼領主,任意等級的寒冰牛魔王 ＋ 領主之魂×1 ＝ / ├ Lv1寒冰牛魔王（概率90%） / └ Lv1寒冰牛鬼領主（概率10%）,[查看](https://cg.originmood.com/NewsContent/zh_TW/mlbb_news_9144.html)
2023-03-03～2023-04-04,2023-03-03,霸天巨獸 牛鬼領主,任意等級的烈風牛鬼領主 ＋ 轉生之魂×1 ＝ Lv1烈風牛魔王,[查看](https://cg.originmood.com/NewsContent/zh_TW/mlbb_news_9144.html)
2023-03-03～2023-04-04,2023-03-03,霸天巨獸 牛鬼領主,任意等級的火焰牛鬼領主 ＋ 轉生之魂×1 ＝ Lv1煉獄牛魔王,[查看](https://cg.originmood.com/NewsContent/zh_TW/mlbb_news_9144.html)
2023-03-03～2023-04-04,2023-03-03,霸天巨獸 牛鬼領主,任意等級的寒冰牛鬼領主 ＋ 轉生之魂×1 ＝ Lv1寒冰牛魔王,[查看](https://cg.originmood.com/NewsContent/zh_TW/mlbb_news_9144.html)
2023-03-03～2023-04-04,2023-03-03,霸天巨獸 牛鬼領主,任意等級的大地牛鬼領主 ＋ 轉生之魂×1 ＝ Lv1強襲牛鬼,[查看](https://cg.originmood.com/NewsContent/zh_TW/mlbb_news_9144.html)
2023-03-02～2023-03-16,2023-03-02,公主的往事 聖晶之約,"Lv1冰原獨角獸 ＋ 變異之源×3 ＋ 千年冰魄×10 ＋ 精靈王契約×50 ＋ 金幣100,000G ＝ Lv1聖晶獨角獸",[查看](https://cg.originmood.com/NewsContent/zh_TW/mlbb_news_9134.html)
2023-03-02～2023-03-16,2023-03-02,公主的往事 聖晶之約,任意等級的暴雪魔獸（屬性：水10） ＋ 變異之源×1 ＝ Lv1暴雪魔獸（屬性：水5火5）,[查看](https://cg.originmood.com/NewsContent/zh_TW/mlbb_news_9134.html)
未載明（公告日 2023-02-15）,2023-02-15,探索冰原禁地 直面死亡的氣息,"Lv1黃金龍骨 ＋ 變異之源×3 ＋ 禁地冰龍魂×10 ＋ 精靈王契約×50 ＋ 金幣100,000G ＝ Lv1冰霜巨龍",[查看](https://cg.originmood.com/NewsContent/zh_TW/mlbb_news_9084.html)
未載明（公告日 2023-02-15）,2023-02-15,探索冰原禁地 直面死亡的氣息,"Lv1毒龍骨 ＋ 變異之源×3 ＋ 禁地火龍魂×10 ＋ 精靈王契約×50 ＋ 金幣100,000G ＝ Lv1炎心真龍",[查看](https://cg.originmood.com/NewsContent/zh_TW/mlbb_news_9084.html)
未載明（公告日 2023-02-02）,2023-02-02,兄弟羈絆 一念仙魔,任意等級的鬥神歐茲尼克或修羅歐茲尼克 ＋ 洗髓丹×1 ＝ Lv1煞氣歐茲尼克,[查看](https://cg.originmood.com/NewsContent/zh_TW/mlbb_news_9024.html)
未載明（公告日 2023-02-02）,2023-02-02,兄弟羈絆 一念仙魔,任意等級的酒仙歐茲那克或羅剎歐茲那克 ＋ 洗髓丹×1 ＝ Lv1熊霸歐茲那克,[查看](https://cg.originmood.com/NewsContent/zh_TW/mlbb_news_9024.html)
未載明（公告日 2023-02-02）,2023-02-02,兄弟羈絆 一念仙魔,任意等級的熊霸歐茲那克 ＋ 修仙石×1 ＝ / ├ Lv1熊霸歐茲那克（概率90%） / ├ Lv1羅剎歐茲那克（概率8%） / └ Lv1酒仙歐茲那克（概率2%）,[查看](https://cg.originmood.com/NewsContent/zh_TW/mlbb_news_9024.html)
未載明（公告日 2023-02-02）,2023-02-02,兄弟羈絆 一念仙魔,任意等級的煞氣歐茲尼克 ＋ 修仙石×1 ＝ / ├ Lv1煞氣歐茲尼克（概率90%） / ├ Lv1鬥神歐茲尼克（概率8%） / └ Lv1修羅歐茲尼克（概率2%）,[查看](https://cg.originmood.com/NewsContent/zh_TW/mlbb_news_9024.html)
未載明（公告日 2023-01-18）,2023-01-18,新春招財齊拜年,Lv40百兩招財貓 ＋ 388 ＝ 千兩招財貓,[查看](https://cg.originmood.com/NewsContent/zh_TW/mlbb_news_8984.html)
未載明（公告日 2023-01-18）,2023-01-18,新春招財齊拜年,Lv1萬兩招財貓 ＋ 1688 ＝ 十萬兩招財貓,[查看](https://cg.originmood.com/NewsContent/zh_TW/mlbb_news_8984.html)
未載明（公告日 2023-01-18）,2023-01-18,新春招財齊拜年,Lv1千兩招財貓 ＋ 888 ＝ 萬兩招財貓,[查看](https://cg.originmood.com/NewsContent/zh_TW/mlbb_news_8984.html)
未載明（公告日 2023-01-18）,2023-01-18,新春招財齊拜年,Lv1十萬兩招財貓 ＋ 2888 ＝ 億萬兩招財貓,[查看](https://cg.originmood.com/NewsContent/zh_TW/mlbb_news_8984.html)
未載明（公告日 2023-01-18）,2023-01-18,新春招財齊拜年,"Lv1兔吉祥 ＋ 兔吉祥的進化帽×1 ＋ 兔吉的毛髮×10 ＋ 金幣10,000G ＝ Lv1吉祥癸兔",[查看](https://cg.originmood.com/NewsContent/zh_TW/mlbb_news_8984.html)
未載明（公告日 2023-01-18）,2023-01-18,新春招財齊拜年,"Lv1兔吉星 ＋ 兔吉星的進化帽×1 ＋ 兔吉的毛髮×10 ＋ 金幣10,000G ＝ Lv1吉星癸兔",[查看](https://cg.originmood.com/NewsContent/zh_TW/mlbb_news_8984.html)
未載明（公告日 2023-01-18）,2023-01-18,新春招財齊拜年,"Lv1兔吉利 ＋ 兔吉利的進化帽×1 ＋ 兔吉的毛髮×10 ＋ 金幣10,000G ＝ Lv1吉利癸兔",[查看](https://cg.originmood.com/NewsContent/zh_TW/mlbb_news_8984.html)
未載明（公告日 2023-01-18）,2023-01-18,新春招財齊拜年,"Lv1兔吉兆 ＋ 兔吉兆的進化帽×1 ＋ 兔吉的毛髮×10 ＋ 金幣10,000G ＝ Lv1吉兆癸兔",[查看](https://cg.originmood.com/NewsContent/zh_TW/mlbb_news_8984.html)
未載明（公告日 2023-01-05）,2023-01-05,勇者派好物 月靈伴你迎新年,Lv1仙靈 ＋ 變異之源×3 ＋ 逐月石×10 ＋ 精靈王契約×100 ＝ 逐月仙靈,[查看](https://cg.originmood.com/NewsContent/zh_TW/mlbb_news_8944.html)
未載明（公告日 2022-12-31）,2022-12-31,新生露比賀新年 火力全開齊冒險,Lv80以上的見習騎士露比 ＋ 變異之源×30 ＋ 勇者之心×30 ＝ Lv1槍術大師露比,[查看](https://cg.originmood.com/NewsContent/zh_TW/mlbb_news_8914.html)
未載明（公告日 2022-12-31）,2022-12-31,新生露比賀新年 火力全開齊冒險,Lv80以上的見習格鬥家露比 ＋ 變異之源×30 ＋ 勇者之心×30 ＝ Lv1格鬥大師露比,[查看](https://cg.originmood.com/NewsContent/zh_TW/mlbb_news_8914.html)
未載明（公告日 2022-12-31）,2022-12-31,新生露比賀新年 火力全開齊冒險,Lv80以上的見習戰斧露比 ＋ 變異之源×30 ＋ 勇者之心×30 ＝ Lv1戰斧大師露比,[查看](https://cg.originmood.com/NewsContent/zh_TW/mlbb_news_8914.html)
未載明（公告日 2022-12-31）,2022-12-31,新生露比賀新年 火力全開齊冒險,Lv80以上的見習弓箭手露比 ＋ 變異之源×30 ＋ 勇者之心×30 ＝ Lv1弓術大師露比,[查看](https://cg.originmood.com/NewsContent/zh_TW/mlbb_news_8914.html)
未載明（公告日 2022-12-31）,2022-12-31,新生露比賀新年 火力全開齊冒險,Lv80以上的見習巫師露比 ＋ 變異之源×30 ＋ 勇者之心×30 ＝ Lv1巫術大師露比,[查看](https://cg.originmood.com/NewsContent/zh_TW/mlbb_news_8914.html)
未載明（公告日 2022-12-31）,2022-12-31,新生露比賀新年 火力全開齊冒險,Lv80以上的見習劍士露比 ＋ 變異之源×30 ＋ 勇者之心×30 ＝ Lv1劍術大師露比,[查看](https://cg.originmood.com/NewsContent/zh_TW/mlbb_news_8914.html)
未載明（公告日 2022-12-31）,2022-12-31,新生露比賀新年 火力全開齊冒險,Lv40以上的新生露比 ＋ 露比長槍×1 ＋ 勇者之心×10 ＝ Lv1見習騎士露比,[查看](https://cg.originmood.com/NewsContent/zh_TW/mlbb_news_8914.html)
未載明（公告日 2022-12-31）,2022-12-31,新生露比賀新年 火力全開齊冒險,Lv40以上的新生露比 ＋ 露比甩棍×1 ＋ 勇者之心×10 ＝ Lv1見習格鬥家露比,[查看](https://cg.originmood.com/NewsContent/zh_TW/mlbb_news_8914.html)
未載明（公告日 2022-12-31）,2022-12-31,新生露比賀新年 火力全開齊冒險,Lv40以上的新生露比 ＋ 露比法杖×1 ＋ 勇者之心×10 ＝ Lv1見習巫師露比,[查看](https://cg.originmood.com/NewsContent/zh_TW/mlbb_news_8914.html)
未載明（公告日 2022-12-31）,2022-12-31,新生露比賀新年 火力全開齊冒險,Lv40以上的新生露比 ＋ 露比手斧×1 ＋ 勇者之心×10 ＝ Lv1見習戰斧露比,[查看](https://cg.originmood.com/NewsContent/zh_TW/mlbb_news_8914.html)
未載明（公告日 2022-12-31）,2022-12-31,新生露比賀新年 火力全開齊冒險,Lv40以上的新生露比 ＋ 露比巨劍×1 ＋ 勇者之心×10 ＝ Lv1見習劍士露比,[查看](https://cg.originmood.com/NewsContent/zh_TW/mlbb_news_8914.html)
未載明（公告日 2022-12-31）,2022-12-31,新生露比賀新年 火力全開齊冒險,Lv40以上的新生露比 ＋ 露比大弓×1 ＋ 勇者之心×10 ＝ Lv1見習弓箭手露比,[查看](https://cg.originmood.com/NewsContent/zh_TW/mlbb_news_8914.html)
未載明（公告日 2022-12-21）,2022-12-21,聖誕第二彈 聖誕王子,"Lv1赤燄或碧燄 ＋ 變異之源×3 ＋ 希望火柴盒×10 ＋ 精靈王契約×50 ＋ 金幣100,000G ＝ 火柴小王子",[查看](https://cg.originmood.com/NewsContent/zh_TW/mlbb_news_8854.html)
未載明（公告日 2022-12-12）,2022-12-12,邪魅的暗夜旅團 咒殺型改造人,山吹 ＋ 咒殺型山吹設計圖A×1 ＋ 咒殺型山吹設計圖B×1 ＋ 咒殺型山吹設計圖C×1 ＋ 咒殺型山吹設計圖D×1 ＋ 咒殺型山吹設計圖E×1 ＝ 咒殺型山吹,[查看](https://cg.originmood.com/NewsContent/zh_TW/mlbb_news_8824.html)
未載明（公告日 2022-12-08）,2022-12-08,聖誕第一彈 精靈花環大聚會,Lv1雪獅 ＋ 變異之源×3 ＋ 暴雪花×10 ＋ 精靈王契約×50 ＝ 暴雪魔獸,[查看](https://cg.originmood.com/NewsContent/zh_TW/mlbb_news_8814.html)
未載明（公告日 2022-12-08）,2022-12-08,聖誕第一彈 精靈花環大聚會,Lv1月獅 ＋ 變異之源×3 ＋ 蝕月花×10 ＋ 精靈王契約×50 ＝ 蝕月炎獸,[查看](https://cg.originmood.com/NewsContent/zh_TW/mlbb_news_8814.html)
未載明（公告日 2022-11-24）,2022-11-24,感恩巡迴禮 仙靈降賜福,Lv1仙靈 ＋ 變異之源×3 ＋ 星輝石×10 ＋ 精靈王契約×100 ＝ 星輝仙靈,[查看](https://cg.originmood.com/NewsContent/zh_TW/mlbb_news_8764.html)
未載明（公告日 2022-11-11）,2022-11-11,至暗君王 撒旦降臨,地獄魔王 ＋ 魔王撒旦設計圖A×1 ＋ 魔王撒旦設計圖B×1 ＋ 魔王撒旦設計圖C×1 ＋ 魔王撒旦設計圖D×1 ＋ 魔王撒旦設計圖E×1 ＝ 魔王撒旦,[查看](https://cg.originmood.com/NewsContent/zh_TW/mlbb_news_8714.html)
未載明（公告日 2022-10-13）,2022-10-13,《魔力寶貝：永恆初心》精靈大陸活動第二彈,Lv1炎精靈 ＋ 火元素之卵×3 ＋ 閃耀變異之源×10 ＋ 精靈王契約×100 ＝ 烈焰元素使,[查看](https://cg.originmood.com/NewsContent/zh_TW/mlbb_news_8484.html)
未載明（公告日 2022-10-09）,2022-10-09,詛咒一族 赤紅與金黃的騎士,猩紅騎士 ＋ 帕布提斯馬設計圖A×1 ＋ 帕布提斯馬設計圖B×1 ＋ 帕布提斯馬設計圖C×1 ＋ 帕布提斯馬設計圖D×1 ＋ 帕布提斯馬設計圖E×1 ＝ 帕布提斯馬,[查看](https://cg.originmood.com/NewsContent/zh_TW/mlbb_news_8464.html)
未載明（公告日 2022-10-09）,2022-10-09,詛咒一族 赤紅與金黃的騎士,死亡騎士 ＋ 凱法設計圖A×1 ＋ 凱法設計圖B×1 ＋ 凱法設計圖C×1 ＋ 凱法設計圖D×1 ＋ 凱法設計圖E×1 ＝ 凱法,[查看](https://cg.originmood.com/NewsContent/zh_TW/mlbb_news_8464.html)
未載明（公告日 2022-09-29）,2022-09-29,《魔力寶貝：永恆初心》慶祝勇者踏足精靈大陸 好禮活動盛大開放,Lv1木精靈 ＋ 地元素之卵×3 ＋ 閃耀變異之源×10 ＋ 精靈王契約×100 ＝ 大地元素使,[查看](https://cg.originmood.com/NewsContent/zh_TW/mlbb_news_8364.html)
未載明（公告日 2022-09-09）,2022-09-09,再遇失翼之龍 神龍杜瓦的呼喚,大地巨龍 ＋ 失翼之龍設計圖A×1 ＋ 失翼之龍設計圖B×1 ＋ 失翼之龍設計圖C×1 ＋ 失翼之龍設計圖D×1 ＋ 失翼之龍設計圖E×1 ＝ 失翼之龍,[查看](https://cg.originmood.com/NewsContent/zh_TW/mlbb_news_8294.html)
未載明（公告日 2022-08-05）,2022-08-05,酒之殿堂的戰神 寒冰牛魔王震撼登場,寒冰牛頭怪 ＋ 寒冰牛魔王設計圖A×1 ＋ 寒冰牛魔王設計圖B×1 ＋ 寒冰牛魔王設計圖C×1 ＋ 寒冰牛魔王設計圖D×1 ＋ 寒冰牛魔王設計圖E×1 ＝ 寒冰牛魔王,[查看](https://cg.originmood.com/NewsContent/zh_TW/mlbb_news_8033.html)
未載明（公告日 2022-07-07）,2022-07-07,《魔力寶貝：永恆初心》21週年慶第一彈,地獄亡靈 ＋ 地獄惡魔設計圖A×1 ＋ 地獄惡魔設計圖B×1 ＋ 地獄惡魔設計圖C×1 ＋ 地獄惡魔設計圖D×1 ＋ 地獄惡魔設計圖E×1 ＝ 地獄惡魔,[查看](https://cg.originmood.com/NewsContent/zh_TW/mlbb_news_7913.html)
未載明（公告日 2022-06-02）,2022-06-02,鬼魅無頭 沙海將軍來襲,無頭將軍 ＋ 沙海將軍設計圖A×1 ＋ 沙海將軍設計圖B×1 ＋ 沙海將軍設計圖C×1 ＋ 沙海將軍設計圖D×1 ＋ 沙海將軍設計圖E×1 ＝ 沙海將軍,[查看](https://cg.originmood.com/NewsContent/zh_TW/mlbb_news_7753.html)
2022-05-05～2022-06-01,2022-05-05,「5月5日聖龍寶盒」,翼龍 ＋ 神聖翼龍設計圖A×1 ＋ 神聖翼龍設計圖B×1 ＋ 神聖翼龍設計圖C×1 ＋ 神聖翼龍設計圖D×1 ＋ 神聖翼龍設計圖E×1 ＝ 神聖翼龍,[查看](https://cg.originmood.com/NewsContent/zh_TW/mlbb_news_7483.html)
未載明（公告日 2022-04-02）,2022-04-02,祭奠心美 忍王梅茲參見,梅茲 ＋ 忍王梅茲設計圖A×1 ＋ 忍王梅茲設計圖B×1 ＋ 忍王梅茲設計圖C×1 ＋ 忍王梅茲設計圖D×1 ＋ 忍王梅茲設計圖E×1 ＝ 忍王梅茲,[查看](https://cg.originmood.com/NewsContent/zh_TW/mlbb_news_7283.html)
未載明（公告日 2022-03-03）,2022-03-03,點燃它的怒火 召喚煉獄牛頭怪！,火焰牛頭怪 ＋ 煉獄牛頭怪設計圖A×1 ＋ 煉獄牛頭怪設計圖B×1 ＋ 煉獄牛頭怪設計圖C×1 ＋ 煉獄牛頭怪設計圖D×1 ＋ 煉獄牛頭怪設計圖E×1 ＝ 煉獄牛頭怪,[查看](https://cg.originmood.com/NewsContent/zh_TW/mlbb_news_7123.html)
未載明（公告日 2022-02-10）,2022-02-10,情人節不孤單 與她共度元宵節,丘比特 ＋ 愛神丘比特設計圖A×1 ＋ 愛神丘比特設計圖B×1 ＋ 愛神丘比特設計圖C×1 ＋ 愛神丘比特設計圖D×1 ＋ 愛神丘比特設計圖E×1 ＝ 愛神丘比特,[查看](https://cg.originmood.com/NewsContent/zh_TW/mlbb_news_7023.html)
未載明（公告日 2022-01-28）,2022-01-28,一生的羈絆 打虎兄弟來拜年,歐茲那克 ＋ 熊霸歐茲那克設計圖A×1 ＋ 熊霸歐茲那克設計圖B×1 ＋ 熊霸歐茲那克設計圖C×1 ＋ 熊霸歐茲那克設計圖D×1 ＋ 熊霸歐茲那克設計圖E×1 ＝ 熊霸歐茲那克,[查看](https://cg.originmood.com/NewsContent/zh_TW/mlbb_news_6963.html)
未載明（公告日 2022-01-28）,2022-01-28,一生的羈絆 打虎兄弟來拜年,歐茲尼克 ＋ 煞氣歐茲尼克設計圖A×1 ＋ 煞氣歐茲尼克設計圖B×1 ＋ 煞氣歐茲尼克設計圖C×1 ＋ 煞氣歐茲尼克設計圖D×1 ＋ 煞氣歐茲尼克設計圖E×1 ＝ 煞氣歐茲尼克,[查看](https://cg.originmood.com/NewsContent/zh_TW/mlbb_news_6963.html)
未載明（公告日 2021-12-10）,2021-12-10,進擊雙十二 歐特奇美拉降臨,歐特奇美拉 ＋ 疾風奇美拉設計圖A×1 ＋ 疾風奇美拉設計圖B×1 ＋ 疾風奇美拉設計圖C×1 ＋ 疾風奇美拉設計圖D×1 ＋ 疾風奇美拉設計圖E×1 ＝ 疾風奇美拉,[查看](https://cg.originmood.com/NewsContent/zh_TW/mlbb_news_6553.html)
未載明（公告日 2021-11-11）,2021-11-11,四重驚喜，震撼雙十一,旋律影子 ＋ 噩夢旋律影子設計圖A×1 ＋ 噩夢旋律影子設計圖B×1 ＋ 噩夢旋律影子設計圖C×1 ＋ 噩夢旋律影子設計圖D×1 ＋ 噩夢旋律影子設計圖E×1 ＝ 噩夢旋律影子,[查看](https://cg.originmood.com/NewsContent/zh_TW/mlbb_news_6373.html)
2021-10-10～2021-11-01,2021-10-09,霸氣外露，強襲牛鬼10月10日震撼登場！！！,牛鬼 ＋ 強襲牛鬼設計圖A×1 ＋ 強襲牛鬼設計圖B×1 ＋ 強襲牛鬼設計圖C×1 ＋ 強襲牛鬼設計圖D×1 ＋ 強襲牛鬼設計圖E×1 ＝ 強襲牛鬼,[查看](https://cg.originmood.com/NewsContent/zh_TW/mlbb_news_6203.html)
2021-09-09～2021-10-01,2021-09-08,傳說降臨，深邃幻影９月９日限時登場！！！,幻影 ＋ 深邃幻影設計圖A×1 ＋ 深邃幻影設計圖B×1 ＋ 深邃幻影設計圖C×1 ＋ 深邃幻影設計圖D×1 ＋ 深邃幻影設計圖E×1 ＝ 深邃幻影,[查看](https://cg.originmood.com/NewsContent/zh_TW/mlbb_news_5763.html)
