技能,適用,等級,魔力消耗,成功率倍率,作用範圍,效果,學習資訊
連擊,人物,11,,,,4 下攻擊，單次 57%（合計 228%）,
諸刃,人物,1,10,,,減少防禦力和精神力5%，而提升攻擊力7%,
諸刃,人物,2,18,,,減少防禦力和精神力10%，而提升攻擊力14%,
諸刃,人物,3,26,,,減少防禦力和精神力15%，而提升攻擊力21%,
諸刃,人物,4,34,,,減少防禦力和精神力20%，而提升攻擊力28%,
諸刃,人物,5,42,,,減少防禦力和精神力25%，而提升攻擊力35%,
諸刃,人物,6,50,,,減少防禦力和精神力30%，而提升攻擊力42%,
諸刃,人物,7,58,,,減少防禦力和精神力35%，而提升攻擊力49%,
諸刃,人物,8,66,,,減少防禦力和精神力40%，而提升攻擊力56%,
諸刃,人物,9,74,,,減少防禦力和精神力45%，而提升攻擊力63%,
諸刃,人物,10,82,,,減少防禦力和精神力50%，而提升攻擊力70%,
諸刃,人物,11,90,,,減少防禦力和精神力55%，而提升攻擊力77%（推估）,
諸刃,人物,12,98,,,減少防禦力和精神力60%，而提升攻擊力84%（推估）,
反擊,人物,1,5,,,給予物理攻擊0.8倍的傷害,
反擊,人物,2,9,,,給予物理攻擊0.9倍的傷害,
反擊,人物,3,13,,,給予物理攻擊1.0倍的傷害,
反擊,人物,4,17,,,給予物理攻擊1.1倍的傷害,
反擊,人物,5,21,,,給予物理攻擊1.2倍的傷害,
反擊,人物,6,25,,,給予物理攻擊1.3倍的傷害,
反擊,人物,7,29,,,給予物理攻擊1.4倍的傷害,
反擊,人物,8,33,,,給予物理攻擊1.5倍的傷害,
反擊,人物,9,37,,,給予物理攻擊1.6倍的傷害,
反擊,人物,10,41,,,給予物理攻擊1.7倍的傷害,
反擊,人物,11,45,,,給予物理攻擊1.8倍的傷害（推估）,
反擊,人物,12,49,,,給予物理攻擊1.9倍的傷害（推估）,
崩擊,人物,1,5,,,給防禦中的對象1.20倍傷害,
崩擊,人物,2,9,,,給防禦中的對象1.43倍傷害,
崩擊,人物,3,13,,,給防禦中的對象1.68倍傷害,
崩擊,人物,4,17,,,給防禦中的對象1.95倍傷害,
崩擊,人物,5,21,,,給防禦中的對象2.24倍傷害,
崩擊,人物,6,25,,,給防禦中的對象2.55倍傷害,
崩擊,人物,7,29,,,給防禦中的對象2.88倍傷害,
崩擊,人物,8,33,,,給防禦中的對象3.23倍傷害,
崩擊,人物,9,37,,,給防禦中的對象3.60倍傷害,
崩擊,人物,10,41,,,給防禦中的對象3.99倍傷害,
崩擊,人物,11,45,,,給防禦中的對象4.38倍傷害（推估）,
崩擊,人物,12,49,,,給防禦中的對象4.77倍傷害（推估）,
亂射,人物,1,5,,,3支攻擊，與同對象威力遞減,
亂射,人物,2,10,,,4支攻擊，與同對象威力遞減,
亂射,人物,3,15,,,5支攻擊，與同對象威力遞減,
亂射,人物,4,20,,,6支攻擊，與同對象威力遞減,
亂射,人物,5,25,,,7支攻擊，與同對象威力遞減,
亂射,人物,6,30,,,8支攻擊，與同對象威力遞減,
亂射,人物,7,35,,,9支攻擊，與同對象威力遞減,
亂射,人物,8,40,,,10支攻擊，與同對象威力遞減,
亂射,人物,9,45,,,11支攻擊，與同對象威力遞減,
亂射,人物,10,50,,,12支攻擊，與同對象威力遞減,
亂射,人物,11,55,,,13支攻擊，與同對象威力遞減（推估）,
亂射,人物,12,60,,,14支攻擊，與同對象威力遞減（推估）,
毒擊,人物,1,10,,,攻擊力下降30%，中毒狀態2回行動數,
毒擊,人物,2,20,,,攻擊力下降36%，中毒狀態2回行動數,
毒擊,人物,3,30,,,攻擊力下降42%，中毒狀態3回行動數,
毒擊,人物,4,40,,,攻擊力下降48%，中毒狀態3回行動數,
毒擊,人物,5,50,,,攻擊力下降54%，中毒狀態3回行動數,
毒擊,人物,6,60,,,攻擊力下降60%，中毒狀態4回行動數,
毒擊,人物,7,70,,,攻擊力下降66%，中毒狀態4回行動數,
毒擊,人物,8,80,,,攻擊力下降72%，中毒狀態4回行動數,
毒擊,人物,9,90,,,攻擊力下降78%，中毒狀態5回行動數,
毒擊,人物,10,100,,,攻擊力下降84%，中毒狀態6回行動數,
毒擊,人物,11,110,,,攻擊力下降90%，中毒狀態7回行動數（推估）,
毒擊,人物,12,120,,,攻擊力下降96%，中毒狀態8回行動數（推估）,
氣功彈,人物,1,5,,,對1~2個對象進行攻擊,
氣功彈,人物,2,10,,,對2個對象進行攻擊,
氣功彈,人物,3,15,,,對2~3個對象進行攻擊,
氣功彈,人物,4,20,,,對3個對象進行攻擊,
氣功彈,人物,5,25,,,對3~4個對象進行攻擊,
氣功彈,人物,6,30,,,對3~5個對象進行攻擊,
氣功彈,人物,7,35,,,對4~5個對象進行攻擊,
氣功彈,人物,8,40,,,對4~6個對象進行攻擊,
氣功彈,人物,9,45,,,對5~6個對象進行攻擊,
氣功彈,人物,10,50,,,對6~7個對象進行攻擊,
氣功彈,人物,11,55,,,對7~8個對象進行攻擊（推估）,
氣功彈,人物,12,60,,,對8~9個對象進行攻擊（推估）,
乾坤一擲,人物,1,10,,,給予對象1.1倍的傷害，命中率降低3%,
乾坤一擲,人物,2,18,,,給予對象1.2倍的傷害，命中率降低6%,
乾坤一擲,人物,3,26,,,給予對象1.3倍的傷害，命中率降低9%,
乾坤一擲,人物,4,34,,,給予對象1.4倍的傷害，命中率降低12%,
乾坤一擲,人物,5,42,,,給予對象1.5倍的傷害，命中率降低15%,
乾坤一擲,人物,6,50,,,給予對象1.6倍的傷害，命中率降低18%,
乾坤一擲,人物,7,58,,,給予對象1.7倍的傷害，命中率降低21%,
乾坤一擲,人物,8,66,,,給予對象1.8倍的傷害，命中率降低24%,
乾坤一擲,人物,9,74,,,給予對象1.9倍的傷害，命中率降低27%,
乾坤一擲,人物,10,82,,,給予對象2倍的傷害，命中率降低30%,
乾坤一擲,人物,11,90,,,給予對象2.1倍的傷害，命中率降低33%（推估）,
乾坤一擲,人物,12,98,,,給予對象2.2倍的傷害，命中率降低36%（推估）,
混亂攻擊,人物,1,5,,,普通攻擊加上隨機狀態異常，機率10%,
混亂攻擊,人物,2,10,,,普通攻擊加上隨機狀態異常，機率20%,
混亂攻擊,人物,3,15,,,普通攻擊加上隨機狀態異常，機率30%,
混亂攻擊,人物,4,20,,,普通攻擊加上隨機狀態異常，機率40%,
混亂攻擊,人物,5,25,,,普通攻擊加上隨機狀態異常，機率50%,
混亂攻擊,人物,6,30,,,普通攻擊加上隨機狀態異常，機率60%,
混亂攻擊,人物,7,35,,,普通攻擊加上隨機狀態異常，機率70%,
混亂攻擊,人物,8,40,,,普通攻擊加上隨機狀態異常，機率80%,
混亂攻擊,人物,9,45,,,普通攻擊加上隨機狀態異常，機率90%,
混亂攻擊,人物,10,50,,,普通攻擊加上隨機狀態異常，機率100%,
因果報應,人物,1,10,,,敵人隨機傷害56/70/84%，自身傷害15%,
因果報應,人物,2,14,,,敵人隨機傷害60/75/90%，自身傷害16%,
因果報應,人物,3,18,,,敵人隨機傷害64/80/96%，自身傷害17%,
因果報應,人物,4,22,,,敵人隨機傷害68/85/102%，自身傷害18%,
因果報應,人物,5,26,,,敵人隨機傷害72/90/108%，自身傷害19%,
因果報應,人物,6,30,,,敵人隨機傷害76/95/114%，自身傷害20%,
因果報應,人物,7,34,,,敵人隨機傷害80/100/120%，自身傷害21%,
因果報應,人物,8,38,,,敵人隨機傷害84/105/126%，自身傷害22%,
因果報應,人物,9,42,,,敵人隨機傷害88/110/132%，自身傷害23%,
因果報應,人物,10,46,,,敵人隨機傷害92/115/138%，自身傷害24%,
因果報應,人物,11,50,,,敵人隨機傷害96/120/144%，自身傷害25%（推估）,
因果報應,人物,12,54,,,敵人隨機傷害100/125/150%，自身傷害26%（推估）,
陽炎,人物,1,5,,,減少防禦力7%以提升迴避率7%,
陽炎,人物,2,7,,,減少防禦力14%以提升迴避率14%,
陽炎,人物,3,9,,,減少防禦力21%以提升迴避率21%,
陽炎,人物,4,11,,,減少防禦力28%以提升迴避率28%,
陽炎,人物,5,13,,,減少防禦力35%以提升迴避率35%,
陽炎,人物,6,15,,,減少防禦力42%以提升迴避率42%,
陽炎,人物,7,17,,,減少防禦力49%以提升迴避率49%,
陽炎,人物,8,19,,,減少防禦力56%以提升迴避率56%,
陽炎,人物,9,21,,,減少防禦力63%以提升迴避率63%,
陽炎,人物,10,23,,,減少防禦力70%以提升迴避率70%,
陽炎,人物,11,25,,,減少防禦力77%以提升迴避率77%（推估）,
陽炎,人物,12,27,,,減少防禦力84%以提升迴避率84%（推估）,
護衛,人物,1,5,,,替目標承受近距攻擊，防禦力上升110%,
護衛,人物,2,7,,,替目標承受近距攻擊，防禦力上升120%,
護衛,人物,3,9,,,替目標承受近距攻擊，防禦力上升130%,
護衛,人物,4,11,,,替目標承受近距攻擊，防禦力上升140%,
護衛,人物,5,13,,,替目標承受近距攻擊，防禦力上升150%,
護衛,人物,6,15,,,替目標承受近距攻擊，防禦力上升160%,
護衛,人物,7,17,,,替目標承受近距攻擊，防禦力上升170%,
護衛,人物,8,19,,,替目標承受近距攻擊，防禦力上升180%,
護衛,人物,9,21,,,替目標承受近距攻擊，防禦力上升190%,
護衛,人物,10,23,,,替目標承受近距攻擊，防禦力上升200%,
護衛,人物,11,25,,,替目標承受近距攻擊，防禦力上升210%（推估）,
護衛,人物,12,27,,,替目標承受近距攻擊，防禦力上升220%（推估）,
聖盾,人物,1,10,,,同時減輕魔法45%與物理傷害55%,
聖盾,人物,2,15,,,同時減輕魔法50%與物理傷害60%,
聖盾,人物,3,20,,,同時減輕魔法55%與物理傷害65%,
聖盾,人物,4,25,,,同時減輕魔法60%與物理傷害70%,
聖盾,人物,5,30,,,同時減輕魔法65%與物理傷害75%,
聖盾,人物,6,35,,,同時減輕魔法70%與物理傷害80%,
聖盾,人物,7,40,,,同時減輕魔法75%與物理傷害85%,
聖盾,人物,8,45,,,同時減輕魔法80%與物理傷害90%,
聖盾,人物,9,50,,,同時減輕魔法85%與物理傷害95%,
聖盾,人物,10,55,,,同時減輕魔法90%與物理傷害100%,
聖盾,人物,11,60,,,同時減輕魔法95%與物理傷害105%（推估）,
聖盾,人物,12,65,,,同時減輕魔法100%與物理傷害110%（推估）,
攻擊魔法防禦,人物,1,,,,減低魔法攻擊的傷害,
攻擊魔法防禦,人物,2,,,,減低魔法攻擊的傷害,
攻擊魔法防禦,人物,3,,,,減低魔法攻擊的傷害,
攻擊魔法防禦,人物,4,,,,減低魔法攻擊的傷害,
攻擊魔法防禦,人物,5,,,,減低魔法攻擊的傷害,
攻擊魔法防禦,人物,6,,,,減低魔法攻擊的傷害,
攻擊魔法防禦,人物,7,,,,減低魔法攻擊的傷害,
攻擊魔法防禦,人物,8,,,,減低魔法攻擊的傷害,
攻擊魔法防禦,人物,9,,,,減低魔法攻擊的傷害,
攻擊魔法防禦,人物,10,,,,減低魔法攻擊的傷害,
攻擊魔法防禦,人物,11,,,,減低魔法攻擊的傷害（推估）,
攻擊魔法防禦,人物,12,,,,減低魔法攻擊的傷害（推估）,
暗殺,人物,1,,,,攻擊對象隨機即死,
暗殺,人物,2,,,,攻擊對象隨機即死,
暗殺,人物,3,,,,攻擊對象隨機即死,
暗殺,人物,4,,,,攻擊對象隨機即死,
暗殺,人物,5,,,,攻擊對象隨機即死,
暗殺,人物,6,,,,攻擊對象隨機即死,
暗殺,人物,7,,,,攻擊對象隨機即死,
暗殺,人物,8,,,,攻擊對象隨機即死,
暗殺,人物,9,,,,攻擊對象隨機即死,
暗殺,人物,10,,,,攻擊對象隨機即死,
暗殺,人物,11,,,,攻擊對象隨機即死（推估）,
暗殺,人物,12,,,,攻擊對象隨機即死（推估）,
戰慄襲心,人物,1,10,,,減少對象魔力值5%,
戰慄襲心,人物,2,20,,,減少對象魔力值10%,
戰慄襲心,人物,3,30,,,減少對象魔力值15%,
戰慄襲心,人物,4,40,,,減少對象魔力值20%,
戰慄襲心,人物,5,50,,,減少對象魔力值25%,
戰慄襲心,人物,6,60,,,減少對象魔力值30%,
戰慄襲心,人物,7,70,,,減少對象魔力值35%,
戰慄襲心,人物,8,80,,,減少對象魔力值40%,
戰慄襲心,人物,9,90,,,減少對象魔力值45%,
戰慄襲心,人物,10,100,,,減少對象魔力值50%,
戰慄襲心,人物,11,110,,,減少對象魔力值55%（推估）,
戰慄襲心,人物,12,120,,,減少對象魔力值60%（推估）,
明鏡止水,人物,1,15,,,回復最大生命值約5~10%,
明鏡止水,人物,2,30,,,回復最大生命值約5~15%,
明鏡止水,人物,3,45,,,回復最大生命值約5~20%,
明鏡止水,人物,4,60,,,回復最大生命值約5~25%,
明鏡止水,人物,5,75,,,回復最大生命值約5~30%,
明鏡止水,人物,6,90,,,回復最大生命值約5~35%,
明鏡止水,人物,7,105,,,回復最大生命值約5~40%,
明鏡止水,人物,8,120,,,回復最大生命值約5~45%,
明鏡止水,人物,9,135,,,回復最大生命值約5~50%,
明鏡止水,人物,10,150,,,回復最大生命值約10~60%,
明鏡止水,人物,11,165,,,回復最大生命值約15~70%（推估）,
明鏡止水,人物,12,180,,,回復最大生命值約20~80%（推估）,
石化抵抗,人物,1,,,,對石化狀態異常耐性增加,
石化抵抗,人物,2,,,,對石化狀態異常耐性增加,
石化抵抗,人物,3,,,,對石化狀態異常耐性增加,
石化抵抗,人物,4,,,,對石化狀態異常耐性增加,
石化抵抗,人物,5,,,,對石化狀態異常耐性增加,
石化抵抗,人物,6,,,,對石化狀態異常耐性增加,
石化抵抗,人物,7,,,,對石化狀態異常耐性增加,
石化抵抗,人物,8,,,,對石化狀態異常耐性增加,
石化抵抗,人物,9,,,,對石化狀態異常耐性增加,
石化抵抗,人物,10,,,,對石化狀態異常耐性增加,
石化抵抗,人物,11,,,,對石化狀態異常耐性增加（推估）,
石化抵抗,人物,12,,,,對石化狀態異常耐性增加（推估）,
遺忘抵抗,人物,1,,,,對遺忘狀態異常耐性增加,
遺忘抵抗,人物,2,,,,對遺忘狀態異常耐性增加,
遺忘抵抗,人物,3,,,,對遺忘狀態異常耐性增加,
遺忘抵抗,人物,4,,,,對遺忘狀態異常耐性增加,
遺忘抵抗,人物,5,,,,對遺忘狀態異常耐性增加,
遺忘抵抗,人物,6,,,,對遺忘狀態異常耐性增加,
遺忘抵抗,人物,7,,,,對遺忘狀態異常耐性增加,
遺忘抵抗,人物,8,,,,對遺忘狀態異常耐性增加,
遺忘抵抗,人物,9,,,,對遺忘狀態異常耐性增加,
遺忘抵抗,人物,10,,,,對遺忘狀態異常耐性增加,
遺忘抵抗,人物,11,,,,對遺忘狀態異常耐性增加（推估）,
遺忘抵抗,人物,12,,,,對遺忘狀態異常耐性增加（推估）,
混亂抵抗,人物,1,,,,對混亂狀態異常耐性增加,
混亂抵抗,人物,2,,,,對混亂狀態異常耐性增加,
混亂抵抗,人物,3,,,,對混亂狀態異常耐性增加,
混亂抵抗,人物,4,,,,對混亂狀態異常耐性增加,
混亂抵抗,人物,5,,,,對混亂狀態異常耐性增加,
混亂抵抗,人物,6,,,,對混亂狀態異常耐性增加,
混亂抵抗,人物,7,,,,對混亂狀態異常耐性增加,
混亂抵抗,人物,8,,,,對混亂狀態異常耐性增加,
混亂抵抗,人物,9,,,,對混亂狀態異常耐性增加,
混亂抵抗,人物,10,,,,對混亂狀態異常耐性增加,
混亂抵抗,人物,11,,,,對混亂狀態異常耐性增加（推估）,
混亂抵抗,人物,12,,,,對混亂狀態異常耐性增加（推估）,
酒醉抵抗,人物,1,,,,對酒醉狀態異常耐性增加,
酒醉抵抗,人物,2,,,,對酒醉狀態異常耐性增加,
酒醉抵抗,人物,3,,,,對酒醉狀態異常耐性增加,
酒醉抵抗,人物,4,,,,對酒醉狀態異常耐性增加,
酒醉抵抗,人物,5,,,,對酒醉狀態異常耐性增加,
酒醉抵抗,人物,6,,,,對酒醉狀態異常耐性增加,
酒醉抵抗,人物,7,,,,對酒醉狀態異常耐性增加,
酒醉抵抗,人物,8,,,,對酒醉狀態異常耐性增加,
酒醉抵抗,人物,9,,,,對酒醉狀態異常耐性增加,
酒醉抵抗,人物,10,,,,對酒醉狀態異常耐性增加,
酒醉抵抗,人物,11,,,,對酒醉狀態異常耐性增加（推估）,
酒醉抵抗,人物,12,,,,對酒醉狀態異常耐性增加（推估）,
中毒抵抗,人物,1,,,,對中毒狀態異常耐性增加,
中毒抵抗,人物,2,,,,對中毒狀態異常耐性增加,
中毒抵抗,人物,3,,,,對中毒狀態異常耐性增加,
中毒抵抗,人物,4,,,,對中毒狀態異常耐性增加,
中毒抵抗,人物,5,,,,對中毒狀態異常耐性增加,
中毒抵抗,人物,6,,,,對中毒狀態異常耐性增加,
中毒抵抗,人物,7,,,,對中毒狀態異常耐性增加,
中毒抵抗,人物,8,,,,對中毒狀態異常耐性增加,
中毒抵抗,人物,9,,,,對中毒狀態異常耐性增加,
中毒抵抗,人物,10,,,,對中毒狀態異常耐性增加,
中毒抵抗,人物,11,,,,對中毒狀態異常耐性增加（推估）,
中毒抵抗,人物,12,,,,對中毒狀態異常耐性增加（推估）,
昏睡抵抗,人物,1,,,,對昏睡狀態異常耐性增加,
昏睡抵抗,人物,2,,,,對昏睡狀態異常耐性增加,
昏睡抵抗,人物,3,,,,對昏睡狀態異常耐性增加,
昏睡抵抗,人物,4,,,,對昏睡狀態異常耐性增加,
昏睡抵抗,人物,5,,,,對昏睡狀態異常耐性增加,
昏睡抵抗,人物,6,,,,對昏睡狀態異常耐性增加,
昏睡抵抗,人物,7,,,,對昏睡狀態異常耐性增加,
昏睡抵抗,人物,8,,,,對昏睡狀態異常耐性增加,
昏睡抵抗,人物,9,,,,對昏睡狀態異常耐性增加,
昏睡抵抗,人物,10,,,,對昏睡狀態異常耐性增加,
昏睡抵抗,人物,11,,,,對昏睡狀態異常耐性增加（推估）,
昏睡抵抗,人物,12,,,,對昏睡狀態異常耐性增加（推估）,
隕石魔法,人物,1,5,,,攻擊單體的地屬性魔法，建議精神達123,
隕石魔法,人物,2,10,,,攻擊單體的地屬性魔法，建議精神達143,
隕石魔法,人物,3,15,,,攻擊單體的地屬性魔法，建議精神達163,
隕石魔法,人物,4,20,,,攻擊單體的地屬性魔法，建議精神達183,
隕石魔法,人物,5,25,,,攻擊單體的地屬性魔法，建議精神達203,
隕石魔法,人物,6,30,,,攻擊單體的地屬性魔法，建議精神達223,
隕石魔法,人物,7,35,,,攻擊單體的地屬性魔法，建議精神達243,
隕石魔法,人物,8,40,,,攻擊單體的地屬性魔法，建議精神達263,
隕石魔法,人物,9,45,,,攻擊單體的地屬性魔法，建議精神達283,
隕石魔法,人物,10,50,,,攻擊單體的地屬性魔法，建議精神達303,
隕石魔法,人物,11,55,,,攻擊單體的地屬性魔法，建議精神達323（推估）,
隕石魔法,人物,12,60,,,攻擊單體的地屬性魔法，建議精神達343（推估）,
冰凍魔法,人物,1,5,,,攻擊單體的水屬性魔法，建議精神達123,
冰凍魔法,人物,2,10,,,攻擊單體的水屬性魔法，建議精神達143,
冰凍魔法,人物,3,15,,,攻擊單體的水屬性魔法，建議精神達163,
冰凍魔法,人物,4,20,,,攻擊單體的水屬性魔法，建議精神達183,
冰凍魔法,人物,5,25,,,攻擊單體的水屬性魔法，建議精神達203,
冰凍魔法,人物,6,30,,,攻擊單體的水屬性魔法，建議精神達223,
冰凍魔法,人物,7,35,,,攻擊單體的水屬性魔法，建議精神達243,
冰凍魔法,人物,8,40,,,攻擊單體的水屬性魔法，建議精神達263,
冰凍魔法,人物,9,45,,,攻擊單體的水屬性魔法，建議精神達283,
冰凍魔法,人物,10,50,,,攻擊單體的水屬性魔法，建議精神達303,
冰凍魔法,人物,11,55,,,攻擊單體的水屬性魔法，建議精神達323（推估）,
冰凍魔法,人物,12,60,,,攻擊單體的水屬性魔法，建議精神達343（推估）,
火焰魔法,人物,1,5,,,攻擊單體的火屬性魔法，建議精神達123,
火焰魔法,人物,2,10,,,攻擊單體的火屬性魔法，建議精神達143,
火焰魔法,人物,3,15,,,攻擊單體的火屬性魔法，建議精神達163,
火焰魔法,人物,4,20,,,攻擊單體的火屬性魔法，建議精神達183,
火焰魔法,人物,5,25,,,攻擊單體的火屬性魔法，建議精神達203,
火焰魔法,人物,6,30,,,攻擊單體的火屬性魔法，建議精神達223,
火焰魔法,人物,7,35,,,攻擊單體的火屬性魔法，建議精神達243,
火焰魔法,人物,8,40,,,攻擊單體的火屬性魔法，建議精神達263,
火焰魔法,人物,9,45,,,攻擊單體的火屬性魔法，建議精神達283,
火焰魔法,人物,10,50,,,攻擊單體的火屬性魔法，建議精神達303,
火焰魔法,人物,11,55,,,攻擊單體的火屬性魔法，建議精神達323（推估）,
火焰魔法,人物,12,60,,,攻擊單體的火屬性魔法，建議精神達343（推估）,
風刃魔法,人物,1,5,,,攻擊單體的風屬性魔法，建議精神達123,
風刃魔法,人物,2,10,,,攻擊單體的風屬性魔法，建議精神達143,
風刃魔法,人物,3,15,,,攻擊單體的風屬性魔法，建議精神達163,
風刃魔法,人物,4,20,,,攻擊單體的風屬性魔法，建議精神達183,
風刃魔法,人物,5,25,,,攻擊單體的風屬性魔法，建議精神達203,
風刃魔法,人物,6,30,,,攻擊單體的風屬性魔法，建議精神達223,
風刃魔法,人物,7,35,,,攻擊單體的風屬性魔法，建議精神達243,
風刃魔法,人物,8,40,,,攻擊單體的風屬性魔法，建議精神達263,
風刃魔法,人物,9,45,,,攻擊單體的風屬性魔法，建議精神達283,
風刃魔法,人物,10,50,,,攻擊單體的風屬性魔法，建議精神達303,
風刃魔法,人物,11,55,,,攻擊單體的風屬性魔法，建議精神達323（推估）,
風刃魔法,人物,12,60,,,攻擊單體的風屬性魔法，建議精神達343（推估）,
吸血魔法,人物,1,10,,,將給予對象損傷的一半，轉換為自己的生命值,
吸血魔法,人物,2,20,,,將給予對象損傷的一半，轉換為自己的生命值,
吸血魔法,人物,3,30,,,將給予對象損傷的一半，轉換為自己的生命值,
吸血魔法,人物,4,40,,,將給予對象損傷的一半，轉換為自己的生命值,
吸血魔法,人物,5,50,,,將給予對象損傷的一半，轉換為自己的生命值,
吸血魔法,人物,6,60,,,將給予對象損傷的一半，轉換為自己的生命值,
吸血魔法,人物,7,70,,,將給予對象損傷的一半，轉換為自己的生命值,
吸血魔法,人物,8,80,,,將給予對象損傷的一半，轉換為自己的生命值,
吸血魔法,人物,9,90,,,將給予對象損傷的一半，轉換為自己的生命值,
吸血魔法,人物,10,100,,,將給予對象損傷的一半，轉換為自己的生命值,
吸血魔法,人物,11,110,,,將給予對象損傷的一半，轉換為自己的生命值（推估）,
吸血魔法,人物,12,120,,,將給予對象損傷的一半，轉換為自己的生命值（推估）,
強力隕石魔法,人物,1,10,,,攻擊單體及其周圍的地屬性魔法，建議精神達123,
強力隕石魔法,人物,2,20,,,攻擊單體及其周圍的地屬性魔法，建議精神達143,
強力隕石魔法,人物,3,30,,,攻擊單體及其周圍的地屬性魔法，建議精神達163,
強力隕石魔法,人物,4,40,,,攻擊單體及其周圍的地屬性魔法，建議精神達183,
強力隕石魔法,人物,5,50,,,攻擊單體及其周圍的地屬性魔法，建議精神達203,
強力隕石魔法,人物,6,60,,,攻擊單體及其周圍的地屬性魔法，建議精神達223,
強力隕石魔法,人物,7,70,,,攻擊單體及其周圍的地屬性魔法，建議精神達243,
強力隕石魔法,人物,8,80,,,攻擊單體及其周圍的地屬性魔法，建議精神達263,
強力隕石魔法,人物,9,90,,,攻擊單體及其周圍的地屬性魔法，建議精神達283,
強力隕石魔法,人物,10,100,,,攻擊單體及其周圍的地屬性魔法，建議精神達303,
強力隕石魔法,人物,11,110,,,攻擊單體及其周圍的地屬性魔法，建議精神達323（推估）,
強力隕石魔法,人物,12,120,,,攻擊單體及其周圍的地屬性魔法，建議精神達343（推估）,
強力冰凍魔法,人物,1,10,,,攻擊單體及其周圍的水屬性魔法，建議精神達123,
強力冰凍魔法,人物,2,20,,,攻擊單體及其周圍的水屬性魔法，建議精神達143,
強力冰凍魔法,人物,3,30,,,攻擊單體及其周圍的水屬性魔法，建議精神達163,
強力冰凍魔法,人物,4,40,,,攻擊單體及其周圍的水屬性魔法，建議精神達183,
強力冰凍魔法,人物,5,50,,,攻擊單體及其周圍的水屬性魔法，建議精神達203,
強力冰凍魔法,人物,6,60,,,攻擊單體及其周圍的水屬性魔法，建議精神達223,
強力冰凍魔法,人物,7,70,,,攻擊單體及其周圍的水屬性魔法，建議精神達243,
強力冰凍魔法,人物,8,80,,,攻擊單體及其周圍的水屬性魔法，建議精神達263,
強力冰凍魔法,人物,9,90,,,攻擊單體及其周圍的水屬性魔法，建議精神達283,
強力冰凍魔法,人物,10,100,,,攻擊單體及其周圍的水屬性魔法，建議精神達303,
強力冰凍魔法,人物,11,110,,,攻擊單體及其周圍的水屬性魔法，建議精神達323（推估）,
強力冰凍魔法,人物,12,120,,,攻擊單體及其周圍的水屬性魔法，建議精神達343（推估）,
強力火焰魔法,人物,1,10,,,攻擊單體及其周圍的火屬性魔法，建議精神達123,
強力火焰魔法,人物,2,20,,,攻擊單體及其周圍的火屬性魔法，建議精神達143,
強力火焰魔法,人物,3,30,,,攻擊單體及其周圍的火屬性魔法，建議精神達163,
強力火焰魔法,人物,4,40,,,攻擊單體及其周圍的火屬性魔法，建議精神達183,
強力火焰魔法,人物,5,50,,,攻擊單體及其周圍的火屬性魔法，建議精神達203,
強力火焰魔法,人物,6,60,,,攻擊單體及其周圍的火屬性魔法，建議精神達223,
強力火焰魔法,人物,7,70,,,攻擊單體及其周圍的火屬性魔法，建議精神達243,
強力火焰魔法,人物,8,80,,,攻擊單體及其周圍的火屬性魔法，建議精神達263,
強力火焰魔法,人物,9,90,,,攻擊單體及其周圍的火屬性魔法，建議精神達283,
強力火焰魔法,人物,10,100,,,攻擊單體及其周圍的火屬性魔法，建議精神達303,
強力火焰魔法,人物,11,110,,,攻擊單體及其周圍的火屬性魔法，建議精神達323（推估）,
強力火焰魔法,人物,12,120,,,攻擊單體及其周圍的火屬性魔法，建議精神達343（推估）,
強力風刃魔法,人物,1,10,,,攻擊單體及其周圍的風屬性魔法，建議精神達123,
強力風刃魔法,人物,2,20,,,攻擊單體及其周圍的風屬性魔法，建議精神達143,
強力風刃魔法,人物,3,30,,,攻擊單體及其周圍的風屬性魔法，建議精神達163,
強力風刃魔法,人物,4,40,,,攻擊單體及其周圍的風屬性魔法，建議精神達183,
強力風刃魔法,人物,5,50,,,攻擊單體及其周圍的風屬性魔法，建議精神達203,
強力風刃魔法,人物,6,60,,,攻擊單體及其周圍的風屬性魔法，建議精神達223,
強力風刃魔法,人物,7,70,,,攻擊單體及其周圍的風屬性魔法，建議精神達243,
強力風刃魔法,人物,8,80,,,攻擊單體及其周圍的風屬性魔法，建議精神達263,
強力風刃魔法,人物,9,90,,,攻擊單體及其周圍的風屬性魔法，建議精神達283,
強力風刃魔法,人物,10,100,,,攻擊單體及其周圍的風屬性魔法，建議精神達303,
強力風刃魔法,人物,11,110,,,攻擊單體及其周圍的風屬性魔法，建議精神達323（推估）,
強力風刃魔法,人物,12,120,,,攻擊單體及其周圍的風屬性魔法，建議精神達343（推估）,
超強隕石魔法,人物,1,20,,,攻擊一側全體的地屬性魔法，建議精神達123,
超強隕石魔法,人物,2,40,,,攻擊一側全體的地屬性魔法，建議精神達143,
超強隕石魔法,人物,3,60,,,攻擊一側全體的地屬性魔法，建議精神達163,
超強隕石魔法,人物,4,80,,,攻擊一側全體的地屬性魔法，建議精神達183,
超強隕石魔法,人物,5,100,,,攻擊一側全體的地屬性魔法，建議精神達203,
超強隕石魔法,人物,6,120,,,攻擊一側全體的地屬性魔法，建議精神達223,
超強隕石魔法,人物,7,140,,,攻擊一側全體的地屬性魔法，建議精神達243,
超強隕石魔法,人物,8,160,,,攻擊一側全體的地屬性魔法，建議精神達263,
超強隕石魔法,人物,9,180,,,攻擊一側全體的地屬性魔法，建議精神達283,
超強隕石魔法,人物,10,200,,,攻擊一側全體的地屬性魔法，建議精神達303,
超強隕石魔法,人物,11,220,,,攻擊一側全體的地屬性魔法，建議精神達323（推估）,
超強隕石魔法,人物,12,240,,,攻擊一側全體的地屬性魔法，建議精神達343（推估）,
超強冰凍魔法,人物,1,20,,,攻擊一側全體的水屬性魔法，建議精神達123,
超強冰凍魔法,人物,2,40,,,攻擊一側全體的水屬性魔法，建議精神達143,
超強冰凍魔法,人物,3,60,,,攻擊一側全體的水屬性魔法，建議精神達163,
超強冰凍魔法,人物,4,80,,,攻擊一側全體的水屬性魔法，建議精神達183,
超強冰凍魔法,人物,5,100,,,攻擊一側全體的水屬性魔法，建議精神達203,
超強冰凍魔法,人物,6,120,,,攻擊一側全體的水屬性魔法，建議精神達223,
超強冰凍魔法,人物,7,140,,,攻擊一側全體的水屬性魔法，建議精神達243,
超強冰凍魔法,人物,8,160,,,攻擊一側全體的水屬性魔法，建議精神達263,
超強冰凍魔法,人物,9,180,,,攻擊一側全體的水屬性魔法，建議精神達283,
超強冰凍魔法,人物,10,200,,,攻擊一側全體的水屬性魔法，建議精神達303,
超強冰凍魔法,人物,11,220,,,攻擊一側全體的水屬性魔法，建議精神達323（推估）,
超強冰凍魔法,人物,12,240,,,攻擊一側全體的水屬性魔法，建議精神達343（推估）,
超強火焰魔法,人物,1,20,,,攻擊一側全體的火屬性魔法，建議精神達123,
超強火焰魔法,人物,2,40,,,攻擊一側全體的火屬性魔法，建議精神達143,
超強火焰魔法,人物,3,60,,,攻擊一側全體的火屬性魔法，建議精神達163,
超強火焰魔法,人物,4,80,,,攻擊一側全體的火屬性魔法，建議精神達183,
超強火焰魔法,人物,5,100,,,攻擊一側全體的火屬性魔法，建議精神達203,
超強火焰魔法,人物,6,120,,,攻擊一側全體的火屬性魔法，建議精神達223,
超強火焰魔法,人物,7,140,,,攻擊一側全體的火屬性魔法，建議精神達243,
超強火焰魔法,人物,8,160,,,攻擊一側全體的火屬性魔法，建議精神達263,
超強火焰魔法,人物,9,180,,,攻擊一側全體的火屬性魔法，建議精神達283,
超強火焰魔法,人物,10,200,,,攻擊一側全體的火屬性魔法，建議精神達303,
超強火焰魔法,人物,11,220,,,攻擊一側全體的火屬性魔法，建議精神達323（推估）,
超強火焰魔法,人物,12,240,,,攻擊一側全體的火屬性魔法，建議精神達343（推估）,
超強風刃魔法,人物,1,20,,,攻擊一側全體的風屬性魔法，建議精神達123,
超強風刃魔法,人物,2,40,,,攻擊一側全體的風屬性魔法，建議精神達143,
超強風刃魔法,人物,3,60,,,攻擊一側全體的風屬性魔法，建議精神達163,
超強風刃魔法,人物,4,80,,,攻擊一側全體的風屬性魔法，建議精神達183,
超強風刃魔法,人物,5,100,,,攻擊一側全體的風屬性魔法，建議精神達203,
超強風刃魔法,人物,6,120,,,攻擊一側全體的風屬性魔法，建議精神達223,
超強風刃魔法,人物,7,140,,,攻擊一側全體的風屬性魔法，建議精神達243,
超強風刃魔法,人物,8,160,,,攻擊一側全體的風屬性魔法，建議精神達263,
超強風刃魔法,人物,9,180,,,攻擊一側全體的風屬性魔法，建議精神達283,
超強風刃魔法,人物,10,200,,,攻擊一側全體的風屬性魔法，建議精神達303,
超強風刃魔法,人物,11,220,,,攻擊一側全體的風屬性魔法，建議精神達323（推估）,
超強風刃魔法,人物,12,240,,,攻擊一側全體的風屬性魔法，建議精神達343（推估）,
精神衝擊波,人物,1,20,,,造成基礎傷害+62%精神倍率的傷害,
精神衝擊波,人物,2,40,,,造成基礎傷害+64%精神倍率的傷害,
精神衝擊波,人物,3,60,,,造成基礎傷害+66%精神倍率的傷害,
精神衝擊波,人物,4,80,,,造成基礎傷害+68%精神倍率的傷害,
精神衝擊波,人物,5,100,,,造成基礎傷害+70%精神倍率的傷害,
精神衝擊波,人物,6,120,,,造成基礎傷害+72%精神倍率的傷害,
精神衝擊波,人物,7,140,,,造成基礎傷害+74%精神倍率的傷害,
精神衝擊波,人物,8,160,,,造成基礎傷害+76%精神倍率的傷害,
精神衝擊波,人物,9,180,,,造成基礎傷害+78%精神倍率的傷害,
精神衝擊波,人物,10,200,,,造成基礎傷害+80%精神倍率的傷害,
精神衝擊波,人物,11,220,,,造成基礎傷害+82%精神倍率的傷害,
精神衝擊波,人物,12,240,,,造成基礎傷害+84%精神倍率的傷害,
石化魔法,人物,1,5,,,讓敵單體石化2回合,
石化魔法,人物,2,10,,,讓敵單體石化3回合,
石化魔法,人物,3,15,,,讓敵單體石化3回合,
石化魔法,人物,4,20,,,讓敵單體石化4回合,
石化魔法,人物,5,25,,,讓敵單體石化4回合,
石化魔法,人物,6,30,,,讓敵單體石化5回合,
石化魔法,人物,7,35,,,讓敵單體石化5回合,
石化魔法,人物,8,40,,,讓敵單體石化6回合,
石化魔法,人物,9,45,,,讓敵單體石化6回合,
石化魔法,人物,10,50,,,讓敵單體石化7回合,
石化魔法,人物,11,55,,,讓敵單體石化7回合,
石化魔法,人物,12,60,,,讓敵單體石化8回合,
遺忘魔法,人物,1,5,,,讓敵單體遺忘2回合,
遺忘魔法,人物,2,10,,,讓敵單體遺忘3回合,
遺忘魔法,人物,3,15,,,讓敵單體遺忘3回合,
遺忘魔法,人物,4,20,,,讓敵單體遺忘4回合,
遺忘魔法,人物,5,25,,,讓敵單體遺忘4回合,
遺忘魔法,人物,6,30,,,讓敵單體遺忘5回合,
遺忘魔法,人物,7,35,,,讓敵單體遺忘5回合,
遺忘魔法,人物,8,40,,,讓敵單體遺忘6回合,
遺忘魔法,人物,9,45,,,讓敵單體遺忘6回合,
遺忘魔法,人物,10,50,,,讓敵單體遺忘7回合,
遺忘魔法,人物,11,55,,,讓敵單體遺忘7回合,
遺忘魔法,人物,12,60,,,讓敵單體遺忘8回合,
混亂魔法,人物,1,5,,,讓敵單體混亂2回合,
混亂魔法,人物,2,10,,,讓敵單體混亂3回合,
混亂魔法,人物,3,15,,,讓敵單體混亂3回合,
混亂魔法,人物,4,20,,,讓敵單體混亂4回合,
混亂魔法,人物,5,25,,,讓敵單體混亂4回合,
混亂魔法,人物,6,30,,,讓敵單體混亂5回合,
混亂魔法,人物,7,35,,,讓敵單體混亂5回合,
混亂魔法,人物,8,40,,,讓敵單體混亂6回合,
混亂魔法,人物,9,45,,,讓敵單體混亂6回合,
混亂魔法,人物,10,50,,,讓敵單體混亂7回合,
混亂魔法,人物,11,55,,,讓敵單體混亂7回合,
混亂魔法,人物,12,60,,,讓敵單體混亂8回合,
酒醉魔法,人物,1,5,,,讓敵單體酒醉2回合,
酒醉魔法,人物,2,10,,,讓敵單體酒醉3回合,
酒醉魔法,人物,3,15,,,讓敵單體酒醉3回合,
酒醉魔法,人物,4,20,,,讓敵單體酒醉4回合,
酒醉魔法,人物,5,25,,,讓敵單體酒醉4回合,
酒醉魔法,人物,6,30,,,讓敵單體酒醉5回合,
酒醉魔法,人物,7,35,,,讓敵單體酒醉5回合,
酒醉魔法,人物,8,40,,,讓敵單體酒醉6回合,
酒醉魔法,人物,9,45,,,讓敵單體酒醉6回合,
酒醉魔法,人物,10,50,,,讓敵單體酒醉7回合,
酒醉魔法,人物,11,55,,,讓敵單體酒醉7回合,
酒醉魔法,人物,12,60,,,讓敵單體酒醉8回合,
中毒魔法,人物,1,5,,,讓敵單體中毒2回合,
中毒魔法,人物,2,10,,,讓敵單體中毒3回合,
中毒魔法,人物,3,15,,,讓敵單體中毒3回合,
中毒魔法,人物,4,20,,,讓敵單體中毒4回合,
中毒魔法,人物,5,25,,,讓敵單體中毒4回合,
中毒魔法,人物,6,30,,,讓敵單體中毒5回合,
中毒魔法,人物,7,35,,,讓敵單體中毒5回合,
中毒魔法,人物,8,40,,,讓敵單體中毒6回合,
中毒魔法,人物,9,45,,,讓敵單體中毒6回合,
中毒魔法,人物,10,50,,,讓敵單體中毒7回合,
中毒魔法,人物,11,55,,,讓敵單體中毒7回合,
中毒魔法,人物,12,60,,,讓敵單體中毒8回合,
昏睡魔法,人物,1,5,,,讓敵單體昏睡2回合,
昏睡魔法,人物,2,10,,,讓敵單體昏睡3回合,
昏睡魔法,人物,3,15,,,讓敵單體昏睡3回合,
昏睡魔法,人物,4,20,,,讓敵單體昏睡4回合,
昏睡魔法,人物,5,25,,,讓敵單體昏睡4回合,
昏睡魔法,人物,6,30,,,讓敵單體昏睡5回合,
昏睡魔法,人物,7,35,,,讓敵單體昏睡5回合,
昏睡魔法,人物,8,40,,,讓敵單體昏睡6回合,
昏睡魔法,人物,9,45,,,讓敵單體昏睡6回合,
昏睡魔法,人物,10,50,,,讓敵單體昏睡7回合,
昏睡魔法,人物,11,55,,,讓敵單體昏睡7回合,
昏睡魔法,人物,12,60,,,讓敵單體昏睡8回合,
強力石化魔法,人物,1,10,,,讓敵單體及其周圍石化2回合,
強力石化魔法,人物,2,20,,,讓敵單體及其周圍石化3回合,
強力石化魔法,人物,3,30,,,讓敵單體及其周圍石化3回合,
強力石化魔法,人物,4,40,,,讓敵單體及其周圍石化4回合,
強力石化魔法,人物,5,50,,,讓敵單體及其周圍石化4回合,
強力石化魔法,人物,6,60,,,讓敵單體及其周圍石化5回合,
強力石化魔法,人物,7,70,,,讓敵單體及其周圍石化5回合,
強力石化魔法,人物,8,80,,,讓敵單體及其周圍石化6回合,
強力石化魔法,人物,9,90,,,讓敵單體及其周圍石化6回合,
強力石化魔法,人物,10,100,,,讓敵單體及其周圍石化7回合,
強力石化魔法,人物,11,110,,,讓敵單體及其周圍石化7回合,
強力石化魔法,人物,12,120,,,讓敵單體及其周圍石化8回合,
強力遺忘魔法,人物,1,10,,,讓敵單體及其周圍遺忘2回合,
強力遺忘魔法,人物,2,20,,,讓敵單體及其周圍遺忘3回合,
強力遺忘魔法,人物,3,30,,,讓敵單體及其周圍遺忘3回合,
強力遺忘魔法,人物,4,40,,,讓敵單體及其周圍遺忘4回合,
強力遺忘魔法,人物,5,50,,,讓敵單體及其周圍遺忘4回合,
強力遺忘魔法,人物,6,60,,,讓敵單體及其周圍遺忘5回合,
強力遺忘魔法,人物,7,70,,,讓敵單體及其周圍遺忘5回合,
強力遺忘魔法,人物,8,80,,,讓敵單體及其周圍遺忘6回合,
強力遺忘魔法,人物,9,90,,,讓敵單體及其周圍遺忘6回合,
強力遺忘魔法,人物,10,100,,,讓敵單體及其周圍遺忘7回合,
強力遺忘魔法,人物,11,110,,,讓敵單體及其周圍遺忘7回合,
強力遺忘魔法,人物,12,120,,,讓敵單體及其周圍遺忘8回合,
強力混亂魔法,人物,1,10,,,讓敵單體及其周圍混亂2回合,
強力混亂魔法,人物,2,20,,,讓敵單體及其周圍混亂3回合,
強力混亂魔法,人物,3,30,,,讓敵單體及其周圍混亂3回合,
強力混亂魔法,人物,4,40,,,讓敵單體及其周圍混亂4回合,
強力混亂魔法,人物,5,50,,,讓敵單體及其周圍混亂4回合,
強力混亂魔法,人物,6,60,,,讓敵單體及其周圍混亂5回合,
強力混亂魔法,人物,7,70,,,讓敵單體及其周圍混亂5回合,
強力混亂魔法,人物,8,80,,,讓敵單體及其周圍混亂6回合,
強力混亂魔法,人物,9,90,,,讓敵單體及其周圍混亂6回合,
強力混亂魔法,人物,10,100,,,讓敵單體及其周圍混亂7回合,
強力混亂魔法,人物,11,110,,,讓敵單體及其周圍混亂7回合,
強力混亂魔法,人物,12,120,,,讓敵單體及其周圍混亂8回合,
強力酒醉魔法,人物,1,10,,,讓敵單體及其周圍酒醉2回合,
強力酒醉魔法,人物,2,20,,,讓敵單體及其周圍酒醉3回合,
強力酒醉魔法,人物,3,30,,,讓敵單體及其周圍酒醉3回合,
強力酒醉魔法,人物,4,40,,,讓敵單體及其周圍酒醉4回合,
強力酒醉魔法,人物,5,50,,,讓敵單體及其周圍酒醉4回合,
強力酒醉魔法,人物,6,60,,,讓敵單體及其周圍酒醉5回合,
強力酒醉魔法,人物,7,70,,,讓敵單體及其周圍酒醉5回合,
強力酒醉魔法,人物,8,80,,,讓敵單體及其周圍酒醉6回合,
強力酒醉魔法,人物,9,90,,,讓敵單體及其周圍酒醉6回合,
強力酒醉魔法,人物,10,100,,,讓敵單體及其周圍酒醉7回合,
強力酒醉魔法,人物,11,110,,,讓敵單體及其周圍酒醉7回合,
強力酒醉魔法,人物,12,120,,,讓敵單體及其周圍酒醉8回合,
強力中毒魔法,人物,1,10,,,讓敵單體及其周圍中毒2回合,
強力中毒魔法,人物,2,20,,,讓敵單體及其周圍中毒3回合,
強力中毒魔法,人物,3,30,,,讓敵單體及其周圍中毒3回合,
強力中毒魔法,人物,4,40,,,讓敵單體及其周圍中毒4回合,
強力中毒魔法,人物,5,50,,,讓敵單體及其周圍中毒4回合,
強力中毒魔法,人物,6,60,,,讓敵單體及其周圍中毒5回合,
強力中毒魔法,人物,7,70,,,讓敵單體及其周圍中毒5回合,
強力中毒魔法,人物,8,80,,,讓敵單體及其周圍中毒6回合,
強力中毒魔法,人物,9,90,,,讓敵單體及其周圍中毒6回合,
強力中毒魔法,人物,10,100,,,讓敵單體及其周圍中毒7回合,
強力中毒魔法,人物,11,110,,,讓敵單體及其周圍中毒7回合,
強力中毒魔法,人物,12,120,,,讓敵單體及其周圍中毒8回合,
強力昏睡魔法,人物,1,10,,,讓敵單體及其周圍昏睡2回合,
強力昏睡魔法,人物,2,20,,,讓敵單體及其周圍昏睡3回合,
強力昏睡魔法,人物,3,30,,,讓敵單體及其周圍昏睡3回合,
強力昏睡魔法,人物,4,40,,,讓敵單體及其周圍昏睡4回合,
強力昏睡魔法,人物,5,50,,,讓敵單體及其周圍昏睡4回合,
強力昏睡魔法,人物,6,60,,,讓敵單體及其周圍昏睡5回合,
強力昏睡魔法,人物,7,70,,,讓敵單體及其周圍昏睡5回合,
強力昏睡魔法,人物,8,80,,,讓敵單體及其周圍昏睡6回合,
強力昏睡魔法,人物,9,90,,,讓敵單體及其周圍昏睡6回合,
強力昏睡魔法,人物,10,100,,,讓敵單體及其周圍昏睡7回合,
強力昏睡魔法,人物,11,110,,,讓敵單體及其周圍昏睡7回合,
強力昏睡魔法,人物,12,120,,,讓敵單體及其周圍昏睡8回合,
超強石化魔法,人物,1,20,,,讓一側全體石化2回合,
超強石化魔法,人物,2,40,,,讓一側全體石化3回合,
超強石化魔法,人物,3,60,,,讓一側全體石化3回合,
超強石化魔法,人物,4,80,,,讓一側全體石化4回合,
超強石化魔法,人物,5,100,,,讓一側全體石化4回合,
超強石化魔法,人物,6,120,,,讓一側全體石化5回合,
超強石化魔法,人物,7,140,,,讓一側全體石化5回合,
超強石化魔法,人物,8,160,,,讓一側全體石化6回合,
超強石化魔法,人物,9,180,,,讓一側全體石化6回合,
超強石化魔法,人物,10,200,,,讓一側全體石化7回合,
超強石化魔法,人物,11,220,,,讓一側全體石化7回合,
超強石化魔法,人物,12,240,,,讓一側全體石化8回合,
超強遺忘魔法,人物,1,20,,,讓一側全體遺忘2回合,
超強遺忘魔法,人物,2,40,,,讓一側全體遺忘3回合,
超強遺忘魔法,人物,3,60,,,讓一側全體遺忘3回合,
超強遺忘魔法,人物,4,80,,,讓一側全體遺忘4回合,
超強遺忘魔法,人物,5,100,,,讓一側全體遺忘4回合,
超強遺忘魔法,人物,6,120,,,讓一側全體遺忘5回合,
超強遺忘魔法,人物,7,140,,,讓一側全體遺忘5回合,
超強遺忘魔法,人物,8,160,,,讓一側全體遺忘6回合,
超強遺忘魔法,人物,9,180,,,讓一側全體遺忘6回合,
超強遺忘魔法,人物,10,200,,,讓一側全體遺忘7回合,
超強遺忘魔法,人物,11,220,,,讓一側全體遺忘7回合,
超強遺忘魔法,人物,12,240,,,讓一側全體遺忘8回合,
超強混亂魔法,人物,1,20,,,1 讓一側全體混亂2回合,
超強混亂魔法,人物,2,40,,,讓一側全體混亂3回合,
超強混亂魔法,人物,3,60,,,讓一側全體混亂3回合,
超強混亂魔法,人物,4,80,,,讓一側全體混亂4回合,
超強混亂魔法,人物,5,100,,,讓一側全體混亂4回合,
超強混亂魔法,人物,6,120,,,讓一側全體混亂5回合,
超強混亂魔法,人物,7,140,,,讓一側全體混亂5回合,
超強混亂魔法,人物,8,160,,,讓一側全體混亂6回合,
超強混亂魔法,人物,9,180,,,讓一側全體混亂6回合,
超強混亂魔法,人物,10,200,,,讓一側全體混亂7回合,
超強混亂魔法,人物,11,220,,,讓一側全體混亂7回合,
超強混亂魔法,人物,12,240,,,讓一側全體混亂8回合,
超強酒醉魔法,人物,1,20,,,讓一側全體酒醉2回合,
超強酒醉魔法,人物,2,40,,,讓一側全體酒醉3回合,
超強酒醉魔法,人物,3,60,,,讓一側全體酒醉3回合,
超強酒醉魔法,人物,4,80,,,讓一側全體酒醉4回合,
超強酒醉魔法,人物,5,100,,,讓一側全體酒醉4回合,
超強酒醉魔法,人物,6,120,,,讓一側全體酒醉5回合,
超強酒醉魔法,人物,7,140,,,讓一側全體酒醉5回合,
超強酒醉魔法,人物,8,160,,,讓一側全體酒醉6回合,
超強酒醉魔法,人物,9,180,,,讓一側全體酒醉6回合,
超強酒醉魔法,人物,10,200,,,讓一側全體酒醉7回合,
超強酒醉魔法,人物,11,220,,,讓一側全體酒醉7回合,
超強酒醉魔法,人物,12,240,,,讓一側全體酒醉8回合,
超強中毒魔法,人物,1,20,,,讓一側全體中毒2回合,
超強中毒魔法,人物,2,40,,,讓一側全體中毒3回合,
超強中毒魔法,人物,3,60,,,讓一側全體中毒3回合,
超強中毒魔法,人物,4,80,,,讓一側全體中毒4回合,
超強中毒魔法,人物,5,100,,,讓一側全體中毒4回合,
超強中毒魔法,人物,6,120,,,讓一側全體中毒5回合,
超強中毒魔法,人物,7,140,,,讓一側全體中毒5回合,
超強中毒魔法,人物,8,160,,,讓一側全體中毒6回合,
超強中毒魔法,人物,9,180,,,讓一側全體中毒6回合,
超強中毒魔法,人物,10,200,,,讓一側全體中毒7回合,
超強中毒魔法,人物,11,220,,,讓一側全體中毒7回合,
超強中毒魔法,人物,12,240,,,讓一側全體中毒8回合,
超強昏睡魔法,人物,1,20,,,讓一側全體昏睡2回合,
超強昏睡魔法,人物,2,40,,,讓一側全體昏睡3回合,
超強昏睡魔法,人物,3,60,,,讓一側全體昏睡3回合,
超強昏睡魔法,人物,4,80,,,讓一側全體昏睡4回合,
超強昏睡魔法,人物,5,100,,,讓一側全體昏睡4回合,
超強昏睡魔法,人物,6,120,,,讓一側全體昏睡5回合,
超強昏睡魔法,人物,7,140,,,讓一側全體昏睡5回合,
超強昏睡魔法,人物,8,160,,,讓一側全體昏睡6回合,
超強昏睡魔法,人物,9,180,,,讓一側全體昏睡6回合,
超強昏睡魔法,人物,10,200,,,讓一側全體昏睡7回合,
超強昏睡魔法,人物,11,220,,,讓一側全體昏睡7回合,
超強昏睡魔法,人物,12,240,,,讓一側全體昏睡8回合,
大地的祈禱,人物,1,15,,,雙方戰鬥2回合間，地屬性傷害值減輕1%,
大地的祈禱,人物,2,17,,,雙方戰鬥3回合間，地屬性傷害值減輕1%,
大地的祈禱,人物,3,22,,,雙方戰鬥3回合間，地屬性傷害值減輕1.5%,
大地的祈禱,人物,4,25,,,雙方戰鬥4回合間，地屬性傷害值減輕1.5%,
大地的祈禱,人物,5,30,,,雙方戰鬥4回合間，地屬性傷害值減輕2%,
大地的祈禱,人物,6,32,,,雙方戰鬥5回合間，地屬性傷害值減輕2%,
大地的祈禱,人物,7,37,,,雙方戰鬥5回合間，地屬性傷害值減輕2.5%,
大地的祈禱,人物,8,40,,,雙方戰鬥6回合間，地屬性傷害值減輕2.5%,
大地的祈禱,人物,9,45,,,雙方戰鬥6回合間，地屬性傷害值減輕3%,
大地的祈禱,人物,10,52,,,雙方戰鬥7回合間，地屬性傷害值減輕3%,
大地的祈禱,人物,11,59,,,雙方戰鬥7回合間，地屬性傷害值減輕3%,
大地的祈禱,人物,12,66,,,雙方戰鬥8回合間，地屬性傷害值減輕3%,
海洋的祈禱,人物,1,15,,,雙方戰鬥2回合間，水屬性傷害值減輕1%,
海洋的祈禱,人物,2,17,,,雙方戰鬥3回合間，水屬性傷害值減輕1%,
海洋的祈禱,人物,3,22,,,雙方戰鬥3回合間，水屬性傷害值減輕1.5%,
海洋的祈禱,人物,4,25,,,雙方戰鬥4回合間，水屬性傷害值減輕1.5%,
海洋的祈禱,人物,5,30,,,雙方戰鬥4回合間，水屬性傷害值減輕2%,
海洋的祈禱,人物,6,32,,,雙方戰鬥5回合間，水屬性傷害值減輕2%,
海洋的祈禱,人物,7,37,,,雙方戰鬥5回合間，水屬性傷害值減輕2.5%,
海洋的祈禱,人物,8,40,,,雙方戰鬥6回合間，水屬性傷害值減輕2.5%,
海洋的祈禱,人物,9,45,,,雙方戰鬥6回合間，水屬性傷害值減輕3%,
海洋的祈禱,人物,10,52,,,雙方戰鬥7回合間，水屬性傷害值減輕3%,
海洋的祈禱,人物,11,59,,,雙方戰鬥7回合間，水屬性傷害值減輕3%,
海洋的祈禱,人物,12,66,,,雙方戰鬥8回合間，水屬性傷害值減輕3%,
火焰的祈禱,人物,1,15,,,雙方戰鬥2回合間，火屬性傷害值減輕1%,
火焰的祈禱,人物,2,17,,,雙方戰鬥3回合間，火屬性傷害值減輕1%,
火焰的祈禱,人物,3,22,,,雙方戰鬥3回合間，火屬性傷害值減輕1.5%,
火焰的祈禱,人物,4,25,,,雙方戰鬥4回合間，火屬性傷害值減輕1.5%,
火焰的祈禱,人物,5,30,,,雙方戰鬥4回合間，火屬性傷害值減輕2%,
火焰的祈禱,人物,6,32,,,雙方戰鬥5回合間，火屬性傷害值減輕2%,
火焰的祈禱,人物,7,37,,,雙方戰鬥5回合間，火屬性傷害值減輕2.5%,
火焰的祈禱,人物,8,40,,,雙方戰鬥6回合間，火屬性傷害值減輕2.5%,
火焰的祈禱,人物,9,45,,,雙方戰鬥6回合間，火屬性傷害值減輕3%,
火焰的祈禱,人物,10,52,,,雙方戰鬥7回合間，火屬性傷害值減輕3%,
火焰的祈禱,人物,11,59,,,雙方戰鬥7回合間，火屬性傷害值減輕3%,
火焰的祈禱,人物,12,66,,,雙方戰鬥8回合間，火屬性傷害值減輕3%,
雲群的祈禱,人物,1,15,,,雙方戰鬥2回合間，風屬性傷害值減輕1%,
雲群的祈禱,人物,2,17,,,雙方戰鬥3回合間，風屬性傷害值減輕1%,
雲群的祈禱,人物,3,22,,,雙方戰鬥3回合間，風屬性傷害值減輕1.5%,
雲群的祈禱,人物,4,25,,,雙方戰鬥4回合間，風屬性傷害值減輕1.5%,
雲群的祈禱,人物,5,30,,,雙方戰鬥4回合間，風屬性傷害值減輕2%,
雲群的祈禱,人物,6,32,,,雙方戰鬥5回合間，風屬性傷害值減輕2%,
雲群的祈禱,人物,7,37,,,雙方戰鬥5回合間，風屬性傷害值減輕2.5%,
雲群的祈禱,人物,8,40,,,雙方戰鬥6回合間，風屬性傷害值減輕2.5%,
雲群的祈禱,人物,9,45,,,雙方戰鬥6回合間，風屬性傷害值減輕3%,
雲群的祈禱,人物,10,52,,,雙方戰鬥7回合間，風屬性傷害值減輕3%,
雲群的祈禱,人物,11,59,,,雙方戰鬥7回合間，風屬性傷害值減輕3%,
雲群的祈禱,人物,12,66,,,雙方戰鬥8回合間，風屬性傷害值減輕3%,
屬性反轉,人物,1,10,,,指定對象2回合屬性反轉,
屬性反轉,人物,2,12,,,指定對象3回合屬性反轉,
屬性反轉,人物,3,15,,,指定對象3回合屬性反轉,
屬性反轉,人物,4,17,,,指定對象4回合屬性反轉,
屬性反轉,人物,5,20,,,指定對象4回合屬性反轉,
屬性反轉,人物,6,22,,,指定對象5回合屬性反轉,
屬性反轉,人物,7,25,,,指定對象5回合屬性反轉,
屬性反轉,人物,8,27,,,指定對象6回合屬性反轉,
屬性反轉,人物,9,30,,,指定對象6回合屬性反轉,
屬性反轉,人物,10,32,,,指定對象7回合屬性反轉,
屬性反轉,人物,11,34,,,指定對象7回合屬性反轉,
屬性反轉,人物,12,36,,,指定對象8回合屬性反轉,
補血魔法,人物,1,15,,,回復對象回復力的60%,
補血魔法,人物,2,30,,,回復對象回復力的120%,
補血魔法,人物,3,45,,,回復對象回復力的180%,
補血魔法,人物,4,60,,,回復對象回復力的240%,
補血魔法,人物,5,75,,,回復對象回復力的300%,
補血魔法,人物,6,90,,,回復對象回復力的360%,
補血魔法,人物,7,105,,,回復對象回復力的420%,
補血魔法,人物,8,120,,,回復對象回復力的480%,
補血魔法,人物,9,135,,,回復對象回復力的540%,
補血魔法,人物,10,150,,,回復對象回復力的600%,
補血魔法,人物,11,165,,,回復對象回復力的660%（推估）,
補血魔法,人物,12,180,,,回復對象回復力的720%（推估）,
強力補血魔法,人物,1,18,,,回復範圍內對象回復力的36%,
強力補血魔法,人物,2,36,,,回復範圍內對象回復力的72%,
強力補血魔法,人物,3,54,,,回復範圍內對象回復力的108%,
強力補血魔法,人物,4,72,,,回復範圍內對象回復力的144%,
強力補血魔法,人物,5,90,,,回復範圍內對象回復力的180%,
強力補血魔法,人物,6,108,,,回復範圍內對象回復力的216%,
強力補血魔法,人物,7,126,,,回復範圍內對象回復力的252%,
強力補血魔法,人物,8,144,,,回復範圍內對象回復力的288%,
強力補血魔法,人物,9,162,,,回復範圍內對象回復力的324%,
強力補血魔法,人物,10,180,,,回復範圍內對象回復力的360%,
強力補血魔法,人物,11,198,,,回復範圍內對象回復力的396%（推估）,
強力補血魔法,人物,12,216,,,回復範圍內對象回復力的432%（推估）,
超強補血魔法,人物,1,24,,,回復一側全體回復力的24%,
超強補血魔法,人物,2,48,,,回復一側全體回復力的48%,
超強補血魔法,人物,3,72,,,回復一側全體回復力的72%,
超強補血魔法,人物,4,96,,,回復一側全體回復力的96%,
超強補血魔法,人物,5,120,,,回復一側全體回復力的120%,
超強補血魔法,人物,6,144,,,回復一側全體回復力的144%,
超強補血魔法,人物,7,168,,,回復一側全體回復力的168%,
超強補血魔法,人物,8,192,,,回復一側全體回復力的192%,
超強補血魔法,人物,9,216,,,回復一側全體回復力的216%,
超強補血魔法,人物,10,240,,,回復一側全體回復力的240%,
超強補血魔法,人物,11,264,,,回復一側全體回復力的264%（推估）,
超強補血魔法,人物,12,288,,,回復一側全體回復力的288%（推估）,
氣絕回復,人物,1,5,,,戰鬥中復活一對象，並回復約60點生命力,
氣絕回復,人物,2,10,,,戰鬥中復活一對象，並回復約120點生命力,
氣絕回復,人物,3,15,,,戰鬥中復活一對象，並回復約180點生命力,
氣絕回復,人物,4,20,,,戰鬥中復活一對象，並回復約240點生命力,
氣絕回復,人物,5,25,,,戰鬥中復活一對象，並回復約300點生命力,
氣絕回復,人物,6,30,,,戰鬥中復活一對象，並回復約360點生命力,
氣絕回復,人物,7,35,,,戰鬥中復活一對象，並回復約420點生命力,
氣絕回復,人物,8,40,,,戰鬥中復活一對象，並回復約480點生命力,
氣絕回復,人物,9,45,,,戰鬥中復活一對象，並回復約540點生命力,
氣絕回復,人物,10,50,,,戰鬥中復活一對象，並回復約600點生命力,
氣絕回復,人物,11,55,,,戰鬥中復活一對象，並回復約660點生命力（推估）,
氣絕回復,人物,12,60,,,戰鬥中復活一對象，並回復約720點生命力（推估）,
潔淨魔法,人物,1,10,,,30%概率恢復單體異常狀態,
潔淨魔法,人物,2,15,,,60%概率恢復單體異常狀態,
潔淨魔法,人物,3,20,,,90%概率恢復單體異常狀態,
潔淨魔法,人物,4,20,,,30%概率恢復單體及其周圍異常狀態,
潔淨魔法,人物,5,30,,,60%概率恢復單體及其周圍異常狀態,
潔淨魔法,人物,6,40,,,90%概率恢復單體及其周圍異常狀態,
潔淨魔法,人物,7,40,,,30%概率恢復全體異常狀態,
潔淨魔法,人物,8,60,,,60%概率恢復全體異常狀態,
潔淨魔法,人物,9,80,,,90%概率恢復全體異常狀態,
潔淨魔法,人物,10,100,,,大於90%概率恢復全體異常狀態,
恢復魔法,人物,1,15,,,單體6回合行動時恢復「回復*20%」的生命力,
恢復魔法,人物,2,30,,,單體6回合行動時恢復「回復*40%」的生命力,
恢復魔法,人物,3,45,,,單體6回合行動時恢復「回復*60%」的生命力,
恢復魔法,人物,4,60,,,單體6回合行動時恢復「回復*80%」的生命力,
恢復魔法,人物,5,75,,,單體6回合行動時恢復「回復*100%」的生命力,
恢復魔法,人物,6,90,,,單體6回合行動時恢復「回復*120%」的生命力,
恢復魔法,人物,7,105,,,單體6回合行動時恢復「回復*140%」的生命力,
恢復魔法,人物,8,120,,,單體6回合行動時恢復「回復*160%」的生命力,
恢復魔法,人物,9,135,,,單體6回合行動時恢復「回復*180%」的生命力,
恢復魔法,人物,10,150,,,單體6回合行動時恢復「回復*200%」的生命力,
恢復魔法,人物,11,165,,,單體6回合行動時恢復「回復*220%」的生命力（推估）,
恢復魔法,人物,12,180,,,單體6回合行動時恢復「回復*240%」的生命力（推估）,
強力恢復魔法,人物,1,18,,,1~4體6回合行動時恢復「回復*12%」的生命力,
強力恢復魔法,人物,2,36,,,1~4體6回合行動時恢復「回復*24%」的生命力,
強力恢復魔法,人物,3,54,,,1~4體6回合行動時恢復「回復*36%」的生命力,
強力恢復魔法,人物,4,72,,,1~4體6回合行動時恢復「回復*48%」的生命力,
強力恢復魔法,人物,5,90,,,1~4體6回合行動時恢復「回復*60%」的生命力,
強力恢復魔法,人物,6,108,,,1~4體6回合行動時恢復「回復*72%」的生命力,
強力恢復魔法,人物,7,126,,,1~4體6回合行動時恢復「回復*84%」的生命力,
強力恢復魔法,人物,8,144,,,1~4體6回合行動時恢復「回復*96%」的生命力,
強力恢復魔法,人物,9,162,,,1~4體6回合行動時恢復「回復*108%」的生命力,
強力恢復魔法,人物,10,180,,,1~4體6回合行動時恢復「回復*120%」的生命力,
強力恢復魔法,人物,11,198,,,1~4體6回合行動時恢復「回復*132%」的生命力（推估）,
強力恢復魔法,人物,12,216,,,1~4體6回合行動時恢復「回復*144%」的生命力（推估）,
超強恢復魔法,人物,1,24,,,全體6回合行動時恢復「回復*8%」的生命力,
超強恢復魔法,人物,2,48,,,全體6回合行動時恢復「回復*16%」的生命力,
超強恢復魔法,人物,3,72,,,全體6回合行動時恢復「回復*24%」的生命力,
超強恢復魔法,人物,4,96,,,全體6回合行動時恢復「回復*32%」的生命力,
超強恢復魔法,人物,5,120,,,全體6回合行動時恢復「回復*40%」的生命力,
超強恢復魔法,人物,6,144,,,全體6回合行動時恢復「回復*48%」的生命力,
超強恢復魔法,人物,7,168,,,全體6回合行動時恢復「回復*56%」的生命力,
超強恢復魔法,人物,8,192,,,全體6回合行動時恢復「回復*64%」的生命力,
超強恢復魔法,人物,9,216,,,全體6回合行動時恢復「回復*72%」的生命力,
超強恢復魔法,人物,10,240,,,全體6回合行動時恢復「回復*80%」的生命力,
超強恢復魔法,人物,11,264,,,全體6回合行動時恢復「回復*88%」的生命力（推估）,
超強恢復魔法,人物,12,288,,,全體6回合行動時恢復「回復*96%」的生命力（推估）,
攻擊吸收,人物,1,20,,,單體2次行動間處於物理攻擊吸收1回合狀態,
攻擊吸收,人物,2,30,,,單體3次行動間處於物理攻擊吸收1回合狀態,
攻擊吸收,人物,3,40,,,單體3次行動間處於物理攻擊吸收1回合狀態,
攻擊吸收,人物,4,50,,,單體4次行動間處於物理攻擊吸收1回合狀態,
攻擊吸收,人物,5,60,,,單體4次行動間處於物理攻擊吸收1回合狀態,
攻擊吸收,人物,6,70,,,單體5次行動間處於物理攻擊吸收1回合狀態,
攻擊吸收,人物,7,80,,,單體5次行動間處於物理攻擊吸收1回合狀態,
攻擊吸收,人物,8,90,,,單體6次行動間處於物理攻擊吸收1回合狀態,
攻擊吸收,人物,9,100,,,單體6次行動間處於物理攻擊吸收1回合狀態,
攻擊吸收,人物,10,110,,,單體7次行動間處於物理攻擊吸收1回合狀態,
攻擊吸收,人物,11,120,,,單體8次行動間處於物理攻擊吸收1回合狀態（推估）,
攻擊吸收,人物,12,130,,,單體9次行動間處於物理攻擊吸收1回合狀態（推估）,
魔法吸收,人物,1,20,,,單體2次行動間處於魔法吸收1回合狀態,
魔法吸收,人物,2,30,,,單體3次行動間處於魔法吸收1回合狀態,
魔法吸收,人物,3,40,,,單體3次行動間處於魔法吸收1回合狀態,
魔法吸收,人物,4,50,,,單體4次行動間處於魔法吸收1回合狀態,
魔法吸收,人物,5,60,,,單體4次行動間處於魔法吸收1回合狀態,
魔法吸收,人物,6,70,,,單體5次行動間處於魔法吸收1回合狀態,
魔法吸收,人物,7,80,,,單體5次行動間處於魔法吸收1回合狀態,
魔法吸收,人物,8,90,,,單體6次行動間處於魔法吸收1回合狀態,
魔法吸收,人物,9,100,,,單體6次行動間處於魔法吸收1回合狀態,
魔法吸收,人物,10,110,,,單體7次行動間處於魔法吸收1回合狀態,
魔法吸收,人物,11,120,,,單體8次行動間處於魔法吸收1回合狀態（推估）,
魔法吸收,人物,12,130,,,單體9次行動間處於魔法吸收1回合狀態（推估）,
攻擊反彈,人物,1,20,,,單體2次行動間處於物理攻擊反彈1回合狀態,
攻擊反彈,人物,2,30,,,單體3次行動間處於物理攻擊反彈1回合狀態,
攻擊反彈,人物,3,40,,,單體3次行動間處於物理攻擊反彈1回合狀態,
攻擊反彈,人物,4,50,,,單體4次行動間處於物理攻擊反彈1回合狀態,
攻擊反彈,人物,5,60,,,單體4次行動間處於物理攻擊反彈1回合狀態,
攻擊反彈,人物,6,70,,,單體5次行動間處於物理攻擊反彈1回合狀態,
攻擊反彈,人物,7,80,,,單體5次行動間處於物理攻擊反彈1回合狀態,
攻擊反彈,人物,8,90,,,單體6次行動間處於物理攻擊反彈1回合狀態,
攻擊反彈,人物,9,100,,,單體6次行動間處於物理攻擊反彈1回合狀態,
攻擊反彈,人物,10,110,,,單體7次行動間處於物理攻擊反彈1回合狀態,
攻擊反彈,人物,11,120,,,單體8次行動間處於物理攻擊反彈1回合狀態（推估）,
攻擊反彈,人物,12,130,,,單體9次行動間處於物理攻擊反彈1回合狀態（推估）,
魔法反彈,人物,1,20,,,單體2次行動間處於魔法反彈1回合狀態,
魔法反彈,人物,2,30,,,單體3次行動間處於魔法反彈1回合狀態,
魔法反彈,人物,3,40,,,單體3次行動間處於魔法反彈1回合狀態,
魔法反彈,人物,4,50,,,單體4次行動間處於魔法反彈1回合狀態,
魔法反彈,人物,5,60,,,單體4次行動間處於魔法反彈1回合狀態,
魔法反彈,人物,6,70,,,單體5次行動間處於魔法反彈1回合狀態,
魔法反彈,人物,7,80,,,單體5次行動間處於魔法反彈1回合狀態,
魔法反彈,人物,8,90,,,單體6次行動間處於魔法反彈1回合狀態,
魔法反彈,人物,9,100,,,單體6次行動間處於魔法反彈1回合狀態,
魔法反彈,人物,10,110,,,單體7次行動間處於魔法反彈1回合狀態,
魔法反彈,人物,11,120,,,單體8次行動間處於魔法反彈1回合狀態（推估）,
魔法反彈,人物,12,130,,,單體9次行動間處於魔法反彈1回合狀態（推估）,
攻擊無效,人物,1,20,,,單體2次行動間處於物理攻擊無效2回合狀態,
攻擊無效,人物,2,30,,,單體3次行動間處於物理攻擊無效2回合狀態,
攻擊無效,人物,3,40,,,單體3次行動間處於物理攻擊無效2回合狀態,
攻擊無效,人物,4,50,,,單體4次行動間處於物理攻擊無效2回合狀態,
攻擊無效,人物,5,60,,,單體4次行動間處於物理攻擊無效2回合狀態,
攻擊無效,人物,6,70,,,單體5次行動間處於物理攻擊無效2回合狀態,
攻擊無效,人物,7,80,,,單體5次行動間處於物理攻擊無效2回合狀態,
攻擊無效,人物,8,90,,,單體6次行動間處於物理攻擊無效2回合狀態,
攻擊無效,人物,9,100,,,單體6次行動間處於物理攻擊無效2回合狀態,
攻擊無效,人物,10,110,,,單體7次行動間處於物理攻擊無效2回合狀態,
攻擊無效,人物,11,120,,,單體8次行動間處於物理攻擊無效2回合狀態（推估）,
攻擊無效,人物,12,130,,,單體9次行動間處於物理攻擊無效2回合狀態（推估）,
魔法無效,人物,1,20,,,單體2次行動間處於魔法攻擊無效2回合狀態,
魔法無效,人物,2,30,,,單體3次行動間處於魔法攻擊無效2回合狀態,
魔法無效,人物,3,40,,,單體3次行動間處於魔法攻擊無效2回合狀態,
魔法無效,人物,4,50,,,單體4次行動間處於魔法攻擊無效2回合狀態,
魔法無效,人物,5,60,,,單體4次行動間處於魔法攻擊無效2回合狀態,
魔法無效,人物,6,70,,,單體5次行動間處於魔法攻擊無效2回合狀態,
魔法無效,人物,7,80,,,單體5次行動間處於魔法攻擊無效2回合狀態,
魔法無效,人物,8,90,,,單體6次行動間處於魔法攻擊無效2回合狀態,
魔法無效,人物,9,100,,,單體6次行動間處於魔法攻擊無效2回合狀態,
魔法無效,人物,10,110,,,單體7次行動間處於魔法攻擊無效2回合狀態,
魔法無效,人物,11,120,,,單體8次行動間處於魔法攻擊無效2回合狀態（推估）,
魔法無效,人物,12,130,,,單體9次行動間處於魔法攻擊無效2回合狀態（推估）,
鑑定,人物,1,10,,,可以鑑定等級1的不明道具,
鑑定,人物,2,20,,,可以鑑定等級2的不明道具,
鑑定,人物,3,30,,,可以鑑定等級3的不明道具,
鑑定,人物,4,40,,,可以鑑定等級4的不明道具,
鑑定,人物,5,50,,,可以鑑定等級5的不明道具,
鑑定,人物,6,60,,,可以鑑定等級6的不明道具,
鑑定,人物,7,70,,,可以鑑定等級7的不明道具,
鑑定,人物,8,80,,,可以鑑定等級8的不明道具,
鑑定,人物,9,90,,,可以鑑定等級9的不明道具,
鑑定,人物,10,100,,,可以鑑定等級10的不明道具,
鑑定,人物,11,110,,,可以鑑定等級11的不明道具（推估）,
鑑定,人物,12,120,,,可以鑑定等級12的不明道具（推估）,
治療,人物,1,30,,,可以治療相應階段的傷勢,
治療,人物,2,35,,,可以治療相應階段的傷勢,
治療,人物,3,40,,,可以治療相應階段的傷勢,
治療,人物,4,45,,,可以治療相應階段的傷勢,
治療,人物,5,50,,,可以治療相應階段的傷勢,
治療,人物,6,55,,,可以治療相應階段的傷勢,
治療,人物,7,60,,,可以治療相應階段的傷勢,
治療,人物,8,65,,,可以治療相應階段的傷勢,
治療,人物,9,70,,,可以治療相應階段的傷勢,
治療,人物,10,80,,,可以治療相應階段的傷勢,
治療,人物,11,90,,,可以治療相應階段的傷勢（推估）,
治療,人物,12,100,,,可以治療相應階段的傷勢（推估）,
急救,人物,1,10,,,回復對象約30的生命力,
急救,人物,2,17,,,回復對象約60的生命力,
急救,人物,3,24,,,回復對象約100的生命力,
急救,人物,4,20,,,回復對象約100的生命力,
急救,人物,5,35,,,回復對象約200的生命力,
急救,人物,6,40,,,回復對象約270的生命力,
急救,人物,7,40,,,回復對象約310的生命力,
急救,人物,8,45,,,回復對象約430的生命力,
急救,人物,9,45,,,回復對象約585的生命力,
急救,人物,10,50,,,回復對象約900的生命力,
急救,人物,11,55,,,回復對象約1215的生命力（推估）,
急救,人物,12,60,,,回復對象約1530的生命力（推估）,
調教,人物,1,,,,等級10以下的寵物忠誠提升，寵物使用技能消耗魔力減少,
調教,人物,2,,,,等級20以下的寵物忠誠提升，寵物使用技能消耗魔力減少,
調教,人物,3,,,,等級30以下的寵物忠誠提升，寵物使用技能消耗魔力減少,
調教,人物,4,,,,等級40以下的寵物忠誠提升，寵物使用技能消耗魔力減少,
調教,人物,5,,,,等級50以下的寵物忠誠提升，寵物使用技能消耗魔力減少,
調教,人物,6,,,,等級60以下的寵物忠誠提升，寵物使用技能消耗魔力減少,
調教,人物,7,,,,等級70以下的寵物忠誠提升，寵物使用技能消耗魔力減少,
調教,人物,8,,,,等級80以下的寵物忠誠提升，寵物使用技能消耗魔力減少,
調教,人物,9,,,,等級90以下的寵物忠誠提升，寵物使用技能消耗魔力減少,
調教,人物,10,,,,等級100以下的寵物忠誠提升，寵物使用技能消耗魔力減少,
調教,人物,11,,,,等級110以下的寵物忠誠提升，寵物使用技能消耗魔力減少（推估）,
調教,人物,12,,,,等級120以下的寵物忠誠提升，寵物使用技能消耗魔力減少（推估）,
刻印,人物,1,10,,,在道具上刻下想要的字,
武器修理,人物,1,10,,,可以修理等級1的武器,
武器修理,人物,2,20,,,可以修理等級2的武器,
武器修理,人物,3,30,,,可以修理等級3的武器,
武器修理,人物,4,40,,,可以修理等級4的武器,
武器修理,人物,5,50,,,可以修理等級5的武器,
武器修理,人物,6,60,,,可以修理等級6的武器,
武器修理,人物,7,70,,,可以修理等級7的武器,
武器修理,人物,8,80,,,可以修理等級8的武器,
武器修理,人物,9,90,,,可以修理等級9的武器,
武器修理,人物,10,100,,,可以修理等級10的武器,
武器修理,人物,11,110,,,可以修理等級11的武器（推估）,
武器修理,人物,12,120,,,可以修理等級12的武器（推估）,
防具修理,人物,1,10,,,可以修理等級1的防具,
防具修理,人物,2,20,,,可以修理等級2的防具,
防具修理,人物,3,30,,,可以修理等級3的防具,
防具修理,人物,4,40,,,可以修理等級4的防具,
防具修理,人物,5,50,,,可以修理等級5的防具,
防具修理,人物,6,60,,,可以修理等級6的防具,
防具修理,人物,7,70,,,可以修理等級7的防具,
防具修理,人物,8,80,,,可以修理等級8的防具,
防具修理,人物,9,90,,,可以修理等級9的防具,
防具修理,人物,10,100,,,可以修理等級10的防具,
防具修理,人物,11,110,,,可以修理等級11的防具（推估）,
防具修理,人物,12,120,,,可以修理等級12的防具（推估）,
寵物強化,人物,1,,,,寵物經驗值取得上升4%,
寵物強化,人物,2,,,,寵物經驗值取得上升8%,
寵物強化,人物,3,,,,寵物經驗值取得上升12%,
寵物強化,人物,4,,,,寵物經驗值取得上升16%,
寵物強化,人物,5,,,,寵物經驗值取得上升20%,
寵物強化,人物,6,,,,寵物經驗值取得上升24%,
寵物強化,人物,7,,,,寵物經驗值取得上升28%,
寵物強化,人物,8,,,,寵物經驗值取得上升32%,
寵物強化,人物,9,,,,寵物經驗值取得上升36%,
寵物強化,人物,10,,,,寵物經驗值取得上升40%,
寵物強化,人物,11,,,,寵物經驗值取得上升44%（推估）,
寵物強化,人物,12,,,,寵物經驗值取得上升48%（推估）,
精靈的盟約,人物,1,,,,封印成功率上升,
精靈的盟約,人物,2,,,,封印成功率上升,
精靈的盟約,人物,3,,,,封印成功率上升,
精靈的盟約,人物,4,,,,封印成功率上升,
精靈的盟約,人物,5,,,,封印成功率上升,
精靈的盟約,人物,6,,,,封印成功率上升,
精靈的盟約,人物,7,,,,封印成功率上升,
精靈的盟約,人物,8,,,,封印成功率上升,
精靈的盟約,人物,9,,,,封印成功率上升,
精靈的盟約,人物,10,,,,封印成功率上升,
伐木體驗,人物,1,1,,,能砍到竹子和孟宗竹,
狩獵體驗,人物,1,1,,,能獵到鹿皮和傳說中的鹿皮,
挖掘體驗,人物,1,1,,,能挖到銅及碎石頭,
鍛造體驗,人物,1,1,,,可以製作最基本的武器及防具，體驗生產物品的滋味,
伐木,人物,1,1,,,由原野取得香草、樹木取得木材的技能,
伐木,人物,2,1,,,由原野取得香草、樹木取得木材的技能,
伐木,人物,3,1,,,由原野取得香草、樹木取得木材的技能,
伐木,人物,4,1,,,由原野取得香草、樹木取得木材的技能,
伐木,人物,5,1,,,由原野取得香草、樹木取得木材的技能,
伐木,人物,6,1,,,由原野取得香草、樹木取得木材的技能,
伐木,人物,7,1,,,由原野取得香草、樹木取得木材的技能,
伐木,人物,8,1,,,由原野取得香草、樹木取得木材的技能,
伐木,人物,9,1,,,由原野取得香草、樹木取得木材的技能,
伐木,人物,10,1,,,由原野取得香草、樹木取得木材的技能,
伐木,人物,11,1,,,由原野取得香草、樹木取得木材的技能（推估）,
伐木,人物,12,1,,,由原野取得香草、樹木取得木材的技能（推估）,
狩獵,人物,1,1,,,能捕獲到動物的皮和肉，由草原取得食材,
狩獵,人物,2,1,,,能捕獲到動物的皮和肉，由草原取得食材,
狩獵,人物,3,1,,,能捕獲到動物的皮和肉，由草原取得食材,
狩獵,人物,4,1,,,能捕獲到動物的皮和肉，由草原取得食材,
狩獵,人物,5,1,,,能捕獲到動物的皮和肉，由草原取得食材,
狩獵,人物,6,1,,,能捕獲到動物的皮和肉，由草原取得食材,
狩獵,人物,7,1,,,能捕獲到動物的皮和肉，由草原取得食材,
狩獵,人物,8,1,,,能捕獲到動物的皮和肉，由草原取得食材,
狩獵,人物,9,1,,,能捕獲到動物的皮和肉，由草原取得食材,
狩獵,人物,10,1,,,能捕獲到動物的皮和肉，由草原取得食材,
狩獵,人物,11,1,,,能捕獲到動物的皮和肉，由草原取得食材（推估）,
狩獵,人物,12,1,,,能捕獲到動物的皮和肉，由草原取得食材（推估）,
挖掘,人物,1,1,,,能在礦坑中取得礦石的技能,
挖掘,人物,2,1,,,能在礦坑中取得礦石的技能,
挖掘,人物,3,1,,,能在礦坑中取得礦石的技能,
挖掘,人物,4,1,,,能在礦坑中取得礦石的技能,
挖掘,人物,5,1,,,能在礦坑中取得礦石的技能,
挖掘,人物,6,1,,,能在礦坑中取得礦石的技能,
挖掘,人物,7,1,,,能在礦坑中取得礦石的技能,
挖掘,人物,8,1,,,能在礦坑中取得礦石的技能,
挖掘,人物,9,1,,,能在礦坑中取得礦石的技能,
挖掘,人物,10,1,,,能在礦坑中取得礦石的技能,
挖掘,人物,11,1,,,能在礦坑中取得礦石的技能（推估）,
挖掘,人物,12,1,,,能在礦坑中取得礦石的技能（推估）,
製藥,人物,1,依等級提升變化所需魔力,,,製作等級1級的藥品,
製藥,人物,2,依等級提升變化所需魔力,,,製作等級2級的藥品,
製藥,人物,3,依等級提升變化所需魔力,,,製作等級3級的藥品,
製藥,人物,4,依等級提升變化所需魔力,,,製作等級4級的藥品,
製藥,人物,5,依等級提升變化所需魔力,,,製作等級5級的藥品,
製藥,人物,6,依等級提升變化所需魔力,,,製作等級6級的藥品,
製藥,人物,7,依等級提升變化所需魔力,,,製作等級7級的藥品,
製藥,人物,8,依等級提升變化所需魔力,,,製作等級8級的藥品,
製藥,人物,9,依等級提升變化所需魔力,,,製作等級9級的藥品,
製藥,人物,10,依等級提升變化所需魔力,,,製作等級10級的藥品,
製藥,人物,11,依等級提升變化所需魔力,,,製作等級11級的藥品（推估）,
製藥,人物,12,依等級提升變化所需魔力,,,製作等級12級的藥品（推估）,
料理,人物,1,依等級提升變化所需魔力,,,製作等級1級的料理,
料理,人物,2,依等級提升變化所需魔力,,,製作等級2級的料理,
料理,人物,3,依等級提升變化所需魔力,,,製作等級3級的料理,
料理,人物,4,依等級提升變化所需魔力,,,製作等級4級的料理,
料理,人物,5,依等級提升變化所需魔力,,,製作等級5級的料理,
料理,人物,6,依等級提升變化所需魔力,,,製作等級6級的料理,
料理,人物,7,依等級提升變化所需魔力,,,製作等級7級的料理,
料理,人物,8,依等級提升變化所需魔力,,,製作等級8級的料理,
料理,人物,9,依等級提升變化所需魔力,,,製作等級9級的料理,
料理,人物,10,依等級提升變化所需魔力,,,製作等級10級的料理,
料理,人物,11,依等級提升變化所需魔力,,,製作等級11級的料理（推估）,
料理,人物,12,依等級提升變化所需魔力,,,製作等級12級的料理（推估）,
鑄劍,人物,1,依等級提升變化所需魔力,,,可以製作等級1的劍,
鑄劍,人物,2,依等級提升變化所需魔力,,,可以製作等級2的劍,
鑄劍,人物,3,依等級提升變化所需魔力,,,可以製作等級3的劍,
鑄劍,人物,4,依等級提升變化所需魔力,,,可以製作等級4的劍,
鑄劍,人物,5,依等級提升變化所需魔力,,,可以製作等級5的劍,
鑄劍,人物,6,依等級提升變化所需魔力,,,可以製作等級6的劍,
鑄劍,人物,7,依等級提升變化所需魔力,,,可以製作等級7的劍,
鑄劍,人物,8,依等級提升變化所需魔力,,,可以製作等級8的劍,
鑄劍,人物,9,依等級提升變化所需魔力,,,可以製作等級9的劍,
鑄劍,人物,10,依等級提升變化所需魔力,,,可以製作等級10的劍,
鑄劍,人物,11,依等級提升變化所需魔力,,,可以製作等級11的劍（推估）,
鑄劍,人物,12,依等級提升變化所需魔力,,,可以製作等級12的劍（推估）,
造槍,人物,1,依等級提升變化所需魔力,,,可以製作等級1的槍,
造槍,人物,2,依等級提升變化所需魔力,,,可以製作等級2的槍,
造槍,人物,3,依等級提升變化所需魔力,,,可以製作等級3的槍,
造槍,人物,4,依等級提升變化所需魔力,,,可以製作等級4的槍,
造槍,人物,5,依等級提升變化所需魔力,,,可以製作等級5的槍,
造槍,人物,6,依等級提升變化所需魔力,,,可以製作等級6的槍,
造槍,人物,7,依等級提升變化所需魔力,,,可以製作等級7的槍,
造槍,人物,8,依等級提升變化所需魔力,,,可以製作等級8的槍,
造槍,人物,9,依等級提升變化所需魔力,,,可以製作等級9的槍,
造槍,人物,10,依等級提升變化所需魔力,,,可以製作等級10的槍,
造槍,人物,11,依等級提升變化所需魔力,,,可以製作等級11的槍（推估）,
造槍,人物,12,依等級提升變化所需魔力,,,可以製作等級12的槍（推估）,
造斧,人物,1,依等級提升變化所需魔力,,,可以製作等級1的斧,
造斧,人物,2,依等級提升變化所需魔力,,,可以製作等級2的斧,
造斧,人物,3,依等級提升變化所需魔力,,,可以製作等級3的斧,
造斧,人物,4,依等級提升變化所需魔力,,,可以製作等級4的斧,
造斧,人物,5,依等級提升變化所需魔力,,,可以製作等級5的斧,
造斧,人物,6,依等級提升變化所需魔力,,,可以製作等級6的斧,
造斧,人物,7,依等級提升變化所需魔力,,,可以製作等級7的斧,
造斧,人物,8,依等級提升變化所需魔力,,,可以製作等級8的斧,
造斧,人物,9,依等級提升變化所需魔力,,,可以製作等級9的斧,
造斧,人物,10,依等級提升變化所需魔力,,,可以製作等級10的斧,
造斧,人物,11,依等級提升變化所需魔力,,,可以製作等級11的斧（推估）,
造斧,人物,12,依等級提升變化所需魔力,,,可以製作等級12的斧（推估）,
造杖,人物,1,依等級提升變化所需魔力,,,可以製作等級1的杖,
造杖,人物,2,依等級提升變化所需魔力,,,可以製作等級2的杖,
造杖,人物,3,依等級提升變化所需魔力,,,可以製作等級3的杖,
造杖,人物,4,依等級提升變化所需魔力,,,可以製作等級4的杖,
造杖,人物,5,依等級提升變化所需魔力,,,可以製作等級5的杖,
造杖,人物,6,依等級提升變化所需魔力,,,可以製作等級6的杖,
造杖,人物,7,依等級提升變化所需魔力,,,可以製作等級7的杖,
造杖,人物,8,依等級提升變化所需魔力,,,可以製作等級8的杖,
造杖,人物,9,依等級提升變化所需魔力,,,可以製作等級9的杖,
造杖,人物,10,依等級提升變化所需魔力,,,可以製作等級10的杖,
造杖,人物,11,依等級提升變化所需魔力,,,可以製作等級11的杖（推估）,
造杖,人物,12,依等級提升變化所需魔力,,,可以製作等級12的杖（推估）,
造弓,人物,1,依等級提升變化所需魔力,,,可以製作等級1的弓,
造弓,人物,2,依等級提升變化所需魔力,,,可以製作等級2的弓,
造弓,人物,3,依等級提升變化所需魔力,,,可以製作等級3的弓,
造弓,人物,4,依等級提升變化所需魔力,,,可以製作等級4的弓,
造弓,人物,5,依等級提升變化所需魔力,,,可以製作等級5的弓,
造弓,人物,6,依等級提升變化所需魔力,,,可以製作等級6的弓,
造弓,人物,7,依等級提升變化所需魔力,,,可以製作等級7的弓,
造弓,人物,8,依等級提升變化所需魔力,,,可以製作等級8的弓,
造弓,人物,9,依等級提升變化所需魔力,,,可以製作等級9的弓,
造弓,人物,10,依等級提升變化所需魔力,,,可以製作等級10的弓,
造弓,人物,11,依等級提升變化所需魔力,,,可以製作等級11的弓（推估）,
造弓,人物,12,依等級提升變化所需魔力,,,可以製作等級12的弓（推估）,
造小刀,人物,1,依等級提升變化所需魔力,,,可以製作等級1的小刀,
造小刀,人物,2,依等級提升變化所需魔力,,,可以製作等級2的小刀,
造小刀,人物,3,依等級提升變化所需魔力,,,可以製作等級3的小刀,
造小刀,人物,4,依等級提升變化所需魔力,,,可以製作等級4的小刀,
造小刀,人物,5,依等級提升變化所需魔力,,,可以製作等級5的小刀,
造小刀,人物,6,依等級提升變化所需魔力,,,可以製作等級6的小刀,
造小刀,人物,7,依等級提升變化所需魔力,,,可以製作等級7的小刀,
造小刀,人物,8,依等級提升變化所需魔力,,,可以製作等級8的小刀,
造小刀,人物,9,依等級提升變化所需魔力,,,可以製作等級9的小刀,
造小刀,人物,10,依等級提升變化所需魔力,,,可以製作等級10的小刀,
造小刀,人物,11,依等級提升變化所需魔力,,,可以製作等級11的小刀（推估）,
造小刀,人物,12,依等級提升變化所需魔力,,,可以製作等級12的小刀（推估）,
造投擲武器,人物,1,依等級提升變化所需魔力,,,可以製作等級1的投擲武器,
造投擲武器,人物,2,依等級提升變化所需魔力,,,可以製作等級2的投擲武器,
造投擲武器,人物,3,依等級提升變化所需魔力,,,可以製作等級3的投擲武器,
造投擲武器,人物,4,依等級提升變化所需魔力,,,可以製作等級4的投擲武器,
造投擲武器,人物,5,依等級提升變化所需魔力,,,可以製作等級5的投擲武器,
造投擲武器,人物,6,依等級提升變化所需魔力,,,可以製作等級6的投擲武器,
造投擲武器,人物,7,依等級提升變化所需魔力,,,可以製作等級7的投擲武器,
造投擲武器,人物,8,依等級提升變化所需魔力,,,可以製作等級8的投擲武器,
造投擲武器,人物,9,依等級提升變化所需魔力,,,可以製作等級9的投擲武器,
造投擲武器,人物,10,依等級提升變化所需魔力,,,可以製作等級10的投擲武器,
造投擲武器,人物,11,依等級提升變化所需魔力,,,可以製作等級11的投擲武器（推估）,
造投擲武器,人物,12,依等級提升變化所需魔力,,,可以製作等級12的投擲武器（推估）,
造頭盔,人物,1,依等級提升變化所需魔力,,,可以製作等級1的頭盔,
造頭盔,人物,2,依等級提升變化所需魔力,,,可以製作等級2的頭盔,
造頭盔,人物,3,依等級提升變化所需魔力,,,可以製作等級3的頭盔,
造頭盔,人物,4,依等級提升變化所需魔力,,,可以製作等級4的頭盔,
造頭盔,人物,5,依等級提升變化所需魔力,,,可以製作等級5的頭盔,
造頭盔,人物,6,依等級提升變化所需魔力,,,可以製作等級6的頭盔,
造頭盔,人物,7,依等級提升變化所需魔力,,,可以製作等級7的頭盔,
造頭盔,人物,8,依等級提升變化所需魔力,,,可以製作等級8的頭盔,
造頭盔,人物,9,依等級提升變化所需魔力,,,可以製作等級9的頭盔,
造頭盔,人物,10,依等級提升變化所需魔力,,,可以製作等級10的頭盔,
造頭盔,人物,11,依等級提升變化所需魔力,,,可以製作等級11的頭盔（推估）,
造頭盔,人物,12,依等級提升變化所需魔力,,,可以製作等級12的頭盔（推估）,
造帽子,人物,1,依等級提升變化所需魔力,,,可以製作等級1的帽子,
造帽子,人物,2,依等級提升變化所需魔力,,,可以製作等級2的帽子,
造帽子,人物,3,依等級提升變化所需魔力,,,可以製作等級3的帽子,
造帽子,人物,4,依等級提升變化所需魔力,,,可以製作等級4的帽子,
造帽子,人物,5,依等級提升變化所需魔力,,,可以製作等級5的帽子,
造帽子,人物,6,依等級提升變化所需魔力,,,可以製作等級6的帽子,
造帽子,人物,7,依等級提升變化所需魔力,,,可以製作等級7的帽子,
造帽子,人物,8,依等級提升變化所需魔力,,,可以製作等級8的帽子,
造帽子,人物,9,依等級提升變化所需魔力,,,可以製作等級9的帽子,
造帽子,人物,10,依等級提升變化所需魔力,,,可以製作等級10的帽子,
造帽子,人物,11,依等級提升變化所需魔力,,,可以製作等級11的帽子（推估）,
造帽子,人物,12,依等級提升變化所需魔力,,,可以製作等級12的帽子（推估）,
造鎧甲,人物,1,依等級提升變化所需魔力,,,可以製作等級1的鎧甲,
造鎧甲,人物,2,依等級提升變化所需魔力,,,可以製作等級2的鎧甲,
造鎧甲,人物,3,依等級提升變化所需魔力,,,可以製作等級3的鎧甲,
造鎧甲,人物,4,依等級提升變化所需魔力,,,可以製作等級4的鎧甲,
造鎧甲,人物,5,依等級提升變化所需魔力,,,可以製作等級5的鎧甲,
造鎧甲,人物,6,依等級提升變化所需魔力,,,可以製作等級6的鎧甲,
造鎧甲,人物,7,依等級提升變化所需魔力,,,可以製作等級7的鎧甲,
造鎧甲,人物,8,依等級提升變化所需魔力,,,可以製作等級8的鎧甲,
造鎧甲,人物,9,依等級提升變化所需魔力,,,可以製作等級9的鎧甲,
造鎧甲,人物,10,依等級提升變化所需魔力,,,可以製作等級10的鎧甲,
造鎧甲,人物,11,依等級提升變化所需魔力,,,可以製作等級11的鎧甲（推估）,
造鎧甲,人物,12,依等級提升變化所需魔力,,,可以製作等級12的鎧甲（推估）,
製衣服,人物,1,依等級提升變化所需魔力,,,可以製作等級1的衣服,
製衣服,人物,2,依等級提升變化所需魔力,,,可以製作等級2的衣服,
製衣服,人物,3,依等級提升變化所需魔力,,,可以製作等級3的衣服,
製衣服,人物,4,依等級提升變化所需魔力,,,可以製作等級4的衣服,
製衣服,人物,5,依等級提升變化所需魔力,,,可以製作等級5的衣服,
製衣服,人物,6,依等級提升變化所需魔力,,,可以製作等級6的衣服,
製衣服,人物,7,依等級提升變化所需魔力,,,可以製作等級7的衣服,
製衣服,人物,8,依等級提升變化所需魔力,,,可以製作等級8的衣服,
製衣服,人物,9,依等級提升變化所需魔力,,,可以製作等級9的衣服,
製衣服,人物,10,依等級提升變化所需魔力,,,可以製作等級10的衣服,
製衣服,人物,11,依等級提升變化所需魔力,,,可以製作等級11的衣服（推估）,
製衣服,人物,12,依等級提升變化所需魔力,,,可以製作等級12的衣服（推估）,
造長袍,人物,1,依等級提升變化所需魔力,,,可以製作等級1的長袍,
造長袍,人物,2,依等級提升變化所需魔力,,,可以製作等級2的長袍,
造長袍,人物,3,依等級提升變化所需魔力,,,可以製作等級3的長袍,
造長袍,人物,4,依等級提升變化所需魔力,,,可以製作等級4的長袍,
造長袍,人物,5,依等級提升變化所需魔力,,,可以製作等級5的長袍,
造長袍,人物,6,依等級提升變化所需魔力,,,可以製作等級6的長袍,
造長袍,人物,7,依等級提升變化所需魔力,,,可以製作等級7的長袍,
造長袍,人物,8,依等級提升變化所需魔力,,,可以製作等級8的長袍,
造長袍,人物,9,依等級提升變化所需魔力,,,可以製作等級9的長袍,
造長袍,人物,10,依等級提升變化所需魔力,,,可以製作等級10的長袍,
造長袍,人物,11,依等級提升變化所需魔力,,,可以製作等級11的長袍（推估）,
造長袍,人物,12,依等級提升變化所需魔力,,,可以製作等級12的長袍（推估）,
造靴子,人物,1,依等級提升變化所需魔力,,,可以製作等級1的靴,
造靴子,人物,2,依等級提升變化所需魔力,,,可以製作等級2的靴,
造靴子,人物,3,依等級提升變化所需魔力,,,可以製作等級3的靴,
造靴子,人物,4,依等級提升變化所需魔力,,,可以製作等級4的靴,
造靴子,人物,5,依等級提升變化所需魔力,,,可以製作等級5的靴,
造靴子,人物,6,依等級提升變化所需魔力,,,可以製作等級6的靴,
造靴子,人物,7,依等級提升變化所需魔力,,,可以製作等級7的靴,
造靴子,人物,8,依等級提升變化所需魔力,,,可以製作等級8的靴,
造靴子,人物,9,依等級提升變化所需魔力,,,可以製作等級9的靴,
造靴子,人物,10,依等級提升變化所需魔力,,,可以製作等級10的靴,
造靴子,人物,11,依等級提升變化所需魔力,,,可以製作等級11的靴（推估）,
造靴子,人物,12,依等級提升變化所需魔力,,,可以製作等級12的靴（推估）,
造鞋子,人物,1,依等級提升變化所需魔力,,,可以製作等級1的鞋,
造鞋子,人物,2,依等級提升變化所需魔力,,,可以製作等級2的鞋,
造鞋子,人物,3,依等級提升變化所需魔力,,,可以製作等級3的鞋,
造鞋子,人物,4,依等級提升變化所需魔力,,,可以製作等級4的鞋,
造鞋子,人物,5,依等級提升變化所需魔力,,,可以製作等級5的鞋,
造鞋子,人物,6,依等級提升變化所需魔力,,,可以製作等級6的鞋,
造鞋子,人物,7,依等級提升變化所需魔力,,,可以製作等級7的鞋,
造鞋子,人物,8,依等級提升變化所需魔力,,,可以製作等級8的鞋,
造鞋子,人物,9,依等級提升變化所需魔力,,,可以製作等級9的鞋,
造鞋子,人物,10,依等級提升變化所需魔力,,,可以製作等級10的鞋,
造鞋子,人物,11,依等級提升變化所需魔力,,,可以製作等級11的鞋（推估）,
造鞋子,人物,12,依等級提升變化所需魔力,,,可以製作等級12的鞋（推估）,
造盾,人物,1,依等級提升變化所需魔力,,,可以製作等級1的盾,
造盾,人物,2,依等級提升變化所需魔力,,,可以製作等級2的盾,
造盾,人物,3,依等級提升變化所需魔力,,,可以製作等級3的盾,
造盾,人物,4,依等級提升變化所需魔力,,,可以製作等級4的盾,
造盾,人物,5,依等級提升變化所需魔力,,,可以製作等級5的盾,
造盾,人物,6,依等級提升變化所需魔力,,,可以製作等級6的盾,
造盾,人物,7,依等級提升變化所需魔力,,,可以製作等級7的盾,
造盾,人物,8,依等級提升變化所需魔力,,,可以製作等級8的盾,
造盾,人物,9,依等級提升變化所需魔力,,,可以製作等級9的盾,
造盾,人物,10,依等級提升變化所需魔力,,,可以製作等級10的盾,
造盾,人物,11,依等級提升變化所需魔力,,,可以製作等級11的盾（推估）,
造盾,人物,12,依等級提升變化所需魔力,,,可以製作等級12的盾（推估）,
裂空斬,人物,1,5,,,提升5%的速度並揮出1道劍氣，造成攻擊力80%的傷害,
裂空斬,人物,2,10,,,提升6%的速度並揮出1-2道劍氣，造成攻擊力80%的傷害,
裂空斬,人物,3,15,,,提升7%的速度並揮出2道劍氣，造成攻擊力80%的傷害,
裂空斬,人物,4,20,,,提升8%的速度並揮出2-3道劍氣，造成攻擊力80%的傷害,
裂空斬,人物,5,25,,,提升9%的速度並揮出3道劍氣，造成攻擊力80%的傷害,
裂空斬,人物,6,30,,,提升10%的速度並揮出3-4道劍氣，造成攻擊力80%的傷害,
裂空斬,人物,7,35,,,提升11%的速度並揮出4道劍氣，造成攻擊力80%的傷害,
裂空斬,人物,8,40,,,提升12%的速度並揮出4-5道劍氣，造成攻擊力80%的傷害,
裂空斬,人物,9,45,,,提升13%的速度並揮出5道劍氣，造成攻擊力80%的傷害,
裂空斬,人物,10,50,,,提升14%的速度並揮出5-6道劍氣，造成攻擊力80%的傷害,
裂空斬,人物,11,55,,,提升15%的速度並揮出5-6道劍氣，造成攻擊力84%的傷害,
裂空斬,人物,12,60,,,提升16%的速度並揮出6道劍氣，造成攻擊力88%的傷害,
飛刃亂舞,人物,1,10,,,隨機投擲2柄飛刃攻擊目標,
飛刃亂舞,人物,2,15,,,隨機投擲2-3柄飛刃攻擊目標,
飛刃亂舞,人物,3,20,,,隨機投擲2-4柄飛刃攻擊目標,
飛刃亂舞,人物,4,25,,,隨機投擲3柄飛刃攻擊目標,
飛刃亂舞,人物,5,30,,,隨機投擲3-4柄飛刃攻擊目標,
飛刃亂舞,人物,6,35,,,隨機投擲3-5柄飛刃攻擊目標,
飛刃亂舞,人物,7,40,,,隨機投擲4柄飛刃攻擊目標,
飛刃亂舞,人物,8,45,,,隨機投擲4-5柄飛刃攻擊目標,
飛刃亂舞,人物,9,50,,,隨機投擲4-6柄飛刃攻擊目標,
飛刃亂舞,人物,10,55,,,隨機投擲5柄飛刃攻擊目標,
飛刃亂舞,人物,11,60,,,隨機投擲5-6柄飛刃攻擊目標,
飛刃亂舞,人物,12,65,,,隨機投擲5-7柄飛刃攻擊目標,
聖騎之譽,人物,1,5,,,守護血量低於自身的隊友,
聖騎之譽,人物,2,7,,,守護血量低於自身的隊友的時候增加5%的防御力,
聖騎之譽,人物,3,9,,,守護血量低於自身的隊友的時候增加10%的防御力,
聖騎之譽,人物,4,11,,,守護血量低於自身的隊友的時候增加15%的防御力,
聖騎之譽,人物,5,13,,,守護血量低於自身的隊友的時候增加20%的防御力,
聖騎之譽,人物,6,15,,,守護血量低於自身的隊友的時候增加25%的防御力,
聖騎之譽,人物,7,17,,,守護血量低於自身的隊友的時候增加30%的防御力,
聖騎之譽,人物,8,19,,,守護血量低於自身的隊友的時候增加35%的防御力,
聖騎之譽,人物,9,21,,,守護血量低於自身的隊友的時候增加40%的防御力,
聖騎之譽,人物,10,23,,,守護血量低於自身的隊友的時候增加45%的防御力,
聖騎之譽,人物,11,25,,,守護血量低於自身的隊友的時候增加50%的防御力,
聖騎之譽,人物,12,27,,,守護血量低於自身的隊友的時候增加55%的防御力,
隔山打牛,人物,1,10,,,以極低的傷害攻擊前排目標，後排目標將受到90%的傷害；有20%的概率混亂2回合,
隔山打牛,人物,2,15,,,以極低的傷害攻擊前排目標，後排目標將受到105%的傷害；有20%的概率混亂2回合,
隔山打牛,人物,3,20,,,以極低的傷害攻擊前排目標，後排目標將受到120%的傷害；有20%的概率混亂2回合,
隔山打牛,人物,4,25,,,以極低的傷害攻擊前排目標，後排目標將受到135%的傷害；有25%的概率混亂2回合,
隔山打牛,人物,5,30,,,以極低的傷害攻擊前排目標，後排目標將受到150%的傷害；有25%的概率混亂2回合,
隔山打牛,人物,6,35,,,以極低的傷害攻擊前排目標，後排目標將受到165%的傷害；有30%的概率混亂2回合,
隔山打牛,人物,7,40,,,以極低的傷害攻擊前排目標，後排目標將受到180%的傷害；有35%的概率混亂2回合,
隔山打牛,人物,8,45,,,以極低的傷害攻擊前排目標，後排目標將受到195%的傷害；有35%的概率混亂2回合,
隔山打牛,人物,9,50,,,以極低的傷害攻擊前排目標，後排目標將受到210%的傷害；有40%的概率混亂2回合,
隔山打牛,人物,10,55,,,以極低的傷害攻擊前排目標，後排目標將受到225%的傷害；有40%的概率混亂2回合,
隔山打牛,人物,11,60,,,以極低的傷害攻擊前排目標，後排目標將受到240%的傷害；有45%的概率混亂2回合,
隔山打牛,人物,12,65,,,以極低的傷害攻擊前排目標，後排目標將受到255%的傷害；有45%的概率混亂2回合,
魔法屏障,人物,1,20,,,持續3回合，物理與魔法減傷10%,
魔法屏障,人物,2,40,,,持續3回合，物理與魔法減傷12%,
魔法屏障,人物,3,60,,,持續3回合，物理與魔法減傷14%,
魔法屏障,人物,4,80,,,持續3回合，物理與魔法減傷16%,
魔法屏障,人物,5,100,,,持續3回合，物理與魔法減傷18%,
魔法屏障,人物,6,120,,,持續3回合，物理與魔法減傷20%,
魔法屏障,人物,7,140,,,持續3回合，物理與魔法減傷22%,
魔法屏障,人物,8,160,,,持續3回合，物理與魔法減傷24%,
魔法屏障,人物,9,180,,,持續3回合，物理與魔法減傷26%,
魔法屏障,人物,10,200,,,持續3回合，物理與魔法減傷28%,
魔法屏障,人物,11,220,,,持續3回合，物理與魔法減傷30%,
魔法屏障,人物,12,240,,,持續3回合，物理與魔法減傷32%,
混亂衝擊波,人物,1,15,,,造成傷害，並有5%的概率使目標進入混亂狀態2回合,
混亂衝擊波,人物,2,30,,,造成傷害，並有6%的概率使目標進入混亂狀態2回合,
混亂衝擊波,人物,3,45,,,造成傷害，並有7%的概率使目標進入混亂狀態2回合,
混亂衝擊波,人物,4,60,,,造成傷害，並有8%的概率使目標進入混亂狀態2回合,
混亂衝擊波,人物,5,75,,,造成傷害，並有9%的概率使目標進入混亂狀態2回合,
混亂衝擊波,人物,6,90,,,造成傷害，並有10%的概率使目標進入混亂狀態2回合,
混亂衝擊波,人物,7,105,,,造成傷害，並有11%的概率使目標進入混亂狀態2回合,
混亂衝擊波,人物,8,120,,,造成傷害，並有12%的概率使目標進入混亂狀態2回合,
混亂衝擊波,人物,9,135,,,造成傷害，並有13%的概率使目標進入混亂狀態2回合,
混亂衝擊波,人物,10,135,,,造成傷害，並有14%的概率使目標進入混亂狀態2回合,
混亂衝擊波,人物,11,150,,,造成傷害，並有15%的概率使目標進入混亂狀態2回合,
混亂衝擊波,人物,12,165,,,造成傷害，並有16%的概率使目標進入混亂狀態2回合,
潛龍殺,人物,1,10,,,降低速度，傷害為普攻的105%，必殺提升2,
潛龍殺,人物,2,15,,,降低速度，傷害為普攻的110%，必殺提升4,
潛龍殺,人物,3,20,,,降低速度，傷害為普攻的120%，必殺提升6,
潛龍殺,人物,4,25,,,降低速度，傷害為普攻的130%，必殺提升8,
潛龍殺,人物,5,30,,,降低速度，傷害為普攻的140%，必殺提升10,
潛龍殺,人物,6,35,,,降低速度，傷害為普攻的150%，必殺提升12,
潛龍殺,人物,7,40,,,降低速度，傷害為普攻的160%，必殺提升14,
潛龍殺,人物,8,45,,,降低速度，傷害為普攻的170%，必殺提升16,
潛龍殺,人物,9,50,,,降低速度，傷害為普攻的180%，必殺提升18,
潛龍殺,人物,10,55,,,降低速度，傷害為普攻的190%，必殺提升20,
潛龍殺,人物,11,60,,,降低速度，傷害為普攻的195%，必殺提升22,
潛龍殺,人物,12,65,,,降低速度，傷害為普攻的200%，必殺提升24,
必殺狙擊,人物,1,10,,,降低速度，傷害為普攻的110%，必殺提升2,
必殺狙擊,人物,2,18,,,降低速度，傷害為普攻的116%，必殺提升6,
必殺狙擊,人物,3,26,,,降低速度，傷害為普攻的122%，必殺提升10,
必殺狙擊,人物,4,34,,,降低速度，傷害為普攻的128%，必殺提升14,
必殺狙擊,人物,5,42,,,降低速度，傷害為普攻的134%，必殺提升18,
必殺狙擊,人物,6,50,,,降低速度，傷害為普攻的140%，必殺提升22,
必殺狙擊,人物,7,58,,,降低速度，傷害為普攻的146%，必殺提升26,
必殺狙擊,人物,8,66,,,降低速度，傷害為普攻的152%，必殺提升30,
必殺狙擊,人物,9,74,,,降低速度，傷害為普攻的158%，必殺提升34,
必殺狙擊,人物,10,82,,,降低速度，傷害為普攻的164%，必殺提升38,
必殺狙擊,人物,11,90,,,降低速度，傷害為普攻的170%，必殺提升42,
必殺狙擊,人物,12,98,,,降低速度，傷害為普攻的176%，必殺提升46,
突襲之舞,人物,1,10,,,提高20%的速度並造成攻擊力90%的傷害,
突襲之舞,人物,2,15,,,提高40%的速度並造成攻擊力96%的傷害,
突襲之舞,人物,3,20,,,提高60%的速度並造成攻擊力102%的傷害,
突襲之舞,人物,4,25,,,提高80%的速度並造成攻擊力108%的傷害,
突襲之舞,人物,5,30,,,提高100%的速度並造成攻擊力114%的傷害,
突襲之舞,人物,6,35,,,提高120%的速度並造成攻擊力120%的傷害,
突襲之舞,人物,7,40,,,提高140%的速度並造成攻擊力126%的傷害,
突襲之舞,人物,8,45,,,提高160%的速度並造成攻擊力132%的傷害,
突襲之舞,人物,9,50,,,提高180%的速度並造成攻擊力138%的傷害,
突襲之舞,人物,10,55,,,提高200%的速度並造成攻擊力144%的傷害,
突襲之舞,人物,11,60,,,提高240%的速度並造成攻擊力147%的傷害,
突襲之舞,人物,12,65,,,提高260%的速度並造成攻擊力150%的傷害,
劇毒攻,人物,1,10,,,攻擊力下降30%，持續2回行動數的中毒狀態，成功率30%,
劇毒攻,人物,2,15,,,攻擊力下降40%，持續2回行動數的中毒狀態，成功率40%,
劇毒攻,人物,3,20,,,攻擊力下降50%，持續2回行動數的中毒狀態，成功率50%,
劇毒攻,人物,4,25,,,攻擊力下降40%，持續3回行動數的中毒狀態，成功率30%,
劇毒攻,人物,5,30,,,攻擊力下降50%，持續3回行動數的中毒狀態，成功率40%,
劇毒攻,人物,6,35,,,攻擊力下降60%，持續3回行動數的中毒狀態，成功率50%,
劇毒攻,人物,7,40,,,攻擊力下降50%，持續4回行動數的中毒狀態，成功率30%,
劇毒攻,人物,8,45,,,攻擊力下降60%，持續4回行動數的中毒狀態，成功率40%,
劇毒攻,人物,9,50,,,攻擊力下降70%，持續4回行動數的中毒狀態，成功率50%,
劇毒攻,人物,10,55,,,攻擊力下降60%，持續5回行動數的中毒狀態，成功率30%,
劇毒攻,人物,11,60,,,攻擊力下降70%，持續5回行動數的中毒狀態，成功率40%,
劇毒攻,人物,12,65,,,攻擊力下降80%，持續5回行動數的中毒狀態，成功率50%,
燕斬,人物,1,10,,,造成70%的傷害，必殺提升20,
燕斬,人物,2,15,,,造成80%的傷害，必殺提升21,
燕斬,人物,3,20,,,造成90%的傷害，必殺提升22,
燕斬,人物,4,25,,,造成100%的傷害，必殺提升23,
燕斬,人物,5,30,,,造成110%的傷害，必殺提升24,
燕斬,人物,6,35,,,造成120%的傷害，必殺提升25,
燕斬,人物,7,40,,,造成130%的傷害，必殺提升26,
燕斬,人物,8,45,,,造成140%的傷害，必殺提升27,
燕斬,人物,9,50,,,造成150%的傷害，必殺提升28,
燕斬,人物,10,55,,,造成160%的傷害，必殺提升29,
燕斬,人物,11,60,,,造成170%的傷害，必殺提升30,
燕斬,人物,12,65,,,造成180%的傷害，必殺提升31,
鋒上魂,人物,1,12,,,提升21點必殺並對全體目標造成24%的傷害,
鋒上魂,人物,2,24,,,提升22點必殺並對全體目標造成27%的傷害,
鋒上魂,人物,3,36,,,提升23點必殺並對全體目標造成30%的傷害,
鋒上魂,人物,4,48,,,提升24點必殺並對全體目標造成33%的傷害,
鋒上魂,人物,5,60,,,提升25點必殺並對全體目標造成36%的傷害,
鋒上魂,人物,6,72,,,提升26點必殺並對全體目標造成39%的傷害,
鋒上魂,人物,7,84,,,提升27點必殺並對全體目標造成42%的傷害,
鋒上魂,人物,8,96,,,提升28點必殺並對全體目標造成45%的傷害,
鋒上魂,人物,9,108,,,提升29點必殺並對全體目標造成48%的傷害,
鋒上魂,人物,10,120,,,提升30點必殺並對全體目標造成51%的傷害,
鋒上魂,人物,11,,,,未開放,
鋒上魂,人物,12,,,,未開放,
嘲諷,人物,1,30,,,造成10%傷害的同時強制目標下一次行動攻擊自己,
嘲諷,人物,2,33,,,造成15%傷害的同時強制目標下一次行動攻擊自己,
嘲諷,人物,3,36,,,造成20%傷害的同時強制目標下一次行動攻擊自己,
嘲諷,人物,4,39,,,造成25%傷害的同時強制目標下一次行動攻擊自己,
嘲諷,人物,5,42,,,造成30%傷害的同時強制目標下一次行動攻擊自己,
嘲諷,人物,6,45,,,造成35%傷害的同時強制目標下一次行動攻擊自己,
嘲諷,人物,7,48,,,造成40%傷害的同時強制目標下一次行動攻擊自己,
嘲諷,人物,8,51,,,造成45%傷害的同時強制目標下一次行動攻擊自己,
嘲諷,人物,9,54,,,造成50%傷害的同時強制目標下一次行動攻擊自己,
嘲諷,人物,10,57,,,造成55%傷害的同時強制目標下一次行動攻擊自己,
嘲諷,人物,11,60,,,造成60%傷害的同時強制目標下一次行動攻擊自己,
嘲諷,人物,12,63,,,造成65%傷害的同時強制目標下一次行動攻擊自己,
鬥志昂揚魔法,人物,1,20,,,全隊獲得傷害增加5%的狀態，並且命中增加10，持續3回合,
鬥志昂揚魔法,人物,2,40,,,全隊獲得傷害增加6%的狀態，並且命中增加11，持續3回合,
鬥志昂揚魔法,人物,3,60,,,全隊獲得傷害增加7%的狀態，並且命中增加12，持續3回合,
鬥志昂揚魔法,人物,4,80,,,全隊獲得傷害增加8%的狀態，並且命中增加13，持續3回合,
鬥志昂揚魔法,人物,5,100,,,全隊獲得傷害增加9%的狀態，並且命中增加14，持續3回合,
鬥志昂揚魔法,人物,6,120,,,全隊獲得傷害增加10%的狀態，並且命中增加15，持續3回合,
鬥志昂揚魔法,人物,7,140,,,全隊獲得傷害增加11%的狀態，並且命中增加16，持續3回合,
鬥志昂揚魔法,人物,8,160,,,全隊獲得傷害增加12%的狀態，並且命中增加17，持續3回合,
鬥志昂揚魔法,人物,9,180,,,全隊獲得傷害增加13%的狀態，並且命中增加18，持續3回合,
鬥志昂揚魔法,人物,10,200,,,全隊獲得傷害增加14%的狀態，並且命中增加19，持續3回合,
心眼,人物,1,0,,,"使用必殺狙擊時命中+1,傷害增加5%",
心眼,人物,2,0,,,"使用必殺狙擊時命中+3,傷害增加7.5%",
心眼,人物,3,0,,,"使用必殺狙擊時命中+5,傷害增加10%",
心眼,人物,4,0,,,"使用必殺狙擊時命中+7,傷害增加12.5%",
心眼,人物,5,0,,,"使用必殺狙擊時命中+9,傷害增加15%",
心眼,人物,6,0,,,"使用必殺狙擊時命中+11,傷害增加18%",
心眼,人物,7,0,,,"使用必殺狙擊時命中+13,傷害增加21%",
心眼,人物,8,0,,,"使用必殺狙擊時命中+15,傷害增加24%",
心眼,人物,9,0,,,"使用必殺狙擊時命中+17,傷害增加27%",
心眼,人物,10,0,,,"使用必殺狙擊時命中+19,傷害增加30%",
月讀,人物,1,20,,,複製指定隊友的空身能力1次行動,
月讀,人物,2,36,,,複製指定隊友的空身能力2次行動,
月讀,人物,3,52,,,複製指定隊友的空身能力3次行動,
月讀,人物,4,68,,,複製指定隊友的空身能力4次行動,
月讀,人物,5,84,,,複製指定隊友的空身能力5次行動,
月讀,人物,6,100,,,複製指定隊友的空身能力6次行動,
月讀,人物,7,116,,,複製指定隊友的空身能力7次行動,
月讀,人物,8,132,,,複製指定隊友的空身能力8次行動,
月讀,人物,9,148,,,複製指定隊友的空身能力9次行動,
月讀,人物,10,164,,,複製指定隊友的空身能力10次行動,
月讀,人物,11,180,,,複製指定隊友的空身能力11次行動,
月讀,人物,12,196,,,複製指定隊友的空身能力12次行動,
砂之鎧,人物,1,20,,,單體防禦力上升120%，2回合,
砂之鎧,人物,2,40,,,單體防禦力上升118%，3回合,
砂之鎧,人物,3,60,,,單體防禦力上升115%，4回合,
砂之鎧,人物,4,80,,,T型防禦力上升120%，2回合,
砂之鎧,人物,5,110,,,T型防禦力上升118%，3回合,
砂之鎧,人物,6,140,,,T型防禦力上升114%，4回合,
砂之鎧,人物,7,170,,,全體防禦力上升120%，2回合,
砂之鎧,人物,8,210,,,全體防禦力上升118%，3回合,
砂之鎧,人物,9,250,,,全體防禦力上升114%，4回合,
砂之鎧,人物,10,290,,,全體防禦力上升120%，4回合,
砂之鎧,人物,11,330,,,全體防禦力上升125%，3回合,
砂之鎧,人物,12,370,,,全體防禦力上升123%，5回合,
一擊必中,人物,1,5,成功率/倍率 35%,目標對象,發揮 一擊必中 第 1 階級專屬效果,
一擊必中,人物,2,10,成功率/倍率 40%,目標對象,發揮 一擊必中 第 2 階級專屬效果,
一擊必中,人物,3,15,成功率/倍率 45%,目標對象,發揮 一擊必中 第 3 階級專屬效果,
一擊必中,人物,4,20,成功率/倍率 50%,目標對象,發揮 一擊必中 第 4 階級專屬效果,
一擊必中,人物,5,25,成功率/倍率 55%,目標對象,發揮 一擊必中 第 5 階級專屬效果,
一擊必中,人物,6,30,成功率/倍率 60%,目標對象,發揮 一擊必中 第 6 階級專屬效果,
一擊必中,人物,7,35,成功率/倍率 65%,目標對象,發揮 一擊必中 第 7 階級專屬效果,
一擊必中,人物,8,40,成功率/倍率 70%,目標對象,發揮 一擊必中 第 8 階級專屬效果,
一擊必中,人物,9,45,成功率/倍率 75%,目標對象,發揮 一擊必中 第 9 階級專屬效果,
一擊必中,人物,10,50,成功率/倍率 80%,目標對象,發揮 一擊必中 第 10 階級專屬效果,
一擊必中,人物,11,55,成功率/倍率 85%,目標對象,發揮 一擊必中 第 11 階級專屬效果 (LV11 線性推估),
一擊必中,人物,12,60,成功率/倍率 90%,目標對象,發揮 一擊必中 第 12 階級專屬效果 (LV12 線性推估),
一石二鳥,人物,1,5,成功率/倍率 35%,目標對象,發揮 一石二鳥 第 1 階級專屬效果,
一石二鳥,人物,2,10,成功率/倍率 40%,目標對象,發揮 一石二鳥 第 2 階級專屬效果,
一石二鳥,人物,3,15,成功率/倍率 45%,目標對象,發揮 一石二鳥 第 3 階級專屬效果,
一石二鳥,人物,4,20,成功率/倍率 50%,目標對象,發揮 一石二鳥 第 4 階級專屬效果,
一石二鳥,人物,5,25,成功率/倍率 55%,目標對象,發揮 一石二鳥 第 5 階級專屬效果,
一石二鳥,人物,6,30,成功率/倍率 60%,目標對象,發揮 一石二鳥 第 6 階級專屬效果,
一石二鳥,人物,7,35,成功率/倍率 65%,目標對象,發揮 一石二鳥 第 7 階級專屬效果,
一石二鳥,人物,8,40,成功率/倍率 70%,目標對象,發揮 一石二鳥 第 8 階級專屬效果,
一石二鳥,人物,9,45,成功率/倍率 75%,目標對象,發揮 一石二鳥 第 9 階級專屬效果,
一石二鳥,人物,10,50,成功率/倍率 80%,目標對象,發揮 一石二鳥 第 10 階級專屬效果,
一石二鳥,人物,11,55,成功率/倍率 85%,目標對象,發揮 一石二鳥 第 11 階級專屬效果 (LV11 線性推估),
一石二鳥,人物,12,60,成功率/倍率 90%,目標對象,發揮 一石二鳥 第 12 階級專屬效果 (LV12 線性推估),
偷竊,人物,1,5,成功率/倍率 35%,目標對象,發揮 偷竊 第 1 階級專屬效果,
偷竊,人物,2,10,成功率/倍率 40%,目標對象,發揮 偷竊 第 2 階級專屬效果,
偷竊,人物,3,15,成功率/倍率 45%,目標對象,發揮 偷竊 第 3 階級專屬效果,
偷竊,人物,4,20,成功率/倍率 50%,目標對象,發揮 偷竊 第 4 階級專屬效果,
偷竊,人物,5,25,成功率/倍率 55%,目標對象,發揮 偷竊 第 5 階級專屬效果,
偷竊,人物,6,30,成功率/倍率 60%,目標對象,發揮 偷竊 第 6 階級專屬效果,
偷竊,人物,7,35,成功率/倍率 65%,目標對象,發揮 偷竊 第 7 階級專屬效果,
偷竊,人物,8,40,成功率/倍率 70%,目標對象,發揮 偷竊 第 8 階級專屬效果,
偷竊,人物,9,45,成功率/倍率 75%,目標對象,發揮 偷竊 第 9 階級專屬效果,
偷竊,人物,10,50,成功率/倍率 80%,目標對象,發揮 偷竊 第 10 階級專屬效果,
偷竊,人物,11,55,成功率/倍率 85%,目標對象,發揮 偷竊 第 11 階級專屬效果 (LV11 線性推估),
偷竊,人物,12,60,成功率/倍率 90%,目標對象,發揮 偷竊 第 12 階級專屬效果 (LV12 線性推估),
啪啦啪啦舞,人物,1,5,成功率/倍率 35%,目標對象,發揮 啪啦啪啦舞 第 1 階級專屬效果,
啪啦啪啦舞,人物,2,10,成功率/倍率 40%,目標對象,發揮 啪啦啪啦舞 第 2 階級專屬效果,
啪啦啪啦舞,人物,3,15,成功率/倍率 45%,目標對象,發揮 啪啦啪啦舞 第 3 階級專屬效果,
啪啦啪啦舞,人物,4,20,成功率/倍率 50%,目標對象,發揮 啪啦啪啦舞 第 4 階級專屬效果,
啪啦啪啦舞,人物,5,25,成功率/倍率 55%,目標對象,發揮 啪啦啪啦舞 第 5 階級專屬效果,
啪啦啪啦舞,人物,6,30,成功率/倍率 60%,目標對象,發揮 啪啦啪啦舞 第 6 階級專屬效果,
啪啦啪啦舞,人物,7,35,成功率/倍率 65%,目標對象,發揮 啪啦啪啦舞 第 7 階級專屬效果,
啪啦啪啦舞,人物,8,40,成功率/倍率 70%,目標對象,發揮 啪啦啪啦舞 第 8 階級專屬效果,
啪啦啪啦舞,人物,9,45,成功率/倍率 75%,目標對象,發揮 啪啦啪啦舞 第 9 階級專屬效果,
啪啦啪啦舞,人物,10,50,成功率/倍率 80%,目標對象,發揮 啪啦啪啦舞 第 10 階級專屬效果,
啪啦啪啦舞,人物,11,55,成功率/倍率 85%,目標對象,發揮 啪啦啪啦舞 第 11 階級專屬效果 (LV11 線性推估),
啪啦啪啦舞,人物,12,60,成功率/倍率 90%,目標對象,發揮 啪啦啪啦舞 第 12 階級專屬效果 (LV12 線性推估),
戒驕戒躁,人物,1,5,成功率/倍率 35%,目標對象,發揮 戒驕戒躁 第 1 階級專屬效果,
戒驕戒躁,人物,2,10,成功率/倍率 40%,目標對象,發揮 戒驕戒躁 第 2 階級專屬效果,
戒驕戒躁,人物,3,15,成功率/倍率 45%,目標對象,發揮 戒驕戒躁 第 3 階級專屬效果,
戒驕戒躁,人物,4,20,成功率/倍率 50%,目標對象,發揮 戒驕戒躁 第 4 階級專屬效果,
戒驕戒躁,人物,5,25,成功率/倍率 55%,目標對象,發揮 戒驕戒躁 第 5 階級專屬效果,
戒驕戒躁,人物,6,30,成功率/倍率 60%,目標對象,發揮 戒驕戒躁 第 6 階級專屬效果,
戒驕戒躁,人物,7,35,成功率/倍率 65%,目標對象,發揮 戒驕戒躁 第 7 階級專屬效果,
戒驕戒躁,人物,8,40,成功率/倍率 70%,目標對象,發揮 戒驕戒躁 第 8 階級專屬效果,
戒驕戒躁,人物,9,45,成功率/倍率 75%,目標對象,發揮 戒驕戒躁 第 9 階級專屬效果,
戒驕戒躁,人物,10,50,成功率/倍率 80%,目標對象,發揮 戒驕戒躁 第 10 階級專屬效果,
戒驕戒躁,人物,11,55,成功率/倍率 85%,目標對象,發揮 戒驕戒躁 第 11 階級專屬效果 (LV11 線性推估),
戒驕戒躁,人物,12,60,成功率/倍率 90%,目標對象,發揮 戒驕戒躁 第 12 階級專屬效果 (LV12 線性推估),
捷舞,人物,1,5,成功率/倍率 35%,目標對象,發揮 捷舞 第 1 階級專屬效果,
捷舞,人物,2,10,成功率/倍率 40%,目標對象,發揮 捷舞 第 2 階級專屬效果,
捷舞,人物,3,15,成功率/倍率 45%,目標對象,發揮 捷舞 第 3 階級專屬效果,
捷舞,人物,4,20,成功率/倍率 50%,目標對象,發揮 捷舞 第 4 階級專屬效果,
捷舞,人物,5,25,成功率/倍率 55%,目標對象,發揮 捷舞 第 5 階級專屬效果,
捷舞,人物,6,30,成功率/倍率 60%,目標對象,發揮 捷舞 第 6 階級專屬效果,
捷舞,人物,7,35,成功率/倍率 65%,目標對象,發揮 捷舞 第 7 階級專屬效果,
捷舞,人物,8,40,成功率/倍率 70%,目標對象,發揮 捷舞 第 8 階級專屬效果,
捷舞,人物,9,45,成功率/倍率 75%,目標對象,發揮 捷舞 第 9 階級專屬效果,
捷舞,人物,10,50,成功率/倍率 80%,目標對象,發揮 捷舞 第 10 階級專屬效果,
捷舞,人物,11,55,成功率/倍率 85%,目標對象,發揮 捷舞 第 11 階級專屬效果 (LV11 線性推估),
捷舞,人物,12,60,成功率/倍率 90%,目標對象,發揮 捷舞 第 12 階級專屬效果 (LV12 線性推估),
炸彈轉化,人物,1,5,成功率/倍率 35%,目標對象,發揮 炸彈轉化 第 1 階級專屬效果,
炸彈轉化,人物,2,10,成功率/倍率 40%,目標對象,發揮 炸彈轉化 第 2 階級專屬效果,
炸彈轉化,人物,3,15,成功率/倍率 45%,目標對象,發揮 炸彈轉化 第 3 階級專屬效果,
炸彈轉化,人物,4,20,成功率/倍率 50%,目標對象,發揮 炸彈轉化 第 4 階級專屬效果,
炸彈轉化,人物,5,25,成功率/倍率 55%,目標對象,發揮 炸彈轉化 第 5 階級專屬效果,
炸彈轉化,人物,6,30,成功率/倍率 60%,目標對象,發揮 炸彈轉化 第 6 階級專屬效果,
炸彈轉化,人物,7,35,成功率/倍率 65%,目標對象,發揮 炸彈轉化 第 7 階級專屬效果,
炸彈轉化,人物,8,40,成功率/倍率 70%,目標對象,發揮 炸彈轉化 第 8 階級專屬效果,
炸彈轉化,人物,9,45,成功率/倍率 75%,目標對象,發揮 炸彈轉化 第 9 階級專屬效果,
炸彈轉化,人物,10,50,成功率/倍率 80%,目標對象,發揮 炸彈轉化 第 10 階級專屬效果,
炸彈轉化,人物,11,55,成功率/倍率 85%,目標對象,發揮 炸彈轉化 第 11 階級專屬效果 (LV11 線性推估),
炸彈轉化,人物,12,60,成功率/倍率 90%,目標對象,發揮 炸彈轉化 第 12 階級專屬效果 (LV12 線性推估),
物品鑑定,人物,1,5,100%,單一道具,識別 1 階未鑑定道具,
羊頭狗肉,人物,1,5,成功率/倍率 35%,目標對象,發揮 羊頭狗肉 第 1 階級專屬效果,
羊頭狗肉,人物,2,10,成功率/倍率 40%,目標對象,發揮 羊頭狗肉 第 2 階級專屬效果,
羊頭狗肉,人物,3,15,成功率/倍率 45%,目標對象,發揮 羊頭狗肉 第 3 階級專屬效果,
羊頭狗肉,人物,4,20,成功率/倍率 50%,目標對象,發揮 羊頭狗肉 第 4 階級專屬效果,
羊頭狗肉,人物,5,25,成功率/倍率 55%,目標對象,發揮 羊頭狗肉 第 5 階級專屬效果,
羊頭狗肉,人物,6,30,成功率/倍率 60%,目標對象,發揮 羊頭狗肉 第 6 階級專屬效果,
羊頭狗肉,人物,7,35,成功率/倍率 65%,目標對象,發揮 羊頭狗肉 第 7 階級專屬效果,
羊頭狗肉,人物,8,40,成功率/倍率 70%,目標對象,發揮 羊頭狗肉 第 8 階級專屬效果,
羊頭狗肉,人物,9,45,成功率/倍率 75%,目標對象,發揮 羊頭狗肉 第 9 階級專屬效果,
羊頭狗肉,人物,10,50,成功率/倍率 80%,目標對象,發揮 羊頭狗肉 第 10 階級專屬效果,
羊頭狗肉,人物,11,55,成功率/倍率 85%,目標對象,發揮 羊頭狗肉 第 11 階級專屬效果 (LV11 線性推估),
羊頭狗肉,人物,12,60,成功率/倍率 90%,目標對象,發揮 羊頭狗肉 第 12 階級專屬效果 (LV12 線性推估),
虛死為上,人物,1,5,成功率/倍率 35%,目標對象,發揮 虛死為上 第 1 階級專屬效果,
虛死為上,人物,2,10,成功率/倍率 40%,目標對象,發揮 虛死為上 第 2 階級專屬效果,
虛死為上,人物,3,15,成功率/倍率 45%,目標對象,發揮 虛死為上 第 3 階級專屬效果,
虛死為上,人物,4,20,成功率/倍率 50%,目標對象,發揮 虛死為上 第 4 階級專屬效果,
虛死為上,人物,5,25,成功率/倍率 55%,目標對象,發揮 虛死為上 第 5 階級專屬效果,
虛死為上,人物,6,30,成功率/倍率 60%,目標對象,發揮 虛死為上 第 6 階級專屬效果,
虛死為上,人物,7,35,成功率/倍率 65%,目標對象,發揮 虛死為上 第 7 階級專屬效果,
虛死為上,人物,8,40,成功率/倍率 70%,目標對象,發揮 虛死為上 第 8 階級專屬效果,
虛死為上,人物,9,45,成功率/倍率 75%,目標對象,發揮 虛死為上 第 9 階級專屬效果,
虛死為上,人物,10,50,成功率/倍率 80%,目標對象,發揮 虛死為上 第 10 階級專屬效果,
虛死為上,人物,11,55,成功率/倍率 85%,目標對象,發揮 虛死為上 第 11 階級專屬效果 (LV11 線性推估),
虛死為上,人物,12,60,成功率/倍率 90%,目標對象,發揮 虛死為上 第 12 階級專屬效果 (LV12 線性推估),
裝飾,人物,1,5,成功率/倍率 35%,目標對象,發揮 裝飾 第 1 階級專屬效果,
裝飾,人物,2,10,成功率/倍率 40%,目標對象,發揮 裝飾 第 2 階級專屬效果,
裝飾,人物,3,15,成功率/倍率 45%,目標對象,發揮 裝飾 第 3 階級專屬效果,
裝飾,人物,4,20,成功率/倍率 50%,目標對象,發揮 裝飾 第 4 階級專屬效果,
裝飾,人物,5,25,成功率/倍率 55%,目標對象,發揮 裝飾 第 5 階級專屬效果,
裝飾,人物,6,30,成功率/倍率 60%,目標對象,發揮 裝飾 第 6 階級專屬效果,
裝飾,人物,7,35,成功率/倍率 65%,目標對象,發揮 裝飾 第 7 階級專屬效果,
裝飾,人物,8,40,成功率/倍率 70%,目標對象,發揮 裝飾 第 8 階級專屬效果,
裝飾,人物,9,45,成功率/倍率 75%,目標對象,發揮 裝飾 第 9 階級專屬效果,
裝飾,人物,10,50,成功率/倍率 80%,目標對象,發揮 裝飾 第 10 階級專屬效果,
裝飾,人物,11,55,成功率/倍率 85%,目標對象,發揮 裝飾 第 11 階級專屬效果 (LV11 線性推估),
裝飾,人物,12,60,成功率/倍率 90%,目標對象,發揮 裝飾 第 12 階級專屬效果 (LV12 線性推估),
變裝,人物,1,5,成功率/倍率 35%,目標對象,發揮 變裝 第 1 階級專屬效果,
變裝,人物,2,10,成功率/倍率 40%,目標對象,發揮 變裝 第 2 階級專屬效果,
變裝,人物,3,15,成功率/倍率 45%,目標對象,發揮 變裝 第 3 階級專屬效果,
變裝,人物,4,20,成功率/倍率 50%,目標對象,發揮 變裝 第 4 階級專屬效果,
變裝,人物,5,25,成功率/倍率 55%,目標對象,發揮 變裝 第 5 階級專屬效果,
變裝,人物,6,30,成功率/倍率 60%,目標對象,發揮 變裝 第 6 階級專屬效果,
變裝,人物,7,35,成功率/倍率 65%,目標對象,發揮 變裝 第 7 階級專屬效果,
變裝,人物,8,40,成功率/倍率 70%,目標對象,發揮 變裝 第 8 階級專屬效果,
變裝,人物,9,45,成功率/倍率 75%,目標對象,發揮 變裝 第 9 階級專屬效果,
變裝,人物,10,50,成功率/倍率 80%,目標對象,發揮 變裝 第 10 階級專屬效果,
變裝,人物,11,55,成功率/倍率 85%,目標對象,發揮 變裝 第 11 階級專屬效果 (LV11 線性推估),
變裝,人物,12,60,成功率/倍率 90%,目標對象,發揮 變裝 第 12 階級專屬效果 (LV12 線性推估),
變身,人物,1,5,成功率/倍率 35%,目標對象,發揮 變身 第 1 階級專屬效果,
變身,人物,2,10,成功率/倍率 40%,目標對象,發揮 變身 第 2 階級專屬效果,
變身,人物,3,15,成功率/倍率 45%,目標對象,發揮 變身 第 3 階級專屬效果,
變身,人物,4,20,成功率/倍率 50%,目標對象,發揮 變身 第 4 階級專屬效果,
變身,人物,5,25,成功率/倍率 55%,目標對象,發揮 變身 第 5 階級專屬效果,
變身,人物,6,30,成功率/倍率 60%,目標對象,發揮 變身 第 6 階級專屬效果,
變身,人物,7,35,成功率/倍率 65%,目標對象,發揮 變身 第 7 階級專屬效果,
變身,人物,8,40,成功率/倍率 70%,目標對象,發揮 變身 第 8 階級專屬效果,
變身,人物,9,45,成功率/倍率 75%,目標對象,發揮 變身 第 9 階級專屬效果,
變身,人物,10,50,成功率/倍率 80%,目標對象,發揮 變身 第 10 階級專屬效果,
變身,人物,11,55,成功率/倍率 85%,目標對象,發揮 變身 第 11 階級專屬效果 (LV11 線性推估),
變身,人物,12,60,成功率/倍率 90%,目標對象,發揮 變身 第 12 階級專屬效果 (LV12 線性推估),
跳舞,人物,1,5,成功率/倍率 35%,目標對象,發揮 跳舞 第 1 階級專屬效果,
跳舞,人物,2,10,成功率/倍率 40%,目標對象,發揮 跳舞 第 2 階級專屬效果,
跳舞,人物,3,15,成功率/倍率 45%,目標對象,發揮 跳舞 第 3 階級專屬效果,
跳舞,人物,4,20,成功率/倍率 50%,目標對象,發揮 跳舞 第 4 階級專屬效果,
跳舞,人物,5,25,成功率/倍率 55%,目標對象,發揮 跳舞 第 5 階級專屬效果,
跳舞,人物,6,30,成功率/倍率 60%,目標對象,發揮 跳舞 第 6 階級專屬效果,
跳舞,人物,7,35,成功率/倍率 65%,目標對象,發揮 跳舞 第 7 階級專屬效果,
跳舞,人物,8,40,成功率/倍率 70%,目標對象,發揮 跳舞 第 8 階級專屬效果,
跳舞,人物,9,45,成功率/倍率 75%,目標對象,發揮 跳舞 第 9 階級專屬效果,
跳舞,人物,10,50,成功率/倍率 80%,目標對象,發揮 跳舞 第 10 階級專屬效果,
跳舞,人物,11,55,成功率/倍率 85%,目標對象,發揮 跳舞 第 11 階級專屬效果 (LV11 線性推估),
跳舞,人物,12,60,成功率/倍率 90%,目標對象,發揮 跳舞 第 12 階級專屬效果 (LV12 線性推估),
迅速果斷,人物,1,5,成功率/倍率 35%,目標對象,發揮 迅速果斷 第 1 階級專屬效果,
迅速果斷,人物,2,10,成功率/倍率 40%,目標對象,發揮 迅速果斷 第 2 階級專屬效果,
迅速果斷,人物,3,15,成功率/倍率 45%,目標對象,發揮 迅速果斷 第 3 階級專屬效果,
迅速果斷,人物,4,20,成功率/倍率 50%,目標對象,發揮 迅速果斷 第 4 階級專屬效果,
迅速果斷,人物,5,25,成功率/倍率 55%,目標對象,發揮 迅速果斷 第 5 階級專屬效果,
迅速果斷,人物,6,30,成功率/倍率 60%,目標對象,發揮 迅速果斷 第 6 階級專屬效果,
迅速果斷,人物,7,35,成功率/倍率 65%,目標對象,發揮 迅速果斷 第 7 階級專屬效果,
迅速果斷,人物,8,40,成功率/倍率 70%,目標對象,發揮 迅速果斷 第 8 階級專屬效果,
迅速果斷,人物,9,45,成功率/倍率 75%,目標對象,發揮 迅速果斷 第 9 階級專屬效果,
迅速果斷,人物,10,50,成功率/倍率 80%,目標對象,發揮 迅速果斷 第 10 階級專屬效果,
迅速果斷,人物,11,55,成功率/倍率 85%,目標對象,發揮 迅速果斷 第 11 階級專屬效果 (LV11 線性推估),
迅速果斷,人物,12,60,成功率/倍率 90%,目標對象,發揮 迅速果斷 第 12 階級專屬效果 (LV12 線性推估),
追月,人物,1,5,成功率/倍率 35%,目標對象,發揮 追月 第 1 階級專屬效果,
追月,人物,2,10,成功率/倍率 40%,目標對象,發揮 追月 第 2 階級專屬效果,
追月,人物,3,15,成功率/倍率 45%,目標對象,發揮 追月 第 3 階級專屬效果,
追月,人物,4,20,成功率/倍率 50%,目標對象,發揮 追月 第 4 階級專屬效果,
追月,人物,5,25,成功率/倍率 55%,目標對象,發揮 追月 第 5 階級專屬效果,
追月,人物,6,30,成功率/倍率 60%,目標對象,發揮 追月 第 6 階級專屬效果,
追月,人物,7,35,成功率/倍率 65%,目標對象,發揮 追月 第 7 階級專屬效果,
追月,人物,8,40,成功率/倍率 70%,目標對象,發揮 追月 第 8 階級專屬效果,
追月,人物,9,45,成功率/倍率 75%,目標對象,發揮 追月 第 9 階級專屬效果,
追月,人物,10,50,成功率/倍率 80%,目標對象,發揮 追月 第 10 階級專屬效果,
追月,人物,11,55,成功率/倍率 85%,目標對象,發揮 追月 第 11 階級專屬效果 (LV11 線性推估),
追月,人物,12,60,成功率/倍率 90%,目標對象,發揮 追月 第 12 階級專屬效果 (LV12 線性推估),
飾品鑄造,人物,1,5,成功率/倍率 35%,目標對象,發揮 飾品鑄造 第 1 階級專屬效果,
飾品鑄造,人物,2,10,成功率/倍率 40%,目標對象,發揮 飾品鑄造 第 2 階級專屬效果,
飾品鑄造,人物,3,15,成功率/倍率 45%,目標對象,發揮 飾品鑄造 第 3 階級專屬效果,
飾品鑄造,人物,4,20,成功率/倍率 50%,目標對象,發揮 飾品鑄造 第 4 階級專屬效果,
飾品鑄造,人物,5,25,成功率/倍率 55%,目標對象,發揮 飾品鑄造 第 5 階級專屬效果,
飾品鑄造,人物,6,30,成功率/倍率 60%,目標對象,發揮 飾品鑄造 第 6 階級專屬效果,
飾品鑄造,人物,7,35,成功率/倍率 65%,目標對象,發揮 飾品鑄造 第 7 階級專屬效果,
飾品鑄造,人物,8,40,成功率/倍率 70%,目標對象,發揮 飾品鑄造 第 8 階級專屬效果,
飾品鑄造,人物,9,45,成功率/倍率 75%,目標對象,發揮 飾品鑄造 第 9 階級專屬效果,
飾品鑄造,人物,10,50,成功率/倍率 80%,目標對象,發揮 飾品鑄造 第 10 階級專屬效果,
飾品鑄造,人物,11,55,成功率/倍率 85%,目標對象,發揮 飾品鑄造 第 11 階級專屬效果 (LV11 線性推估),
飾品鑄造,人物,12,60,成功率/倍率 90%,目標對象,發揮 飾品鑄造 第 12 階級專屬效果 (LV12 線性推估),
騎乘,人物,1,5,成功率/倍率 35%,目標對象,發揮 騎乘 第 1 階級專屬效果,
騎乘,人物,2,10,成功率/倍率 40%,目標對象,發揮 騎乘 第 2 階級專屬效果,
騎乘,人物,3,15,成功率/倍率 45%,目標對象,發揮 騎乘 第 3 階級專屬效果,
騎乘,人物,4,20,成功率/倍率 50%,目標對象,發揮 騎乘 第 4 階級專屬效果,
騎乘,人物,5,25,成功率/倍率 55%,目標對象,發揮 騎乘 第 5 階級專屬效果,
騎乘,人物,6,30,成功率/倍率 60%,目標對象,發揮 騎乘 第 6 階級專屬效果,
騎乘,人物,7,35,成功率/倍率 65%,目標對象,發揮 騎乘 第 7 階級專屬效果,
騎乘,人物,8,40,成功率/倍率 70%,目標對象,發揮 騎乘 第 8 階級專屬效果,
騎乘,人物,9,45,成功率/倍率 75%,目標對象,發揮 騎乘 第 9 階級專屬效果,
騎乘,人物,10,50,成功率/倍率 80%,目標對象,發揮 騎乘 第 10 階級專屬效果,
騎乘,人物,11,55,成功率/倍率 85%,目標對象,發揮 騎乘 第 11 階級專屬效果 (LV11 線性推估),
騎乘,人物,12,60,成功率/倍率 90%,目標對象,發揮 騎乘 第 12 階級專屬效果 (LV12 線性推估),
騎士之譽,人物,1,5,成功率/倍率 35%,目標對象,發揮 騎士之譽 第 1 階級專屬效果,
騎士之譽,人物,2,10,成功率/倍率 40%,目標對象,發揮 騎士之譽 第 2 階級專屬效果,
騎士之譽,人物,3,15,成功率/倍率 45%,目標對象,發揮 騎士之譽 第 3 階級專屬效果,
騎士之譽,人物,4,20,成功率/倍率 50%,目標對象,發揮 騎士之譽 第 4 階級專屬效果,
騎士之譽,人物,5,25,成功率/倍率 55%,目標對象,發揮 騎士之譽 第 5 階級專屬效果,
騎士之譽,人物,6,30,成功率/倍率 60%,目標對象,發揮 騎士之譽 第 6 階級專屬效果,
騎士之譽,人物,7,35,成功率/倍率 65%,目標對象,發揮 騎士之譽 第 7 階級專屬效果,
騎士之譽,人物,8,40,成功率/倍率 70%,目標對象,發揮 騎士之譽 第 8 階級專屬效果,
騎士之譽,人物,9,45,成功率/倍率 75%,目標對象,發揮 騎士之譽 第 9 階級專屬效果,
騎士之譽,人物,10,50,成功率/倍率 80%,目標對象,發揮 騎士之譽 第 10 階級專屬效果,
騎士之譽,人物,11,55,成功率/倍率 85%,目標對象,發揮 騎士之譽 第 11 階級專屬效果 (LV11 線性推估),
騎士之譽,人物,12,60,成功率/倍率 90%,目標對象,發揮 騎士之譽 第 12 階級專屬效果 (LV12 線性推估),
黏巴達舞,人物,1,5,成功率/倍率 35%,目標對象,發揮 黏巴達舞 第 1 階級專屬效果,
黏巴達舞,人物,2,10,成功率/倍率 40%,目標對象,發揮 黏巴達舞 第 2 階級專屬效果,
黏巴達舞,人物,3,15,成功率/倍率 45%,目標對象,發揮 黏巴達舞 第 3 階級專屬效果,
黏巴達舞,人物,4,20,成功率/倍率 50%,目標對象,發揮 黏巴達舞 第 4 階級專屬效果,
黏巴達舞,人物,5,25,成功率/倍率 55%,目標對象,發揮 黏巴達舞 第 5 階級專屬效果,
黏巴達舞,人物,6,30,成功率/倍率 60%,目標對象,發揮 黏巴達舞 第 6 階級專屬效果,
黏巴達舞,人物,7,35,成功率/倍率 65%,目標對象,發揮 黏巴達舞 第 7 階級專屬效果,
黏巴達舞,人物,8,40,成功率/倍率 70%,目標對象,發揮 黏巴達舞 第 8 階級專屬效果,
黏巴達舞,人物,9,45,成功率/倍率 75%,目標對象,發揮 黏巴達舞 第 9 階級專屬效果,
黏巴達舞,人物,10,50,成功率/倍率 80%,目標對象,發揮 黏巴達舞 第 10 階級專屬效果,
黏巴達舞,人物,11,55,成功率/倍率 85%,目標對象,發揮 黏巴達舞 第 11 階級專屬效果 (LV11 線性推估),
黏巴達舞,人物,12,60,成功率/倍率 90%,目標對象,發揮 黏巴達舞 第 12 階級專屬效果 (LV12 線性推估),
攻擊,寵物,,0,,,能以普通攻擊給予打擊。,無學習等級限制。；費用 100；寵物技能店的佩蒂；法蘭城冒險者旅館(238，64)一樓(30，20)。
防禦,寵物,,0,,,能防守來自物理攻擊的打擊。,無學習等級限制。；費用 100；寵物技能店的佩蒂；法蘭城冒險者旅館(238，64)一樓(30，20)。
攻擊魔法防禦,寵物,,0,,,能減輕來自魔法的打擊。,無學習等級限制。；費用 100；寵物技能店的佩蒂；法蘭城冒險者旅館(238，64)一樓(30，20)。
什麼也不做,寵物,,0,,,命令寵物什麼事也別做。,無學習等級限制。；費用 50；寵物技能店的佩蒂；法蘭城冒險者旅館(238，64)一樓(30，20)。
定點移動,寵物,,0,,,能和主人交換位置。,無學習等級限制。；費用 100；寵物技能店的佩蒂；法蘭城冒險者旅館(238，64)一樓(30，20)。
寵物郵件,寵物,,0,,,利用寵物傳送物品給名片上同服務器的朋友。,無學習等級限制。戰鬥中以及部份迷宮不能。；費用 10000；寵物技能店的葛德裡亞；索奇亞哈貝魯村(81，4)
寵物散步,寵物,,0,,,寵物跟在主人之後。,無學習等級限制。與人組隊後系統自動解除「散步」功能，並收起寵物。；費用 4000/500000；寵物技能店的葛德裡亞；丘斯特村的貝里特(125，74)； 艾夏島的天鵝寵物店(127，141)
連擊,寵物,1,,,,,無學習等級限制。；費用 200；寵物技能店的恰姆；芙蕾雅伊爾村，舊金山酒店(32，65)。
連擊,寵物,2,,,,,等級需20以上。；費用 1000；寵物技能店的庫伯；索奇亞奇利村，PUB(46，78)。
連擊,寵物,3,,,,,等級需40以上；費用 4000；寵物技能店的亞斯帕；莎蓮娜蒂娜村，PUB(46，56)。
連擊,寵物,4,,,,,等級需60以上。；費用 9000；寵物技能店的拉琴；索奇亞哈貝魯村(19，85)。
連擊,寵物,5,,,,,等級需80以上。；費用 16000；龍的使者；樹海地圖中央(216，259)
諸刃,寵物,1,10,,,減少防禦力及精神力來增加攻擊力。,無學習等級限制。；費用 200；寵物技能店的恰姆；芙蕾雅伊爾村，舊金山酒店(32，65)。
諸刃,寵物,2,30,,,減少防禦力及精神力來增加攻擊力。,等級需20以上。；費用 1000；寵物技能店的庫伯；索奇亞奇利村，PUB(46，78)。
諸刃,寵物,3,50,,,減少防禦力及精神力來增加攻擊力。,等級需40以上；費用 4000；寵物技能店的亞斯帕；莎蓮娜蒂娜村，PUB(46，56)。
諸刃,寵物,4,70,,,減少防禦力及精神力來增加攻擊力。,等級需60以上。；費用 9000；寵物技能店的拉琴；索奇亞哈貝魯村(19，85)。
諸刃,寵物,5,90,,,減少防禦力及精神力來增加攻擊力。,等級需80以上。；費用 16000；龍的使者；樹海地圖中央(216，259)
乾坤一擲,寵物,1,10,,,犧牲命中率使攻擊力變成110%。,無學習等級限制。；費用 200；寵物技能店的恰姆；芙蕾雅伊爾村，舊金山酒店(32，65)。
乾坤一擲,寵物,2,30,,,犧牲命中率使攻擊力變成130%。,等級需20以上。；費用 1000；寵物技能店的庫伯；索奇亞奇利村，PUB(46，78)。
乾坤一擲,寵物,3,50,,,犧牲命中率使攻擊力變成150%。,等級需40以上；費用 4000；寵物技能店的亞斯帕；莎蓮娜蒂娜村，PUB(46，56)。
乾坤一擲,寵物,4,70,,,犧牲命中率使攻擊力變成170%。,等級需60以上。；費用 9000；寵物技能店的拉琴；索奇亞哈貝魯村(19，85)。
乾坤一擲,寵物,5,90,,,犧牲命中率使攻擊力變成190%。,等級需80以上。；費用 16000；龍的使者；樹海地圖中央(216，259)
崩擊,寵物,1,5,,,給防禦狀態的對手120%的傷害。,無學習等級限制。；費用 200；寵物技能店的恰姆；芙蕾雅伊爾村，舊金山酒店(32，65)。
崩擊,寵物,2,15,,,給防禦狀態的對手168%的傷害。,等級需20以上。；費用 1000；寵物技能店的庫伯；索奇亞奇利村，PUB(46，78)。
崩擊,寵物,3,25,,,給防禦狀態的對手224%的傷害。,等級需40以上；費用 4000；寵物技能店的亞斯帕；莎蓮娜蒂娜村，PUB(46，56)。
崩擊,寵物,4,35,,,給防禦狀態的對手288%的傷害。,等級需60以上。；費用 9000；寵物技能店的拉琴；索奇亞哈貝魯村(19，85)。
崩擊,寵物,5,45,,,給防禦狀態的對手360%的傷害。,等級需80以上。；費用 16000；龍的使者；樹海地圖中央(216，259)
陽炎,寵物,1,10,,,減少防禦力來增加3%的迴避率。,無學習等級限制。；費用 200；寵物技能店的恰姆；芙蕾雅伊爾村，舊金山酒店(32，65)。
陽炎,寵物,2,26,,,減少防禦力來增加9%的迴避率。,等級需20以上。；費用 1000；寵物技能店的庫伯；索奇亞奇利村，PUB(46，78)。
陽炎,寵物,3,42,,,減少防禦力來增加15%的迴避率。,等級需40以上；費用 4000；寵物技能店的亞斯帕；莎蓮娜蒂娜村，PUB(46，56)。
陽炎,寵物,4,58,,,減少防禦力來增加21%的迴避率。,等級需60以上。；費用 9000；寵物技能店的拉琴；索奇亞哈貝魯村(19，85)。
陽炎,寵物,5,74,,,減少防禦力來增加27%的迴避率。,等級需80以上。；費用 16000；龍的使者；樹海地圖中央(216，259)
反擊,寵物,1,5,,,對物理攻擊採取威力80%的反擊。,無學習等級限制。；費用 200；寵物技能店的恰姆；芙蕾雅伊爾村，舊金山酒店(32，65)。
反擊,寵物,2,15,,,對物理攻擊採取威力100%的反擊。,等級需20以上。；費用 1000；寵物技能店的庫伯；索奇亞奇利村，PUB(46，78)。
反擊,寵物,3,25,,,對物理攻擊採取威力120%的反擊。,等級需40以上；費用 4000；寵物技能店的亞斯帕；莎蓮娜蒂娜村，PUB(46，56)。
反擊,寵物,4,35,,,對物理攻擊採取威力140%的反擊。,等級需60以上。；費用 9000；寵物技能店的拉琴；索奇亞哈貝魯村(19，85)。
反擊,寵物,5,45,,,對物理攻擊採取威力160%的反擊。,等級需80以上。；費用 16000；龍的使者；樹海地圖中央(216，259)
戰慄襲心,寵物,1,10,,,減少對象現有魔力值的5%。,無學習等級限制。；費用 200；寵物技能店的葛利；芙蕾雅維諾亞村，村長的家(40，36)。
戰慄襲心,寵物,2,30,,,減少對象現有魔力值的15%。,等級需20以上。；費用 1000；寵物技能店的庫伯；索奇亞奇利村，PUB(46，78)。
戰慄襲心,寵物,3,50,,,減少對象現有魔力值的25%。,等級需40以上；費用 4000；寵物技能店的亞斯帕；莎蓮娜蒂娜村，PUB(46，56)。
戰慄襲心,寵物,4,70,,,減少對象現有魔力值的35%。,等級需60以上。；費用 9000；寵物技能店的拉琴；索奇亞哈貝魯村(19，85)。
戰慄襲心,寵物,5,90,,,減少對象現有魔力值的45%。,等級需80以上。；費用 16000；龍的使者；樹海地圖中央(216，259)
護衛,寵物,1,10,,,加成損傷158%替對象承受近距攻擊。,無學習等級限制。；費用 500；寵物技能店的葛利；芙蕾雅維諾亞村，村長的家(40，36)。
護衛,寵物,2,30,,,加成損傷125%替對象承受近距攻擊。,等級需20以上。；費用 1500；寵物技能店的庫伯；索奇亞奇利村，PUB(46，78)。
護衛,寵物,3,50,,,加成損傷107%替對象承受近距攻擊。,等級需40以上；費用 5000；寵物技能店的亞斯帕；莎蓮娜蒂娜村，PUB(46，56)。
護衛,寵物,4,70,,,加成損傷98%替對象承受近距攻擊。,等級需60以上。；費用 12000；寵物技能店的拉琴；索奇亞哈貝魯村(19，85)。
護衛,寵物,5,90,,,加成損傷??%替對象承受近距攻擊。,等級需80以上。；費用 27000；龍的使者；樹海地圖中央(216，259)
聖盾,寵物,1,10,,,同時降低魔法及物理傷害值約45%~54%。,無學習等級限制。；費用 500；寵物技能店的葛利；芙蕾雅維諾亞村，村長的家(40，36)。
聖盾,寵物,2,30,,,同時減低魔法及物理傷害值約55%~64%。,等級需20以上。；費用 1000；寵物技能店的庫伯；索奇亞奇利村，PUB(46，78)。
聖盾,寵物,3,50,,,同時降低魔法及物理傷害值約65%~74%。,等級需40以上；費用 4000；寵物技能店的亞斯帕；莎蓮娜蒂娜村，PUB(46，56)。
聖盾,寵物,4,70,,,同時降低魔法及物理傷害值約75%~84%。,等級需60以上。；費用 9000；寵物技能店的拉琴；索奇亞哈貝魯村(19，85)。
聖盾,寵物,5,90,,,同時降低魔法及物理傷害值約85%~94%。,等級需80以上。；費用 16000；龍的使者；樹海地圖中央(216，259)
明鏡止水,寵物,1,15,,,回復約5%~10%的生命力，閃躲值為0。,無學習等級限制。；費用 500；寵物技能店的葛利；芙蕾雅維諾亞村，村長的家(40，36)。
明鏡止水,寵物,2,45,,,回復自己5%~20%的體力，閃躲值為0。,等級需20以上。；費用 1500；寵物技能店的庫伯；索奇亞奇利村，PUB(46，78)。
明鏡止水,寵物,3,75,,,回復約5%~30%的生命力，閃躲值為0。,等級需40以上；費用 5000；寵物技能店的亞斯帕；莎蓮娜蒂娜村，PUB(46，56)。
明鏡止水,寵物,4,105,,,回復約5%~40%的生命力，閃躲值為0。,等級需60以上。；費用 12000；寵物技能店的拉琴；索奇亞哈貝魯村(19，85)。
明鏡止水,寵物,5,135,,,回復約5%~50%的生命力，閃躲值為0。,等級需80以上。；費用 27000；龍的使者；樹海地圖中央(216，259)
隕石魔法,寵物,1,10,,,對敵單體作地屬性魔法攻擊。,無學習等級限制。；費用 500；寵物技能店的蒙普；法蘭城旅館(106，38)。
隕石魔法,寵物,2,20,,,對敵單體作地屬性魔法攻擊。,等級需10以上。；費用 2000；寵物技能店的雅貝芝；芙蕾雅亞留特村，雜貨店(37，44)。
隕石魔法,寵物,3,30,,,對敵單體作地屬性魔法攻擊。,等級需20以上。；費用 4500；寵物技能店的班；索奇亞加納村，PUB(51，34)。
隕石魔法,寵物,4,40,,,對敵單體作地屬性魔法攻擊。,等級需30以上。；費用 8000；寵物技能店的佛吉；莎蓮娜傑諾瓦鎮，PUB(48，53)。
隕石魔法,寵物,5,50,,,對敵單體作地屬性魔法攻擊。,等級需40以上。；費用 12500；寵物技能店的尤哈克；索奇亞哈貝魯村內(20，86)、坎那貝拉村(61，77)卡爾彭酒吧內(16，19)。
隕石魔法,寵物,6,60,,,對敵單體作地屬性魔法攻擊。,等級需50以上。；費用 18000；寵物技能店的尤哈克；索奇亞哈貝魯村內(20，86)。
隕石魔法,寵物,7,70,,,對敵單體作地屬性魔法攻擊。,等級需60以上。；費用 24500；寵物技能店的歐裡薩；芙蕾雅烏克蘭村，雜貨店(71，60)。
隕石魔法,寵物,8,80,,,對敵單體作地屬性魔法攻擊。,等級需70以上。；費用 32000；寵物技能店的歐裡薩；芙蕾雅烏克蘭村，雜貨店(71，60)。
隕石魔法,寵物,9,90,,,對敵單體作地屬性魔法攻擊。,等級需80以上。；費用 40500；?；未開放。
冰凍魔法,寵物,1,10,,,對敵單體作水屬性魔法攻擊。,無學習等級限制。；費用 500；寵物技能店的蒙普；法蘭城旅館(106，38)。
冰凍魔法,寵物,2,20,,,對敵單體作水屬性魔法攻擊。,等級需10以上。；費用 2000；寵物技能店的雅貝芝；芙蕾雅亞留特村，雜貨店(37，44)。
冰凍魔法,寵物,3,30,,,對敵單體作水屬性魔法攻擊。,等級需20以上。；費用 4500；寵物技能店的班；索奇亞加納村，PUB(51，34)。
冰凍魔法,寵物,4,40,,,對敵單體作水屬性魔法攻擊。,等級需30以上。；費用 8000；寵物技能店的佛吉；莎蓮娜傑諾瓦鎮，PUB(48，53)。
冰凍魔法,寵物,5,50,,,對敵單體作水屬性魔法攻擊。,等級需40以上。；費用 12500；寵物技能店的尤哈克；索奇亞哈貝魯村內(20，86)、坎那貝拉村(61，77)卡爾彭酒吧內(16，19)。
冰凍魔法,寵物,6,60,,,對敵單體作水屬性魔法攻擊。,等級需50以上。；費用 18000；寵物技能店的尤哈克；索奇亞哈貝魯村內(20，86)。
冰凍魔法,寵物,7,70,,,對敵單體作水屬性魔法攻擊。,等級需60以上。；費用 24500；寵物技能店的歐裡薩；芙蕾雅烏克蘭村，雜貨店(71，60)。
冰凍魔法,寵物,8,80,,,對敵單體作水屬性魔法攻擊。,等級需70以上。；費用 32000；寵物技能店的歐裡薩；芙蕾雅烏克蘭村，雜貨店(71，60)。
冰凍魔法,寵物,9,90,,,對敵單體作水屬性魔法攻擊。,等級需80以上。；費用 40500；?；未開放。
火焰魔法,寵物,1,10,,,對敵單體作火屬性魔法攻擊。,無學習等級限制。；費用 500；寵物技能店的蒙普；法蘭城旅館(106，38)。
火焰魔法,寵物,2,20,,,對敵單體作火屬性魔法攻擊。,等級需10以上。；費用 2000；寵物技能店的雅貝芝；芙蕾雅亞留特村，雜貨店(37，44)。
火焰魔法,寵物,3,30,,,對敵單體作火屬性魔法攻擊。,等級需20以上。；費用 4500；寵物技能店的班；索奇亞加納村，PUB(51，34)。
火焰魔法,寵物,4,40,,,對敵單體作火屬性魔法攻擊。,等級需30以上。；費用 8000；寵物技能店的佛吉；莎蓮娜傑諾瓦鎮，PUB(48，53)。
火焰魔法,寵物,5,50,,,對敵單體作火屬性魔法攻擊。,等級需40以上。；費用 12500；寵物技能店的尤哈克；索奇亞哈貝魯村內(20，86)、坎那貝拉村(61，77)卡爾彭酒吧內(16，19)。
火焰魔法,寵物,6,60,,,對敵單體作火屬性魔法攻擊。,等級需50以上。；費用 18000；寵物技能店的尤哈克；索奇亞哈貝魯村內(20，86)。
火焰魔法,寵物,7,70,,,對敵單體作火屬性魔法攻擊。,等級需60以上。；費用 24500；寵物技能店的歐裡薩；芙蕾雅烏克蘭村，雜貨店(71，60)。
火焰魔法,寵物,8,80,,,對敵單體作火屬性魔法攻擊。,等級需70以上。；費用 32000；寵物技能店的歐裡薩；芙蕾雅烏克蘭村，雜貨店(71，60)。
火焰魔法,寵物,9,90,,,對敵單體作火屬性魔法攻擊。,等級需80以上。；費用 40500；?；未開放。
風刃魔法,寵物,1,10,,,對敵單體作風屬性魔法攻擊。,無學習等級限制。；費用 500；寵物技能店的蒙普；法蘭城旅館(106，38)。
風刃魔法,寵物,2,20,,,對敵單體作風屬性魔法攻擊。,等級需10以上。；費用 2000；寵物技能店的雅貝芝；芙蕾雅亞留特村，雜貨店(37，44)。
風刃魔法,寵物,3,30,,,對敵單體作風屬性魔法攻擊。,等級需20以上。；費用 4500；寵物技能店的班；索奇亞加納村，PUB(51，34)。
風刃魔法,寵物,4,40,,,對敵單體作風屬性魔法攻擊。,等級需30以上。；費用 8000；寵物技能店的佛吉；莎蓮娜傑諾瓦鎮，PUB(48，53)。
風刃魔法,寵物,5,50,,,對敵單體作風屬性魔法攻擊。,等級需40以上。；費用 12500；寵物技能店的尤哈克；索奇亞哈貝魯村內(20，86)、坎那貝拉村(61，77)卡爾彭酒吧內(16，19)。
風刃魔法,寵物,6,60,,,對敵單體作風屬性魔法攻擊。,等級需50以上。；費用 18000；寵物技能店的尤哈克；索奇亞哈貝魯村內(20，86)。
風刃魔法,寵物,7,70,,,對敵單體作風屬性魔法攻擊。,等級需60以上。；費用 24500；寵物技能店的歐裡薩；芙蕾雅烏克蘭村，雜貨店(71，60)。
風刃魔法,寵物,8,80,,,對敵單體作風屬性魔法攻擊。,等級需70以上。；費用 32000；寵物技能店的歐裡薩；芙蕾雅烏克蘭村，雜貨店(71，60)。
風刃魔法,寵物,9,90,,,對敵單體作風屬性魔法攻擊。,等級需80以上。；費用 40500；?；未開放。
強力隕石魔法,寵物,1,20,,,對敵單體及其周圍作地屬性魔法攻擊。,無學習等級限制。；費用 1000；寵物技能店的蒙普；法蘭城旅館(106，38)。
強力隕石魔法,寵物,2,40,,,對敵單體及其周圍作地屬性魔法攻擊。,等級需10以上。；費用 4000；寵物技能店的雅貝芝；芙蕾雅亞留特村，雜貨店(37，44)。
強力隕石魔法,寵物,3,60,,,對敵單體及其周圍作地屬性魔法攻擊。,等級需20以上。；費用 9000；寵物技能店的班；索奇亞加納村，PUB(51，34)。
強力隕石魔法,寵物,4,80,,,對敵單體及其周圍作地屬性魔法攻擊。,等級需30以上。；費用 16000；寵物技能店的佛吉；莎蓮娜傑諾瓦鎮，PUB(48，53)。
強力隕石魔法,寵物,5,100,,,對敵單體及其周圍作地屬性魔法攻擊。,等級需40以上。；費用 25000；寵物技能店的尤哈克；索奇亞哈貝魯村內(20，86)、坎那貝拉村(61，77)卡爾彭酒吧內(16，19)。
強力隕石魔法,寵物,6,120,,,對敵單體及其周圍作地屬性魔法攻擊。,等級需50以上。；費用 36000；寵物技能店的尤哈克；索奇亞哈貝魯村內(20，86)。
強力隕石魔法,寵物,7,140,,,對敵單體及其周圍作地屬性魔法攻擊。,等級需60以上。；費用 49000；寵物技能店的歐裡薩；芙蕾雅烏克蘭村，雜貨店(71，60)。
強力隕石魔法,寵物,8,160,,,對敵單體及其周圍作地屬性魔法攻擊。,等級需70以上。；費用 64000；寵物技能店的歐裡薩；芙蕾雅烏克蘭村，雜貨店(71，60)。
強力隕石魔法,寵物,9,180,,,對敵單體及其周圍作地屬性魔法攻擊。,等級需80以上。；費用 81000；?；未開放。
強力冰凍魔法,寵物,1,20,,,對敵單體及其周圍作水屬性魔法攻擊。,無學習等級限制。；費用 1000；寵物技能店的蒙普；法蘭城旅館(106，38)。
強力冰凍魔法,寵物,2,40,,,對敵單體及其周圍作水屬性魔法攻擊。,等級需10以上。；費用 4000；寵物技能店的雅貝芝；芙蕾雅亞留特村，雜貨店(37，44)。
強力冰凍魔法,寵物,3,60,,,對敵單體及其周圍作水屬性魔法攻擊。,等級需20以上。；費用 9000；寵物技能店的班；索奇亞加納村，PUB(51，34)。
強力冰凍魔法,寵物,4,80,,,對敵單體及其周圍作水屬性魔法攻擊。,等級需30以上。；費用 16000；寵物技能店的佛吉；莎蓮娜傑諾瓦鎮，PUB(48，53)。
強力冰凍魔法,寵物,5,100,,,對敵單體及其周圍作水屬性魔法攻擊。,等級需40以上。；費用 25000；寵物技能店的尤哈克；索奇亞哈貝魯村內(20，86)、坎那貝拉村(61，77)卡爾彭酒吧內(16，19)。
強力冰凍魔法,寵物,6,120,,,對敵單體及其周圍作水屬性魔法攻擊。,等級需50以上。；費用 36000；寵物技能店的尤哈克；索奇亞哈貝魯村內(20，86)。
強力冰凍魔法,寵物,7,140,,,對敵單體及其周圍作水屬性魔法攻擊。,等級需60以上。；費用 49000；寵物技能店的歐裡薩；芙蕾雅烏克蘭村，雜貨店(71，60)。
強力冰凍魔法,寵物,8,160,,,對敵單體及其周圍作水屬性魔法攻擊。,等級需70以上。；費用 64000；寵物技能店的歐裡薩；芙蕾雅烏克蘭村，雜貨店(71，60)。
強力冰凍魔法,寵物,9,180,,,對敵單體及其周圍作水屬性魔法攻擊。,等級需80以上。；費用 81000；?；未開放。
強力火焰魔法,寵物,1,20,,,對敵單體及其周圍作火屬性魔法攻擊。,無學習等級限制。；費用 1000；寵物技能店的蒙普；法蘭城旅館(106，38)。
強力火焰魔法,寵物,2,40,,,對敵單體及其周圍作火屬性魔法攻擊。,等級需10以上。；費用 4000；寵物技能店的雅貝芝；芙蕾雅亞留特村，雜貨店(37，44)。
強力火焰魔法,寵物,3,60,,,對敵單體及其周圍作火屬性魔法攻擊。,等級需20以上。；費用 9000；寵物技能店的班；索奇亞加納村，PUB(51，34)。
強力火焰魔法,寵物,4,80,,,對敵單體及其周圍作火屬性魔法攻擊。,等級需30以上。；費用 16000；寵物技能店的佛吉；莎蓮娜傑諾瓦鎮，PUB(48，53)。
強力火焰魔法,寵物,5,100,,,對敵單體及其周圍作火屬性魔法攻擊。,等級需40以上。；費用 25000；寵物技能店的尤哈克；索奇亞哈貝魯村內(20，86)、坎那貝拉村(61，77)卡爾彭酒吧內(16，19)。
強力火焰魔法,寵物,6,120,,,對敵單體及其周圍作火屬性魔法攻擊。,等級需50以上。；費用 36000；寵物技能店的尤哈克；索奇亞哈貝魯村內(20，86)。
強力火焰魔法,寵物,7,140,,,對敵單體及其周圍作火屬性魔法攻擊。,等級需60以上。；費用 49000；寵物技能店的歐裡薩；芙蕾雅烏克蘭村，雜貨店(71，60)。
強力火焰魔法,寵物,8,160,,,對敵單體及其周圍作火屬性魔法攻擊。,等級需70以上。；費用 64000；寵物技能店的歐裡薩；芙蕾雅烏克蘭村，雜貨店(71，60)。
強力火焰魔法,寵物,9,180,,,對敵單體及其周圍作火屬性魔法攻擊。,等級需80以上。；費用 81000；?；未開放。
強力風刃魔法,寵物,1,20,,,對敵單體及其周圍作風屬性魔法攻擊。,無學習等級限制。；費用 1000；寵物技能店的蒙普；法蘭城旅館(106，38)。
強力風刃魔法,寵物,2,40,,,對敵單體及其周圍作風屬性魔法攻擊。,等級需10以上。；費用 4000；寵物技能店的雅貝芝；芙蕾雅亞留特村，雜貨店(37，44)。
強力風刃魔法,寵物,3,60,,,對敵單體及其周圍作風屬性魔法攻擊。,等級需20以上。；費用 9000；寵物技能店的班；索奇亞加納村，PUB(51，34)。
強力風刃魔法,寵物,4,80,,,對敵單體及其周圍作風屬性魔法攻擊。,等級需30以上。；費用 16000；寵物技能店的佛吉；莎蓮娜傑諾瓦鎮，PUB(48，53)。
強力風刃魔法,寵物,5,100,,,對敵單體及其周圍作風屬性魔法攻擊。,等級需40以上。；費用 25000；寵物技能店的尤哈克；索奇亞哈貝魯村內(20，86)、坎那貝拉村(61，77)卡爾彭酒吧內(16，19)。
強力風刃魔法,寵物,6,120,,,對敵單體及其周圍作風屬性魔法攻擊。,等級需50以上。；費用 36000；寵物技能店的尤哈克；索奇亞哈貝魯村內(20，86)。
強力風刃魔法,寵物,7,140,,,對敵單體及其周圍作風屬性魔法攻擊。,等級需60以上。；費用 49000；寵物技能店的歐裡薩；芙蕾雅烏克蘭村，雜貨店(71，60)。
強力風刃魔法,寵物,8,160,,,對敵單體及其周圍作風屬性魔法攻擊。,等級需70以上。；費用 64000；寵物技能店的歐裡薩；芙蕾雅烏克蘭村，雜貨店(71，60)。
強力風刃魔法,寵物,9,180,,,對敵單體及其周圍作風屬性魔法攻擊。,等級需80以上。；費用 81000；?；未開放。
毒性攻擊,寵物,1,5,,,以30%的機率讓敵單體中毒2次行動。,無學習等級限制。；費用 150；寵物技能店的恰姆；芙蕾雅聖拉魯卡村，賽謝利亞酒吧(39，70)。
毒性攻擊,寵物,2,30,,,以40%的機率讓敵單體中毒2次行動。,等級需20以上。；費用 1350；寵物技能店托彼特；索奇亞飼養師寄宿所(148，199)。
毒性攻擊,寵物,3,50,,,以50%的機率讓敵單體中毒2次行動。,等級需40以上。；費用 3750；寵物技能店的恰姆；莎蓮娜阿巴尼斯村，酒吧(67，64)。
毒性攻擊,寵物,4,70,,,以60%的機率讓敵單體中毒2次行動。,等級需60以上。；費用 7350；寵物技能店史克拉；芙蕾雅烏克蘭村，雜貨店(71，60)。
毒性攻擊,寵物,5,90,,,以70%的機率讓敵單體中毒2次行動。,等級需80以上。；費用 12150；龍的使者；樹海，地圖西南(98，392)。
昏睡攻擊,寵物,1,5,,,以30%的機率讓敵單體昏睡2次行動。,無學習等級限制。；費用 150；寵物技能店的恰姆；芙蕾雅聖拉魯卡村，賽謝利亞酒吧(39，70)。
昏睡攻擊,寵物,2,30,,,以40%的機率讓敵單體昏睡2次行動。,等級需20以上。；費用 1350；寵物技能店托彼特；索奇亞飼養師寄宿所(148，199)。
昏睡攻擊,寵物,3,50,,,以50%的機率讓敵單體昏睡2次行動。,等級需40以上。；費用 3750；寵物技能店的恰姆；莎蓮娜阿巴尼斯村，酒吧(67，64)。
昏睡攻擊,寵物,4,70,,,以60%的機率讓敵單體昏睡2次行動。,等級需60以上。；費用 7350；寵物技能店史克拉；芙蕾雅烏克蘭村，雜貨店(71，60)。
昏睡攻擊,寵物,5,90,,,以70%的機率讓敵單體昏睡2次行動。,等級需80以上。；費用 12150；龍的使者；樹海，地圖西南(98，392)。
石化攻擊,寵物,1,5,,,以30%的機率讓敵單體石化2次行動。,無學習等級限制。；費用 150；寵物技能店的恰姆；芙蕾雅聖拉魯卡村，賽謝利亞酒吧(39，70)。
石化攻擊,寵物,2,30,,,以40%的機率讓敵單體石化2次行動。,等級需20以上。；費用 1350；寵物技能店托彼特；索奇亞飼養師寄宿所(148，199)。
石化攻擊,寵物,3,50,,,以50%的機率讓敵單體石化2次行動。,等級需40以上。；費用 3750；寵物技能店的恰姆；莎蓮娜阿巴尼斯村，酒吧(67，64)。
石化攻擊,寵物,4,70,,,以60%的機率讓敵單體石化2次行動。,等級需60以上。；費用 7350；寵物技能店史克拉；芙蕾雅烏克蘭村，雜貨店(71，60)。
石化攻擊,寵物,5,90,,,以70%的機率讓敵單體石化2次行動。,等級需80以上。；費用 12150；龍的使者；樹海，地圖西南(98，392)。
酒醉攻擊,寵物,1,5,,,以30%的機率讓敵單體酒醉2次行動。,無學習等級限制。；費用 150；寵物技能店的恰姆；芙蕾雅聖拉魯卡村，賽謝利亞酒吧(39，70)。
酒醉攻擊,寵物,2,30,,,以40%的機率讓敵單體酒醉2次行動。,等級需20以上。；費用 1350；寵物技能店托彼特；索奇亞飼養師寄宿所(148，199)。
酒醉攻擊,寵物,3,50,,,以50%的機率讓敵單體酒醉2次行動。,等級需40以上。；費用 3750；寵物技能店的恰姆；莎蓮娜阿巴尼斯村，酒吧(67，64)。
酒醉攻擊,寵物,4,70,,,以60%的機率讓敵單體酒醉2次行動。,等級需60以上。；費用 7350；寵物技能店史克拉；芙蕾雅烏克蘭村，雜貨店(71，60)。
酒醉攻擊,寵物,5,90,,,以70%的機率讓敵單體酒醉2次行動。,等級需80以上。；費用 12150；龍的使者；樹海，地圖西南(98，392)。
混亂攻擊,寵物,1,5,,,以30%的機率讓敵單體混亂2次行動。,無學習等級限制。；費用 150；寵物技能店的恰姆；芙蕾雅聖拉魯卡村，賽謝利亞酒吧(39，70)。
混亂攻擊,寵物,2,30,,,以40%的機率讓敵單體混亂2次行動。,等級需20以上。；費用 1350；寵物技能店托彼特；索奇亞飼養師寄宿所(148，199)。
混亂攻擊,寵物,3,50,,,以50%的機率讓敵單體混亂2次行動。,等級需40以上。；費用 3750；寵物技能店的恰姆；莎蓮娜阿巴尼斯村，酒吧(67，64)。
混亂攻擊,寵物,4,70,,,以60%的機率讓敵單體混亂2次行動。,等級需60以上。；費用 7350；寵物技能店史克拉；芙蕾雅烏克蘭村，雜貨店(71，60)。
混亂攻擊,寵物,5,90,,,以70%的機率讓敵單體混亂2次行動。,等級需80以上。；費用 12150；龍的使者；樹海，地圖西南(98，392)。
遺忘攻擊,寵物,1,5,,,以30%的機率讓敵單體遺忘2次行動。,無學習等級限制。；費用 150；寵物技能店的恰姆；芙蕾雅聖拉魯卡村，賽謝利亞酒吧(39，70)。
遺忘攻擊,寵物,2,30,,,以40%的機率讓敵單體遺忘2次行動。,等級需20以上。；費用 1350；寵物技能店托彼特；索奇亞飼養師寄宿所(148，199)。
遺忘攻擊,寵物,3,50,,,以50%的機率讓敵單體遺忘2次行動。,等級需40以上。；費用 3750；寵物技能店的恰姆；莎蓮娜阿巴尼斯村，酒吧(67，64)。
遺忘攻擊,寵物,4,70,,,以60%的機率讓敵單體遺忘2次行動。,等級需60以上。；費用 7350；寵物技能店史克拉；芙蕾雅烏克蘭村，雜貨店(71，60)。
遺忘攻擊,寵物,5,90,,,以70%的機率讓敵單體遺忘2次行動。,等級需80以上。；費用 12150；龍的使者；樹海，地圖西南(98，392)。
吸血攻擊,寵物,1,20,,,將給予對象損傷的一半，轉換為自己的生命值，最大轉換值40。,無學習等級限制。；費用 250；寵物技能店的恰姆；芙蕾雅聖拉魯卡村，賽謝利亞酒吧(39，70)。
吸血攻擊,寵物,2,50,,,將給予對象損傷的一半，轉換為自己的生命值，最大轉換值100。,等級需20以上。；費用 2250；寵物技能店托彼特；索奇亞飼養師寄宿所(148，199)。
吸血攻擊,寵物,3,80,,,將給予對象損傷的一半，轉換為自己的生命值，最大轉換值160。,等級需40以上。；費用 6250；寵物技能店的恰姆；莎蓮娜阿巴尼斯村，酒吧(67，64)。
吸血攻擊,寵物,4,120,,,將給予對象損傷的一半，轉換為自己的生命值，最大轉換值220。,等級需60以上。；費用 12250；寵物技能店史克拉；芙蕾雅烏克蘭村，雜貨店(71，60)。
吸血攻擊,寵物,5,150,,,將給予對象損傷的一半，轉換為自己的生命值，最大轉換值300。,等級需80以上。；費用 20250；龍的使者；樹海，地圖西南(98，392)。
抗毒性,寵物,1,0,,,降低中毒的機率。,無學習等級限制。；費用 100；寵物技能店的恰姆；芙蕾雅聖拉魯卡村，賽謝利亞酒吧(39，70)。
抗毒性,寵物,2,0,,,降低中毒的機率。,等級需20以上。；費用 900；寵物技能店托彼特；索奇亞飼養師寄宿所(148，199)。
抗毒性,寵物,3,0,,,降低中毒的機率。,等級需40以上。；費用 2500；寵物技能店的恰姆；莎蓮娜阿巴尼斯村，酒吧(67，64)。
抗毒性,寵物,4,0,,,降低中毒的機率。,等級需60以上。；費用 4900；寵物技能店史克拉；芙蕾雅烏克蘭村，雜貨店(71，60)。
抗毒性,寵物,5,0,,,,等級需80以上。；費用 8100；龍的使者；樹海，地圖西南(98，392)。
抗昏睡,寵物,1,0,,,降低昏睡的機率。,無學習等級限制。；費用 100；寵物技能店的恰姆；芙蕾雅聖拉魯卡村，賽謝利亞酒吧(39，70)。
抗昏睡,寵物,2,0,,,降低昏睡的機率。,等級需20以上。；費用 900；寵物技能店托彼特；索奇亞飼養師寄宿所(148，199)。
抗昏睡,寵物,3,0,,,降低昏睡的機率。,等級需40以上。；費用 2500；寵物技能店的恰姆；莎蓮娜阿巴尼斯村，酒吧(67，64)。
抗昏睡,寵物,4,0,,,降低昏睡的機率。,等級需60以上。；費用 4900；寵物技能店史克拉；芙蕾雅烏克蘭村，雜貨店(71，60)。
抗昏睡,寵物,5,0,,,降低昏睡的機率。,等級需80以上。；費用 8100；龍的使者；樹海，地圖西南(98，392)。
抗石化,寵物,1,0,,,降低石化的機率。,無學習等級限制。；費用 100；寵物技能店的恰姆；芙蕾雅聖拉魯卡村，賽謝利亞酒吧(39，70)。
抗石化,寵物,2,0,,,降低石化的機率。,等級需20以上。；費用 900；寵物技能店托彼特；索奇亞飼養師寄宿所(148，199)。
抗石化,寵物,3,0,,,降低石化的機率。,等級需40以上。；費用 2500；寵物技能店的恰姆；莎蓮娜阿巴尼斯村，酒吧(67，64)。
抗石化,寵物,4,0,,,降低石化的機率。,等級需60以上。；費用 4900；寵物技能店史克拉；芙蕾雅烏克蘭村，雜貨店(71，60)。
抗石化,寵物,5,0,,,降低石化的機率。,等級需80以上。；費用 8100；龍的使者；樹海，地圖西南(98，392)。
抗酒醉,寵物,1,0,,,降低酒醉的機率。,無學習等級限制。；費用 100；寵物技能店的恰姆；芙蕾雅聖拉魯卡村，賽謝利亞酒吧(39，70)。
抗酒醉,寵物,2,0,,,降低酒醉的機率。,等級需20以上。；費用 900；寵物技能店托彼特；索奇亞飼養師寄宿所(148，199)。
抗酒醉,寵物,3,0,,,降低酒醉的機率。,等級需40以上。；費用 2500；寵物技能店的恰姆；莎蓮娜阿巴尼斯村，酒吧(67，64)。
抗酒醉,寵物,4,0,,,降低酒醉的機率。,等級需60以上。；費用 4900；寵物技能店史克拉；芙蕾雅烏克蘭村，雜貨店(71，60)。
抗酒醉,寵物,5,0,,,降低酒醉的機率。,等級需80以上。；費用 8100；龍的使者；樹海，地圖西南(98，392)。
抗混亂,寵物,1,0,,,降低混亂的機率。,無學習等級限制。；費用 100；寵物技能店的恰姆；芙蕾雅聖拉魯卡村，賽謝利亞酒吧(39，70)。
抗混亂,寵物,2,0,,,降低混亂的機率。,等級需20以上。；費用 900；寵物技能店托彼特；索奇亞飼養師寄宿所(148，199)。
抗混亂,寵物,3,0,,,降低混亂的機率。,等級需40以上。；費用 2500；寵物技能店的恰姆；莎蓮娜阿巴尼斯村，酒吧(67，64)。
抗混亂,寵物,4,0,,,降低混亂的機率。,等級需60以上。；費用 4900；寵物技能店史克拉；芙蕾雅烏克蘭村，雜貨店(71，60)。
抗混亂,寵物,5,0,,,降低混亂的機率。,等級需80以上。；費用 8100；龍的使者；樹海，地圖西南(98，392)。
抗遺忘,寵物,1,0,,,降低遺忘的機率。,無學習等級限制。；費用 100；寵物技能店的恰姆；芙蕾雅聖拉魯卡村，賽謝利亞酒吧(39，70)。
抗遺忘,寵物,2,0,,,降低遺忘的機率。,等級需20以上。；費用 900；寵物技能店托彼特；索奇亞飼養師寄宿所(148，199)。
抗遺忘,寵物,3,0,,,降低遺忘的機率。,等級需40以上。；費用 2500；寵物技能店的恰姆；莎蓮娜阿巴尼斯村，酒吧(67，64)。
抗遺忘,寵物,4,0,,,降低遺忘的機率。,等級需60以上。；費用 4900；寵物技能店史克拉；芙蕾雅烏克蘭村，雜貨店(71，60)。
抗遺忘,寵物,5,0,,,降低遺忘的機率。,等級需80以上。；費用 8100；龍的使者；樹海，地圖西南(98，392)。
