等級,物品名稱,分類,一般採集地點,建議採集地點,相關資料,販店價,image
體驗,鹿皮,食材類,"芙蕾雅島(654,247)","芙蕾雅島(654,247)",,20個17G,/img/採集/鹿皮.gif
體驗,傳說中的鹿皮,食材類,"芙蕾雅島(649,228)","芙蕾雅島(649,228)",,20個20G,/img/採集/傳說中的鹿皮.gif
1,鹿皮,食材類,"芙蕾雅島亞留特域(629,178)",,,20個17G,/img/採集/鹿皮.gif
1,蕃茄,食材類,芙蕾雅島、德威特島全域,"芙蕾雅島(495,191)、德威特島全域",,20個20G,/img/採集/蕃茄.gif
1,雞蛋,食材類,"芙蕾雅島法蘭城域(551,163)(番茄) / 索奇亞島奇利域(297,361) / 德威特島(384,342)(番茄)","索奇亞島奇利域(297,361)",,20個20G,/img/採集/雞蛋.gif
1,小麥粉,食材類,"芙蕾雅島伊爾域(724,235)(番茄) / 莎蓮娜島魔法大學裡面(24,92) / 米內葛爾島坎那貝拉域(616,378)","米內葛爾島坎那貝拉域(616,378) / ☆法蘭城科特利亞酒吧(219,136)內找恰普(24,9)以20個蕃茄交換1瓶蕃茄醬 / 利用蕃茄醬至亞諾曼城(192,108)食品店內的愛吃蕃茄醬的蕾娜(14,16)換得小麥粉",,20個20G,/img/採集/小麥粉.gif
2,蔥,食材類,"芙蕾雅島伊爾域(659,236)(番茄) / 庫魯克斯島哥拉爾域(333,465) / 布拉基姆高地(55,189) / 布拉基姆高地(68,195)(青椒)","布拉基姆高地(55,189)",,20個25G,/img/採集/蔥.gif
2,牛奶,食材類,"芙蕾雅島伊爾域(684,337)(番茄) / 莎蓮娜島魔法大學家畜小屋(55,140)裡面 / 米內葛爾島坎那貝拉域(635,388)","米內葛爾島坎那貝拉域(635,388)",,20個25G,/img/採集/牛奶.gif
2,青椒,食材類,"芙蕾雅島法蘭城域(592,287)(番茄) / 布拉基姆高地(68,195)(蔥)","芙蕾雅島法蘭城域(592,287)",,20個25G,/img/採集/青椒.gif
2,石鯛魚,食材類,"米內葛爾島坎那貝拉域(674,387)","米內葛爾島坎那貝拉域(674,387)",,20個25G,/img/採集/石鯛魚.gif
2,大豆,食材類,"法蘭城遺跡(111,54)","法蘭城遺跡(111,54)",,20個25G,/img/採集/大豆.gif
3,鹽,食材類,"芙蕾雅島伊爾域(693,341)(番茄) / 芙蕾雅島亞留特域(715,133)(709,178) / 索奇亞島奇利域(231,279)(297,388)(330,390) / 米內葛爾島坎那貝拉域(709,359)","芙蕾雅島亞留特域(715,133)",,20個29G,/img/採集/鹽.gif
3,醬油,食材類,"芙蕾雅島法蘭城域(501,163)(番茄) / 芙蕾雅島亞留特域(624,110) / 德威特島摩頓域(339,565) / 德威特島摩頓域(340,555) / 庫魯克斯島(477,531)(哥拉爾往魯村過橋後旁邊)","德威特島摩頓域(339,565)",,20個29G,/img/採集/醬油.gif
3,白菜,食材類,"梅布爾隘地(195,58)","梅布爾隘地(195,58)",,20個29G,/img/採集/白菜.gif
3,蟬蛻,食材類,"水曜之域(39,76)","水曜之域(39,76)",,20個29G,/img/採集/蟬蛻.gif
4,芹菜,食材類,"芙蕾雅島法蘭城域(498,56)(番茄) / 芙蕾雅島亞留特域(601,47)","芙蕾雅島亞留特域(601,47)",,20個34G,/img/採集/芹菜.gif
4,雞肉,食材類,"芙蕾雅島法蘭城域(436,44)(番茄) / 庫魯克斯島哥拉爾域(266,378) / 梅布爾隘地(197,153)(雞蛋)","庫魯克斯島哥拉爾域(266,378)",,20個34G,/img/採集/雞肉.gif
4,竹筍,食材類,"芙蕾雅島法蘭城域(514,196)(番茄) / 芙蕾雅島亞留特域(533,40) / 芙蕾雅島亞留特域(530,47)(番茄) / 法蘭城遺跡(135,117)","芙蕾雅島亞留特域(533,40)",,20個34G,/img/採集/竹筍.gif
4,海苔,食材類,"芙蕾雅島亞留特域(621,27) / 芙蕾雅島亞留特域(580,19) / 芙蕾雅島亞留特域(576,20)(番茄) / 索奇亞島奇利域(267,367) / 莎蓮娜島阿巴尼斯域(249,131)","芙蕾雅島亞留特域(621,27)",,20個34G,/img/採集/海苔.gif
4,竹莢魚,食材類,"芙蕾雅島伊爾域(608,308)(番茄) / 芙蕾雅島亞留特域(547,14)(644,61)(683,76) / 芙蕾雅島亞留特域(547,14)(番茄)(683,76)(番茄)","芙蕾雅島亞留特域(683,76)",,20個34G,/img/採集/竹莢魚.gif
5,牛肉,食材類,"芙蕾雅島法蘭城域(460,134)(番茄) / 索奇亞島奇利域(215,225)(350,340) / 索奇亞島奇利域(330,390)(鹽) / 索奇亞島奇利域(369,351)(胡椒) / 庫魯克斯島哥拉爾域(372,418) / 庫魯克斯島哥拉爾域(423,455) / 布拉基姆高地(189,130)(霜降牛肉)","索奇亞島奇利域(215,225)(350,340)(359,375)(320,333) / 庫魯克斯島哥拉爾域(372,418)",,20個41G,/img/採集/牛肉.gif
5,星鰻,食材類,"芙蕾雅島維諾亞域(425,466) / 索奇亞奇利域(365,265) / 德威特島尼爾維海域(593,340) / 布拉基姆高地(174,117)","芙蕾雅島維諾亞域(425,466)",,20個41G,/img/採集/星鰻.gif
5,薑,食材類,"芙蕾雅島法蘭城域(489,140)(番茄) / 索奇亞島加納域(415,298)","索奇亞島加納域(415,298)",,20個41G,/img/採集/薑.gif
5,胡椒,食材類,"芙蕾雅島法蘭城域(501,229)(番茄) / 索奇亞島奇利域(369,351)(牛肉) / 德威特島亞諾曼城域(290,315)(蕃茄) / 庫魯克斯島米諾基亞域(549,857) / 布拉基姆高地(150,267)","庫魯克斯島米諾基亞域(549,857) / 布拉基姆高地(150,267)",,20個41G,/img/採集/胡椒.gif
5,馬鈴薯,食材類,"莎蓮娜島傑諾瓦域(190,469) / 莎蓮娜島蒂娜域(391,404) / 布拉基姆高地(224,327)","莎蓮娜島傑諾瓦域(190,469) / 布拉基姆高地(224,327)",,20個41G,/img/採集/馬鈴薯.gif
5,豬肉,食材類,"芙蕾雅島炎洞前的平原(300,440)","芙蕾雅島炎洞前的平原(300,440)",,20個41G,/img/採集/豬肉.gif
5,鮭魚,食材類,"梅布爾隘地(202,161)","梅布爾隘地(202,161)",,20個41G,/img/採集/鮭魚.gif
6,砂糖,食材類,"莎蓮娜島魔法大學裡面(85,46)",維諾亞村村長家購買(4G/個) / 艾夏島中村蔬果店購買(8G/個),,無法販售,/img/採集/砂糖.gif
6,米,食材類,"芙蕾雅島伊爾域(676,288)(番茄) / 德威特島尼爾維海域(576,472) / 索奇亞島加納域(626,304) / 莎蓮娜島傑諾瓦域(286,512) / 庫魯克斯島哥拉爾域(263,348)","索奇亞加納域(626,304)",,20個51G,/img/採集/米.gif
7,高級奶油,食材類,"莎蓮娜島傑諾瓦域(154,349) / 莎蓮娜島蒂娜域(380,345)","莎蓮娜島傑諾瓦域(154,349)",,20個69G,/img/採集/高級奶油.gif
7,辣椒,食材類,"莎蓮娜島傑諾瓦域(309,446) / 莎蓮娜島蒂娜域(384,360) / 庫魯克斯島哥拉爾域(321,367) / 布拉基姆高地(276,301)","布拉基姆高地(276,301)",,20個69G,/img/採集/辣椒.gif
7,咖哩塊,食材類,"莎蓮娜島傑諾瓦域(266,430) / 莎蓮娜島蒂娜域(461,298) / 布拉基姆高地(131,224)","布拉基姆高地(131,224)",,20個69G,/img/採集/咖哩塊.gif
8,螃蟹,食材類,"莎蓮娜島傑諾瓦域(140,436) / 莎蓮娜島蒂娜域(558,346) / 莎蓮娜島傑諾瓦域(318,503)(133,432)(213,360) / 莎蓮娜島蒂娜域(555,352) / 米內葛爾島坎那貝拉域(566,348) / 庫魯克斯島(490,522)(哥拉爾往魯村方向過橋後旁邊)","莎蓮娜島傑諾瓦域(318,503)",,20個103G,/img/採集/螃蟹.gif
8,霜降牛肉,食材類,"莎蓮娜島蒂娜域(571,274) / 庫魯克斯島哥拉爾域(408,442) / 布拉基姆高地(189,130)(牛肉)","庫魯克斯島哥拉爾域(408,442)",,20個103G,/img/採集/霜降牛肉.gif
8,溼地毒蛇,食材類,"地底湖地下2F的小島(37,49)(腐爛的樹枝)","地底湖地下2F的小島(37,49)(腐爛的樹枝)",,20個103G,/img/採集/溼地毒蛇.gif
9,伊勢蝦,食材類,"莎蓮娜島魔法大學域(98,109) / 庫魯克斯哥拉爾域(147,402)","庫魯克斯哥拉爾域(147,402)",,20個208G,/img/採集/伊勢蝦.gif
9,海膽,食材類,"莎蓮娜島魔法大學域(125,108) / 庫魯克斯哥拉爾域(163,412)","庫魯克斯哥拉爾域(163,412)",,20個208G,/img/採集/海膽.gif
10,魚翅,食材類,"莎蓮娜島魔法大學域(51,178) / 庫魯克斯哥拉爾域(389,535)","庫魯克斯哥拉爾域(389,535)",,20個420G,/img/採集/魚翅.gif
10,甲魚,食材類,"莎蓮娜島魔法大學域(71,139) / 庫魯克斯哥拉爾域(298,291)","庫魯克斯哥拉爾域(298,291)",,20個420G,/img/採集/甲魚.gif
1,高級番茄,特殊類,"法蘭城貝蒂的家(231,102)裡的田",,相關任務： 藥劑師就職,1G,/img/採集/高級番茄.gif
1,蝙蝠,特殊類,"法蘭城畢夫魯的家(206,37)裡的廚房",,作用不明,7G,/img/採集/蝙蝠.gif
2,惡玉A菌,特殊類,鯰魚大王的胃袋 / 鯰魚大王的大腸,,相關任務： 鯰魚洞窟,0G,/img/採集/惡玉A菌.gif
2,惡玉B菌,特殊類,鯰魚大王的胃袋 / 鯰魚大王的大腸,,相關任務： 鯰魚洞窟,0G,/img/採集/惡玉B菌.gif
2,惡玉C菌,特殊類,鯰魚大王的胃袋 / 鯰魚大王的大腸,,相關任務： 鯰魚洞窟,0G,/img/採集/惡玉C菌.gif
2,惡玉菌首領A,特殊類,鯰魚大王的胃袋 / 鯰魚大王的大腸,,相關任務： 鯰魚洞窟,0G,/img/採集/惡玉菌首領A.gif
2,惡玉菌首領B,特殊類,鯰魚大王的胃袋 / 鯰魚大王的大腸,,相關任務： 鯰魚洞窟,0G,/img/採集/惡玉菌首領B.gif
2,惡玉菌首領C,特殊類,鯰魚大王的胃袋 / 鯰魚大王的大腸,,相關任務： 鯰魚洞窟,0G,/img/採集/惡玉菌首領C.gif
2,惡玉菌首領D,特殊類,鯰魚大王的胃袋 / 鯰魚大王的大腸,,相關任務： 鯰魚洞窟,0G,/img/採集/惡玉菌首領D.gif
2,桃連蛇,特殊類,"世外桃源2(27,30)",,相關任務： 仙人就職,0G,/img/採集/桃連蛇.gif
2,桃茂,特殊類,"世外桃源3(27,30)",,相關任務： 仙人就職,0G,/img/採集/桃茂.gif
2,桃冠,特殊類,"世外桃源4(27,30)",,相關任務： 仙人就職,0G,/img/採集/桃冠.gif
3,腐爛的皮,特殊類,"芙蕾雅(621,33)",,相關任務： 海賊的洞窟,0G,/img/採集/腐爛的皮.gif
3,亞留特獅子的皮,特殊類,"芙蕾雅(621,33)",,相關任務： 海賊的洞窟,0G,/img/採集/亞留特獅子的皮.gif
3,海賊的寶箱,特殊類,海賊的島嶼全域,,相關任務： 海賊的洞窟,無法販售,/img/採集/海賊的寶箱.gif
4,海賊的寶箱,特殊類,海賊的島嶼全域,,相關任務： 海賊的洞窟,無法販售,/img/採集/海賊的寶箱.gif
4,狐皮,特殊類,索奇亞島 風之洞窟山頂(miss率極高),,相關任務： 風之洞窟,無法販售,/img/採集/狐皮.gif
4,摩斯蜥蝪,特殊類,"索奇亞(528,326)",,相關任務： 魔族改造計劃,0G,/img/採集/摩斯蜥蝪.gif
4,井底蛙,特殊類,"角笛大風穴(135,5)",,相關任務： 魔族改造計劃,無法販售,/img/採集/井底蛙.gif
4,惡魔魚,特殊類,"索奇亞(282,404)(腐爛的樹枝)",,相關任務： 魔族改造計劃,42G,/img/採集/惡魔魚.gif
5,戀愛蘋果,特殊類,"莎蓮娜傑諾瓦(267,558)附近",,相關任務： 月亮俱樂部,20個41G,/img/採集/戀愛蘋果.gif
5,海賊的寶箱,特殊類,海賊的島嶼全域,,相關任務： 海賊的洞窟,0G,/img/採集/海賊的寶箱.gif
5,花蜜結晶,特殊類,"德威特島美洛平原(492,426)",,相關任務： 穿越時空,42G,/img/採集/花蜜結晶.gif
5,芝麻娃娃,特殊類,"梅布爾隘地(198,128)",,相關任務： 家族設立,140G,/img/採集/芝麻娃娃.gif
6,鋼騎之礦,特殊類,海賊的島嶼全域,,相關任務： 海賊的洞窟,5個1400G,/img/採集/鋼騎之礦.gif
8,阿巴尼斯哈密瓜,特殊類,"魔法大學2樓(14,37)出去右側(87,78)",,相關任務： 生產系階級提昇Ⅲ,20個103G,/img/採集/阿巴尼斯哈密瓜.gif
8,濕地毒蛇,特殊類,"地底湖地下2F的小島與(38.54)對話傳送過去(37,49)",,相關任務： 生產系階級提昇Ⅲ,42G,/img/採集/濕地毒蛇.gif
10,生物？,特殊類,芙蕾雅、德威特島全域，隨機取得,,鑑定後為土龍,210G,/img/採集/生物？.gif
