等級,武器,屬性,合成材料
10,月之祝福長劍,攻擊+(121~293)，魔力+(10~200)，必殺+(1~5)，命中+(1~5)，反擊+(1~5)，閃避(-5~1)，連擊耗魔減少10%,月之祝福長劍的配方*1、卡茲利姆的鱗片*1、星月石*10、森之露華*10、月影之葉*30
10,月之祝福巨斧,攻擊+(214~373)，敏捷(-104~47)，防禦(-133~57)，魔力+(10~200)，必殺+(10~20)，命中(-20~10)，乾坤一擲耗魔減少10%,月之祝福巨斧的配方*1、卡茲利姆的鱗片*1、星月石*10、森之露華*10、月影之葉*30
10,月之祝福長槍,攻擊+(135~288)，魔力+(10~200)，反擊+(1~10)，回復+(1~10)，必殺(-10~1)，命中+(1~10)，嘲諷耗魔減少10%,月之祝福長槍的配方*1、卡茲利姆的鱗片*1、星月石*10、森之露華*10、月影之葉*30
10,月之祝福法杖,攻擊+(5~208)，精神+(25~75)，魔攻+(101~360)，魔力+(10~300)，回復(-25~10)，閃避(-10~+5)，混亂衝擊波耗魔減少10%,月之祝福法杖的配方*1、卡茲利姆的鱗片*1、星月石*10、森之露華*10、月影之葉*30
10,月之祝福長弓,攻擊+(120~323)，敏捷+(1~35)，魔力+(10~200)，必殺+(1~10)，命中+(1~10)，閃避+(1~5)，亂射耗魔減少10%,月之祝福長弓的配方*1、卡茲利姆的鱗片*1、星月石*10、森之露華*10、月影之葉*30
10,月之祝福小刀,攻擊+(108~307)，敏捷+(1~33)，魔力+(10~200)，命中(-10~+5)，必殺+(1~10)，飛刃亂舞耗魔減少10%,月之祝福小刀的配方*1、卡茲利姆的鱗片*1、星月石*10、森之露華*10、月影之葉*30
10,月之祝福迴力標,攻擊+(118~289)，敏捷+(1~31)，魔力+(10~200)，必殺(-10~+5)，命中+(1~10)，因果報應耗魔減少10%,月之祝福迴力標的配方*1、卡茲利姆的鱗片*1、星月石*10、森之露華*10、月影之葉*30
10,月之祝福太刀,攻擊+(115~315)，魔力+(10~200)，必殺+(1~15)，命中(-15~1)，閃避(-5~+5)，燕斬耗魔減少10%,月之祝福太刀的配方*1、卡茲利姆的鱗片*1、星月石*10、森之露華*10、月影之葉*30
10,月之祝福披風,防禦+(10~85)，魔防+(1~15)，攻擊+(10~105)，敏捷+(1~57)，魔力+(10~200)，必殺(-15~+1)，命中+(1~5)，反擊+(1~5),月之祝福披風的配方*1、卡茲利姆的鱗片*1、星月石*10、森之露華*10、月影之葉*30
